# .PCD v0.7 - Point Cloud Data file format
VERSION 0.7
FIELDS x y z intensity
SIZE 4 4 4 4
TYPE F F F F
COUNT 1 1 1 1
WIDTH 10891
HEIGHT 1
VIEWPOINT 0 0 0 1 0 0 0
POINTS 10891
DATA ascii
-1.1565971 -5.1183095 -0.10000218 0
-1.0668894 -5.1377549 -0.10000204 0
-0.97685522 -5.1556277 -0.10000186 0
-0.88652229 -5.1719232 -0.10000171 0
-0.75049436 -5.1931992 -0.10000147 0
-1.5116173 -5.0249329 -0.10000281 0
-1.4234884 -5.0506024 -0.10000266 0
-1.334924 -5.0747266 -0.10000251 0
-1.2459512 -5.0972981 -0.10000236 0
-1.5992838 -4.9977255 -0.10000299 0
-0.44956303 -3.1108432 -0.10000095 0
-0.90549105 -3.010042 -0.10000177 0
-0.85270011 -3.0254195 -0.10000168 0
-0.77300012 -3.0466318 -0.10000153 0
-0.66595864 -3.071804 -0.10000134 0
-0.55810231 -3.0932164 -0.10000116 0
-1.139347 -2.9294076 -0.10000217 0
-1.0361814 -2.9674664 -0.10000199 0
-0.95800495 -2.9937434 -0.10000186 0
-1.4155431 -2.8065228 -0.10000266 0
-1.3413703 -2.8425856 -0.10000253 0
-1.2411182 -2.887764 -0.10000235 0
-1.6082994 -2.7006905 -0.10000302 0
-1.5368295 -2.7418511 -0.10000288 0
-1.4644191 -2.7813334 -0.10000275 0
-1.7247676 -2.6276972 -0.10000321 0
-1.6552948 -2.6721456 -0.10000311 0
4.6933823 -2.6626568 -0.10779567 0
-1.8602307 -2.5336092 -0.10000347 0
-1.7931849 -2.5816407 -0.10000335 0
4.7392383 -2.5801516 -0.10779558 0
-2.0118489 -2.415134 -0.10000373 0
-1.9477162 -2.4669914 -0.10000362 0
4.7836442 -2.4968565 -0.10779552 0
4.8265867 -2.4127977 -0.10779543 0
-2.1357667 -2.3062794 -0.10000394 0
-2.0744426 -2.3614292 -0.10000385 0
4.868052 -2.3280005 -0.10779537 0
-2.2151322 -2.2301624 -0.10000409 0
-2.1757824 -2.268568 -0.10000403 0
-0.41694683 -2.2005541 -0.1000009 0
-0.35905451 -2.2106504 -0.1000008 0
4.9080276 -2.2424912 -0.10779528 0
-2.3290675 -2.1108987 -0.1000043 0
-2.2727952 -2.171195 -0.10000421 0
-0.73831725 -2.1144285 -0.10000147 0
-0.64512992 -2.1445467 -0.10000131 0
-0.55079114 -2.1708379 -0.10000114 0
-0.47452027 -2.1887743 -0.10000101 0
4.9465013 -2.1562955 -0.10779522 0
-2.4014804 -2.0281396 -0.10000442 0
-2.3656359 -2.0698359 -0.10000436 0
-0.93796319 -2.0335975 -0.10000183 0
-0.84821379 -2.0727904 -0.10000168 0
-0.79356909 -2.0944104 -0.10000156 0
4.9834619 -2.0694404 -0.10779516 0
-2.4537721 -1.9643605 -0.10000452 0
-1.1458541 -1.9241427 -0.10000221 0
-1.043345 -1.9815983 -0.10000201 0
5.0188971 -1.9819518 -0.1077951 0
-2.5371449 -1.8550895 -0.10000467 0
-1.3096899 -1.81688 -0.10000248 0
-1.2452084 -1.8613892 -0.10000237 0
5.0689735 -1.8495197 -0.10779501 0
-1.4183528 -1.7332742 -0.10000269 0
-1.3568562 -1.7818252 -0.10000257 0
-0.33812556 -1.7029798 -0.10000077 0
-0.24829209 -1.7181078 -0.1000006 0
-0.17297432 -1.7276497 -0.10000049 0
5.1159477 -1.7159559 -0.10779493 0
-1.5360651 -1.6298697 -0.1000029 0
-1.4781135 -1.6826017 -0.1000028 0
-0.64344031 -1.6124768 -0.10000131 0
-0.5435226 -1.6486776 -0.10000113 0
-0.44166502 -1.6789941 -0.10000096 0
-0.38270423 -1.6935877 -0.10000084 0
5.1451797 -1.6262041 -0.10779487 0
-1.6328115 -1.5327314 -0.10000306 0
-1.5783594 -1.5890689 -0.10000296 0
-0.83558011 -1.5218115 -0.10000166 0
-0.75460273 -1.5635458 -0.10000151 0
-0.69952089 -1.5891459 -0.10000141 0
5.1728377 -1.5359548 -0.10779484 0
-1.7236468 -1.4300439 -0.10000323 0
-1.685598 -1.4748303 -0.10000317 0
-1.0153106 -1.4084995 -0.10000198 0
-0.9525795 -1.4512625 -0.10000186 0
-0.88839108 -1.4918052 -0.10000174 0
-0.15322024 -1.4061631 -0.10000044 0
-0.054533292 -1.4134337 -0.10000026 0
0.044420429 -1.4137868 -0.10000008 0
5.1989126 -1.4452356 -0.10779478 0
-1.8079879 -1.3219503 -0.10000338 0
-1.772614 -1.368878 -0.10000332 0
-1.122885 -1.3242466 -0.10000217 0
-1.063849 -1.3719835 -0.10000205 0
-0.52428585 -1.3138731 -0.1000011 0
-0.44287133 -1.3433703 -0.10000096 0
-0.34786558 -1.3710456 -0.10000078 0
-0.25115743 -1.3920107 -0.10000062 0
5.2233963 -1.3540741 -0.10779475 0
-1.8529335 -1.257772 -0.10000346 0
-1.2234659 -1.2317673 -0.10000235 0
-1.168519 -1.2841593 -0.10000224 0
-0.72380179 -1.2154235 -0.10000145 0
-0.6480189 -1.2573208 -0.10000132 0
-0.58126259 -1.2897785 -0.1000012 0
5.2462821 -1.2624984 -0.10779469 0
-1.9265451 -1.1421125 -0.1000036 0
-1.8959891 -1.1923106 -0.10000353 0
-1.3166249 -1.1318156 -0.10000251 0
-1.2762291 -1.1771768 -0.10000244 0
-0.84698117 -1.1326751 -0.10000168 0
-0.77629626 -1.1826935 -0.10000154 0
-0.42200646 -1.1137716 -0.10000092 0
-0.34303421 -1.1403176 -0.10000078 0
-0.24211177 -1.165923 -0.1000006 0
-0.14969398 -1.1814865 -0.10000044 0
-0.056314904 -1.1894619 -0.10000028 0
0.047804244 -1.1898336 -0.10000008 0
5.2675629 -1.1705364 -0.10779466 0
-1.9745096 -1.0567275 -0.10000368 0
-1.4104609 -1.0124776 -0.10000268 0
-1.3647609 -1.0731043 -0.10000261 0
-0.95173973 -1.0459269 -0.10000186 0
-0.62721419 -1.0125132 -0.1000013 0
-0.55477601 -1.0536717 -0.10000116 0
-0.47984853 -1.0901023 -0.10000101 0
-0.217443 -1.0029786 -0.10000059 0
-0.14672764 -1.0153118 -0.10000046 0
-0.048521593 -1.0248547 -0.10000028 0
0.050146688 -1.0246316 -0.10000011 0
5.2872314 -1.0782162 -0.10779463 0
-2.0272224 -0.95170003 -0.10000376 0
-1.4532843 -0.94978589 -0.10000274 0
-1.047961 -0.9497962 -0.10000204 0
-0.74603999 -0.92813158 -0.1000015 0
-0.67946237 -0.97821903 -0.10000137 0
-0.44595295 -0.92401981 -0.10000099 0
-0.35507604 -0.96245068 -0.10000083 0
-0.26971373 -0.9900406 -0.10000068 0
5.3052821 -0.98556608 -0.1077946 0
-2.0743535 -0.84405214 -0.10000386 0
-1.516133 -0.84585553 -0.10000286 0
-1.4857694 -0.89846212 -0.10000281 0
-1.134486 -0.84483045 -0.1000022 0
-1.0966758 -0.89379162 -0.10000212 0
-0.83917123 -0.8448652 -0.10000167 0
-0.79394126 -0.88799226 -0.10000159 0
-0.61455613 -0.82185119 -0.1000013 0
-0.54783595 -0.86733419 -0.10000118 0
-0.49395975 -0.89963084 -0.10000108 0
5.3217096 -0.89261442 -0.10779457 0
-2.1094062 -0.75260532 -0.10000393 0
-1.5649087 -0.75143558 -0.10000296 0
-1.2169387 -0.72143698 -0.10000235 0
-1.1841592 -0.77390057 -0.10000227 0
-0.93608475 -0.73603857 -0.10000183 0
-0.88953245 -0.79214787 -0.10000175 0
-0.72946239 -0.72167641 -0.1000015 0
-0.67037553 -0.7767151 -0.10000139 0
5.343092 -0.75265503 -0.10779452 0
-2.1401563 -0.65962338 -0.10000398 0
-1.6138635 -0.6402843 -0.10000303 0
-1.5965699 -0.68243212 -0.10000302 0
-1.2584647 -0.64545119 -0.10000241 0
-1.0138228 -0.62524527 -0.10000198 0
-0.98545569 -0.66892767 -0.10000193 0
-0.81767774 -0.62010044 -0.10000166 0
-0.77813369 -0.66891026 -0.10000159 0
5.3612037 -0.61223501 -0.10779451 0
-2.1718109 -0.54645348 -0.10000404 0
-1.6449764 -0.55466282 -0.10000309 0
-1.3103043 -0.53316134 -0.1000025 0
-1.2909846 -0.57872701 -0.10000248 0
-1.054626 -0.55260837 -0.10000205 0
-0.86827749 -0.54602438 -0.10000174 0
5.3710928 -0.51836234 -0.10779448 0
-2.1937647 -0.45101112 -0.10000408 0
-1.6759825 -0.45301223 -0.10000316 0
-1.3403527 -0.45194796 -0.10000256 0
-1.1108974 -0.42953023 -0.10000215 0
-1.0911262 -0.47771689 -0.10000211 0
-0.92477608 -0.44405761 -0.10000184 0
5.3793378 -0.42433113 -0.10779448 0
-2.2112441 -0.35464892 -0.10000411 0
-1.7065253 -0.31983495 -0.10000321 0
-1.6942933 -0.37933165 -0.1000032 0
-1.3686709 -0.35713124 -0.10000262 0
-1.1379777 -0.35073921 -0.10000219 0
-0.96620917 -0.34472933 -0.10000193 0
5.3859372 -0.33017004 -0.10779445 0
-2.2247767 -0.25765365 -0.10000414 0
-1.7187668 -0.24490659 -0.10000322 0
-1.3902907 -0.26056665 -0.10000265 0
-1.1642662 -0.24999194 -0.10000224 0
-1.0034516 -0.21546172 -0.10000198 0
-0.99288243 -0.2590757 -0.10000196 0
5.3908882 -0.23590793 -0.10779445 0
-2.2337716 -0.16013287 -0.10000416 0
-1.7292475 -0.15441148 -0.10000326 0
-1.4063145 -0.15041366 -0.10000267 0
-1.1816534 -0.14733334 -0.10000227 0
-1.0143023 -0.15359087 -0.100002 0
5.3941898 -0.14157364 -0.10779445 0
-2.2390964 -0.042739887 -0.10000416 0
-1.7353004 -0.048309717 -0.10000326 0
-1.41395 -0.039363515 -0.10000269 0
-1.1900065 -0.043548349 -0.1000023 0
-1.0248116 -0.046481665 -0.10000201 0
5.3958411 -0.047196023 -0.10779445 0
-2.2390964 0.042739887 -0.10000416 0
-1.7353005 0.048309717 -0.10000326 0
-1.41395 0.039363515 -0.10000269 0
-1.1900065 0.043548349 -0.1000023 0
-1.0248116 0.046481669 -0.100002 0
5.3958411 0.047196023 -0.10779445 0
-2.2337716 0.16013288 -0.10000416 0
-1.7292475 0.15441148 -0.10000326 0
-1.4063145 0.15041368 -0.10000269 0
-1.1816534 0.14733335 -0.10000229 0
-1.0143021 0.15359087 -0.10000199 0
5.3941898 0.14157364 -0.10779445 0
-3.1330833 0.25216442 -0.10000576 0
-2.2247767 0.25765365 -0.10000414 0
-1.7187668 0.24490659 -0.10000324 0
-1.3902907 0.26056665 -0.10000266 0
-1.1642662 0.24999194 -0.10000225 0
-1.0034515 0.21546172 -0.10000198 0
-0.99288243 0.25907567 -0.10000195 0
5.3908882 0.23590793 -0.10779445 0
-3.1223454 0.36160201 -0.10000573 0
-2.2112443 0.35464892 -0.10000411 0
-1.7065253 0.31983495 -0.10000321 0
-1.6942934 0.37933165 -0.1000032 0
-1.3686709 0.35713124 -0.10000262 0
-1.1379777 0.35073918 -0.10000221 0
-0.96620911 0.3447293 -0.10000189 0
5.3859372 0.33017004 -0.10779445 0
-3.1077859 0.47059697 -0.1000057 0
-2.1937647 0.45101115 -0.10000409 0
-1.6759825 0.45301226 -0.10000316 0
-1.3403527 0.45194799 -0.10000257 0
-1.1108974 0.42953026 -0.10000217 0
-1.0911262 0.47771692 -0.10000212 0
-0.92477608 0.44405761 -0.10000183 0
5.3793378 0.42433113 -0.10779448 0
-3.0944874 0.55199361 -0.10000567 0
-2.1718109 0.54645348 -0.10000404 0
-1.6449765 0.55466282 -0.10000311 0
-1.3103043 0.53316134 -0.10000253 0
-1.2909846 0.57872707 -0.10000248 0
-1.054626 0.55260843 -0.10000206 0
-0.86827725 0.54602438 -0.10000173 0
5.3710928 0.5183624 -0.10779448 0
-3.0788217 0.63296795 -0.10000566 0
-2.1401565 0.65962344 -0.100004 0
-1.6138635 0.6402843 -0.10000306 0
-1.59657 0.68243212 -0.10000302 0
-1.2584648 0.64545125 -0.10000243 0
-1.0138229 0.62524527 -0.10000199 0
-0.98545575 0.66892767 -0.10000193 0
-0.81767774 0.62010044 -0.10000163 0
-0.77813363 0.66891015 -0.10000156 0
5.3612041 0.61223507 -0.10779451 0
-3.0547967 0.74027443 -0.10000563 0
-2.1094062 0.75260532 -0.10000393 0
-1.5649089 0.75143564 -0.10000297 0
-1.2169387 0.72143698 -0.10000235 0
-1.1841593 0.77390069 -0.10000229 0
-0.93608475 0.73603857 -0.10000185 0
-0.88953251 0.79214787 -0.10000177 0
-0.72946239 0.72167635 -0.10000148 0
-0.67037547 0.7767151 -0.10000137 0
5.343092 0.75265503 -0.10779455 0
-3.0270326 0.8466748 -0.10000557 0
-2.0743539 0.84405214 -0.10000388 0
-1.5161332 0.84585553 -0.10000288 0
-1.4857694 0.89846218 -0.10000284 0
-1.134486 0.84483051 -0.1000022 0
-1.0966759 0.89379168 -0.10000212 0
-0.83917129 0.8448652 -0.10000168 0
-0.79394126 0.88799232 -0.10000159 0
-0.61455607 0.82185107 -0.10000125 0
-0.54783589 0.86733419 -0.10000116 0
-0.49395972 0.89963073 -0.10000105 0
5.3217096 0.89261448 -0.10779457 0
-3.0038912 0.92583752 -0.10000552 0
-2.9872365 0.97824025 -0.10000549 0
-2.0272226 0.95170015 -0.1000038 0
-1.4532844 0.94978589 -0.10000279 0
-1.047961 0.94979632 -0.10000207 0
-0.74603999 0.9281317 -0.10000153 0
-0.67946237 0.97821903 -0.10000142 0
-0.44595289 0.92401981 -0.10000096 0
-0.35507604 0.9624505 -0.1000008 0
-0.2697137 0.99004054 -0.10000065 0
5.3052826 0.98556614 -0.1077946 0
-2.9604287 1.0562377 -0.10000545 0
-1.9745097 1.0567275 -0.1000037 0
-1.4104611 1.0124776 -0.10000271 0
-1.364761 1.0731043 -0.10000262 0
-0.95173979 1.0459269 -0.10000188 0
-0.62721425 1.0125133 -0.1000013 0
-0.55477601 1.0536717 -0.10000117 0
-0.47984859 1.0901024 -0.10000106 0
-0.21744297 1.0029784 -0.10000056 0
-0.14672764 1.0153118 -0.10000043 0
-0.048521586 1.0248544 -0.10000025 0
0.03222423 1.0256134 -0.10000007 0
5.2872314 1.0782162 -0.10779466 0
-2.9216704 1.1591437 -0.10000539 0
-1.9265454 1.1421125 -0.10000362 0
-1.8959892 1.1923107 -0.10000356 0
-1.3166249 1.1318157 -0.10000253 0
-1.2762291 1.1771768 -0.10000247 0
-0.84698123 1.1326752 -0.10000169 0
-0.77629626 1.1826935 -0.10000157 0
-0.42200649 1.1137717 -0.10000094 0
-0.34303421 1.1403176 -0.1000008 0
-0.2421118 1.1659232 -0.10000062 0
-0.14969398 1.1814865 -0.10000046 0
-0.056314908 1.1894621 -0.10000028 0
0.03739994 1.1903428 -0.10000007 0
-2.8793359 1.2606308 -0.10000531 0
-1.8529335 1.257772 -0.10000348 0
-1.2234659 1.2317673 -0.10000237 0
-1.168519 1.2841594 -0.10000227 0
-0.72380185 1.2154236 -0.10000148 0
-0.64801896 1.2573209 -0.10000135 0
-0.58126271 1.2897785 -0.10000123 0
-2.8334775 1.3605752 -0.10000522 0
-1.8079882 1.3219504 -0.10000341 0
-1.7726141 1.3688781 -0.10000335 0
-1.1228851 1.3242466 -0.10000218 0
-1.063849 1.3719836 -0.10000209 0
-0.52428597 1.3138732 -0.10000112 0
-0.44287136 1.3433703 -0.10000098 0
-0.34786558 1.3710456 -0.10000081 0
-0.25115746 1.3920107 -0.10000063 0
-2.7841513 1.4588542 -0.10000513 0
-1.7236469 1.4300442 -0.10000326 0
-1.6855983 1.4748304 -0.1000032 0
-1.0153106 1.4084996 -0.10000201 0
-0.95257968 1.4512627 -0.10000189 0
-0.88839114 1.4918053 -0.10000177 0
-0.15322027 1.4061632 -0.10000047 0
-0.054533284 1.4134336 -0.10000023 0
0.032056037 1.4142474 -0.10000008 0
-2.7314174 1.5553474 -0.10000505 0
-1.6328115 1.5327314 -0.1000031 0
-1.5783595 1.589069 -0.10000299 0
-0.83558017 1.5218116 -0.10000167 0
-0.75460285 1.5635462 -0.10000154 0
-0.69952095 1.589146 -0.10000144 0
-2.6753407 1.6499372 -0.10000496 0
-1.5360653 1.6298699 -0.10000293 0
-1.4781137 1.6826018 -0.10000283 0
-0.64344031 1.6124769 -0.10000134 0
-0.54352266 1.6486778 -0.10000116 0
-0.44166508 1.6789942 -0.10000098 0
-0.38270426 1.6935878 -0.10000087 0
-2.6159892 1.7425075 -0.10000484 0
-1.4183531 1.7332743 -0.10000272 0
-1.3568565 1.7818254 -0.1000026 0
-0.33812562 1.70298 -0.1000008 0
-0.2482921 1.7181079 -0.10000063 0
-0.14271297 1.730234 -0.1000004 0
-0.051756993 1.7353369 -0.10000023 0
0.039341379 1.7356619 -0.10000006 0
-2.5371451 1.8550897 -0.10000471 0
-1.3096901 1.8168802 -0.10000251 0
-1.2452085 1.8613893 -0.10000243 0
5.0527973 1.8938571 -0.10779507 0
-2.4537725 1.9643607 -0.10000457 0
-1.1458544 1.9241428 -0.10000225 0
-1.0433451 1.9815984 -0.10000207 0
5.0188975 1.9819521 -0.10779513 0
-2.4014807 2.0281398 -0.10000448 0
-2.3656361 2.0698361 -0.10000439 0
-0.93796331 2.0335977 -0.10000185 0
-0.84821391 2.0727906 -0.10000171 0
-0.79356915 2.0944109 -0.10000162 0
-2.3290679 2.110899 -0.10000433 0
-2.2727957 2.1711953 -0.10000424 0
-0.73831737 2.1144285 -0.10000151 0
-0.64512998 2.1445472 -0.10000136 0
-0.55079126 2.1708379 -0.10000117 0
-0.47452033 2.1887746 -0.10000105 0
-2.2151325 2.2301626 -0.10000415 0
-2.1757827 2.2685683 -0.10000406 0
-0.41694689 2.2005544 -0.10000093 0
-0.33968386 2.2135651 -0.10000078 0
-0.24260029 2.2264392 -0.10000058 0
-0.14502206 2.2347729 -0.1000004 0
-0.047185123 2.2391176 -0.10000022 0
0.031165689 2.2393966 -0.10000008 0
-2.1357672 2.3062797 -0.100004 0
-2.0744429 2.3614297 -0.10000388 0
-2.0118492 2.4151344 -0.10000376 0
-1.9477166 2.4669914 -0.10000366 0
-1.8602309 2.5336096 -0.10000351 0
-1.7931852 2.581641 -0.10000338 0
-1.7247679 2.6276977 -0.10000327 0
-1.655295 2.6721461 -0.10000314 0
-1.6082997 2.700691 -0.10000308 0
-1.5368297 2.7418516 -0.10000294 0
-1.4644194 2.7813339 -0.10000281 0
-1.4155433 2.8065233 -0.10000272 0
-1.3413707 2.842586 -0.10000259 0
-1.2411184 2.8877645 -0.10000241 0
-1.1393472 2.9294081 -0.10000223 0
-1.0361817 2.9674668 -0.10000205 0
-0.95800513 2.9937441 -0.10000192 0
-0.90549123 3.0100427 -0.10000183 0
-0.85270029 3.02542 -0.10000174 0
-0.77300024 3.0466323 -0.10000157 0
-0.66595876 3.0718045 -0.10000139 0
-0.55810237 3.0932169 -0.10000116 0
-0.44956303 3.1108432 -0.10000095 0
-0.34047371 3.1246624 -0.10000075 0
-0.23096782 3.1346576 -0.10000056 0
-0.14865132 3.1397567 -0.10000043 0
-0.066221215 3.1424541 -0.10000026 0
0.04373898 3.1428454 -0.10000007 0
4.2761021 3.2913058 -0.10779648 0
4.3330183 3.2160027 -0.10779636 0
-4.0090332 3.385778 -0.10000734 0
4.2178774 3.3656015 -0.10779656 0
-3.9491937 3.4553852 -0.10000722 0
4.1583624 3.4388676 -0.10779668 0
-3.8570271 3.5576706 -0.10000707 0
4.0665531 3.5466514 -0.10779683 0
-3.7625 3.6577787 -0.10000689 0
3.9722562 3.6522646 -0.10779701 0
-3.6650949 3.7550886 -0.10000673 0
3.907764 3.7211905 -0.10779713 0
-3.5654469 3.8501003 -0.10000657 0
3.5677738 4.0483322 -0.10779773 0
3.4602015 4.140389 -0.10779792 0
3.27601 4.2878747 -0.10779823 0
3.3505113 4.2299123 -0.10779811 0
3.124023 4.3998461 -0.10779853 0
3.2005062 4.3445253 -0.10779838 0
3.0465837 4.4538212 -0.10779865 0
-2.6452494 4.5316558 -0.10000493 0
-2.5255384 4.5996704 -0.10000472 0
2.8889322 4.5576663 -0.10779895 0
2.9682121 4.506433 -0.1077988 0
-2.4446926 4.6431417 -0.10000457 0
-2.3630989 4.6851916 -0.10000442 0
2.5293186 4.6857014 -0.10405932 0
2.7277448 4.6559339 -0.10779922 0
2.8087683 4.6075048 -0.10779907 0
-2.280782 4.7258077 -0.10000427 0
-2.1977675 4.7649779 -0.10000412 0
2.6458867 4.7029381 -0.10779937 0
-2.1140804 4.80269 -0.10000397 0
-2.0297465 4.8389325 -0.10000382 0
-1.9447914 4.8736939 -0.10000367 0
-1.8592416 4.9069643 -0.10000353 0
-1.7731228 4.9387331 -0.10000338 0
-1.6864616 4.9689903 -0.10000323 0
-1.5992843 4.9977269 -0.10000308 0
-1.5116178 5.0249343 -0.1000029 0
-1.4234889 5.0506043 -0.10000275 0
-1.3349243 5.0747285 -0.1000026 0
-1.2459515 5.0972996 -0.10000245 0
-1.1565975 5.1183109 -0.10000227 0
-1.0668895 5.1377554 -0.10000207 0
-0.97685534 5.1556287 -0.10000192 0
-0.88652241 5.1719241 -0.10000174 0
-0.75049448 5.1931996 -0.1000015 0
-0.61400741 5.211297 -0.10000126 0
-0.5227564 5.2212372 -0.10000111 0
-0.43134555 5.2295794 -0.10000093 0
-0.3398028 5.236321 -0.10000078 0
-0.24815618 5.2414608 -0.1000006 0
-0.15643373 5.2449965 -0.10000046 0
-0.064663522 5.2469273 -0.10000028 0
0.027126364 5.2472525 -0.10000013 0
-8.3988247 -8.4558125 -0.033030853 0
-8.4769497 -8.2410116 -0.031363264 0
-8.5534267 -8.0291605 -0.029774114 0
-8.6283283 -7.8200941 -0.028260857 0
-8.7017241 -7.613657 -0.026821151 0
-8.7736788 -7.4096985 -0.025452778 0
-8.9815054 -6.8112845 -0.021755576 0
-9.241889 -6.0399842 -0.017713368 0
-9.3043251 -5.8511128 -0.01685144 0
-9.3657875 -5.6636009 -0.016046464 0
-9.4263153 -5.477345 -0.015297338 0
-9.4859486 -5.2922416 -0.014603063 0
-9.5447254 -5.108192 -0.013962716 0
-9.6026812 -4.9250984 -0.013375446 0
-1.6842548 -4.9624882 -0.099643365 0
-1.8246891 -4.8157725 -0.094892815 0
-1.7552572 -4.8889713 -0.097232506 0
-9.659852 -4.742866 -0.012840495 0
-1.972146 -4.7016125 -0.092199728 0
-1.892592 -4.7428808 -0.092622384 0
2.3294497 -4.7018318 -0.099995926 0
-2.1353989 -4.6297569 -0.092200026 0
-2.0540867 -4.6663985 -0.092199877 0
2.4519119 -4.6389151 -0.099995732 0
-9.7162704 -4.5614014 -0.012357146 0
-2.3753169 -4.5113778 -0.092200443 0
-2.2560482 -4.5719662 -0.092200249 0
2.5728734 -4.5731602 -0.099995509 0
2.6524727 -4.5274529 -0.09999536 0
-2.5316691 -4.4255357 -0.092200741 0
-2.4538684 -4.4691405 -0.092200592 0
2.7312603 -4.4803605 -0.099995241 0
2.8092122 -4.4318976 -0.099995092 0
-9.7719698 -4.3806124 -0.011924788 0
-2.6468091 -4.3574266 -0.092200935 0
2.8863044 -4.3820782 -0.099994943 0
2.9625132 -4.3309178 -0.099994823 0
-9.8269815 -4.2004094 -0.011542857 0
-2.8348913 -4.2377129 -0.092201278 0
-2.7603295 -4.2866507 -0.092201129 0
3.0378153 -4.2784324 -0.099994674 0
3.1121881 -4.224638 -0.099994555 0
-2.9449878 -4.1617203 -0.092201471 0
3.1856084 -4.1695509 -0.099994436 0
3.2580538 -4.1131878 -0.099994287 0
-9.8813353 -4.0207033 -0.011210859 0
-3.1242402 -4.0291491 -0.092201784 0
-3.0532823 -4.0831804 -0.092201665 0
-3.2632666 -3.9174047 -0.092202023 0
-3.194242 -3.9738851 -0.092201903 0
-9.9350595 -3.8414063 -0.010928378 0
-3.3647962 -3.8302953 -0.092202231 0
-3.4642663 -3.7408419 -0.09220241 0
3.049684 -3.7147279 -0.076883093 0
-9.988184 -3.6624315 -0.01069507 0
-3.5610867 -3.6485267 -0.092202559 0
-3.6557276 -3.5539782 -0.092202738 0
3.0550401 -3.5912747 -0.072098419 0
-10.040736 -3.4836926 -0.010510609 0
-3.7475722 -3.4567108 -0.092202902 0
3.0839603 -3.4993517 -0.069448486 0
3.1265604 -3.4250007 -0.068038478 0
-10.092742 -3.3051038 -0.010374784 0
-3.8371234 -3.3573282 -0.092203066 0
3.180161 -3.3636181 -0.067593604 0
3.2445259 -3.3136184 -0.068044171 0
-3.952214 -3.2210577 -0.092203274 0
-3.8952646 -3.2896962 -0.092203155 0
3.3212523 -3.275352 -0.069461837 0
3.4148417 -3.2518024 -0.072125301 0
-10.144228 -3.1265802 -0.010287419 0
-4.0079541 -3.1514332 -0.092203364 0
-4.1157384 -3.0093129 -0.092203572 0
-4.0624676 -3.0808444 -0.092203453 0
-10.195219 -2.9480364 -0.010248393 0
-4.1677494 -2.9368606 -0.092203662 0
-4.2184854 -2.8635094 -0.092203781 0
1.395404 -2.8165257 -0.099997625 0
4.4217749 -2.8250175 -0.099992231 0
-10.24574 -2.769388 -0.010257661 0
-4.3160691 -2.7142007 -0.09220396 0
-4.2679305 -2.7892818 -0.09220387 0
1.4687626 -2.7788379 -0.099997491 0
1.5650636 -2.72576 -0.099997312 0
4.4705124 -2.7472379 -0.099992141 0
-4.3628874 -2.638289 -0.092204019 0
1.6594491 -2.6693461 -0.099997148 0
1.7289776 -2.6249883 -0.099997029 0
4.5178823 -2.668618 -0.099992082 0
-10.295814 -2.5905492 -0.010315254 0
-4.4083705 -2.5615699 -0.092204109 0
1.7746292 -2.5943422 -0.099996939 0
1.8420136 -2.5467906 -0.099996835 0
-10.345466 -2.4114351 -0.010421216 0
-4.4738903 -2.4449353 -0.092204228 0
1.9514688 -2.4636662 -0.099996626 0
-4.5366726 -2.3268042 -0.092204347 0
2.057441 -2.3761449 -0.099996448 0
2.1191547 -2.321435 -0.099996343 0
2.5361784 -2.3318725 -0.0055582672 0
-10.394716 -2.2319598 -0.010575697 0
-4.5766807 -2.2470927 -0.092204407 0
2.1792474 -2.2649488 -0.099996224 0
2.2380066 -2.207077 -0.099996135 0
-4.6152883 -2.1666934 -0.092204496 0
2.2762702 -2.1675911 -0.099996045 0
2.3138371 -2.1274421 -0.099995986 0
-10.443591 -2.0520368 -0.010778904 0
-4.6703691 -2.044781 -0.092204586 0
0.99428093 -2.0068867 -0.09999834 0
2.3687658 -2.065923 -0.099995896 0
2.422245 -2.0031395 -0.099995807 0
-4.7225914 -1.9216169 -0.092204675 0
1.0637623 -1.970678 -0.099998213 0
1.1489732 -1.9224089 -0.099998072 0
2.4738712 -1.9388238 -0.099995717 0
-10.492109 -1.8715789 -0.011031061 0
-4.7554832 -1.8387151 -0.092204735 0
1.1990604 -1.8916738 -0.099997982 0
1.2643658 -1.848385 -0.099997856 0
1.3283817 -1.803211 -0.099997744 0
2.5343506 -1.8468907 -0.099366769 0
-4.7869196 -1.7552505 -0.092204794 0
-2.6206129 -1.7126868 -0.098895118 0
-2.5953951 -1.7617551 -0.099438801 0
-0.22203855 -1.7520218 -0.041849881 0
-0.13653879 -1.7277977 -0.06245967 0
-0.065932885 -1.7077932 -0.065276951 0
1.3751814 -1.7676699 -0.099997655 0
1.4361706 -1.7184851 -0.099997565 0
2.5806344 -1.7788357 -0.099216625 0
2.6181858 -1.7379568 -0.099933878 0
-10.540294 -1.690498 -0.011332512 0
-4.8168912 -1.6712488 -0.092204854 0
-2.6572113 -1.6387846 -0.098142684 0
-0.020889692 -1.6950313 -0.063312866 0
0.052444052 -1.6742539 -0.060534306 0
0.15283407 -1.6458111 -0.057394356 0
0.25085741 -1.6180384 -0.055232428 0
1.4808195 -1.6802772 -0.099997476 0
1.53853 -1.6272849 -0.099997379 0
2.6633761 -1.6689757 -0.099995375 0
-10.588166 -1.5087047 -0.011683628 0
-4.8588963 -1.5442362 -0.092204928 0
-2.7153704 -1.514914 -0.097034499 0
-2.6925907 -1.5645825 -0.097452864 0
0.34748366 -1.5906616 -0.053919006 0
0.44335416 -1.5634993 -0.053513415 0
0.55298513 -1.5324379 -0.054077968 0
0.63580143 -1.508974 -0.055208705 0
0.78434688 -1.548943 -0.099998727 0
0.83804697 -1.520559 -0.099998623 0
1.5946714 -1.5726327 -0.099997267 0
1.6353199 -1.5301938 -0.099997208 0
2.7336195 -1.5508412 -0.099995255 0
-4.8979278 -1.4162786 -0.092205003 0
-2.7483401 -1.4401097 -0.096468702 0
0.14315662 -1.4072205 -0.09999992 0
0.67758304 -1.4971362 -0.056026481 0
0.7056272 -1.4891906 -0.056669876 0
0.87768602 -1.4981049 -0.099998549 0
0.94216132 -1.4580219 -0.099998429 0
1.0051951 -1.4157079 -0.09999831 0
1.6749675 -1.4868183 -0.099997118 0
1.713334 -1.4423056 -0.099997059 0
2.7864766 -1.4544209 -0.099995151 0
2.8114908 -1.4054567 -0.099995121 0
-10.635748 -1.3261082 -0.012084872 0
-4.9219532 -1.3303869 -0.092205033 0
-2.8005111 -1.3147283 -0.095668837 0
-2.780117 -1.3650025 -0.095964327 0
0.24119207 -1.3937674 -0.099999741 0
0.35000697 -1.3703263 -0.099999547 0
0.45673406 -1.3387117 -0.099999353 0
0.52640778 -1.3131112 -0.099999234 0
1.0539922 -1.3795398 -0.099998236 0
1.1249043 -1.3223528 -0.099998116 0
1.7746376 -1.3659344 -0.099996962 0
1.8215158 -1.3031561 -0.09999688 0
2.8472877 -1.3311579 -0.099995047 0
-4.9444723 -1.2440881 -0.092205092 0
-2.8299239 -1.2390101 -0.095286414 0
0.57201672 -1.2938941 -0.09999916 0
0.64994043 -1.2561322 -0.099998996 0
0.72577596 -1.2143348 -0.099998832 0
1.1817153 -1.2719898 -0.099998012 0
1.2254846 -1.2298759 -0.099997938 0
1.8657932 -1.2385173 -0.099996783 0
2.8813422 -1.2560444 -0.099995002 0
2.9028718 -1.2054513 -0.099994943 0
-10.683058 -1.1426165 -0.012536749 0
-4.9654779 -1.1574084 -0.092205122 0
-2.867187 -1.1375372 -0.094877392 0
0.15155777 -1.1811087 -0.099999905 0
0.25415248 -1.1633538 -0.099999711 0
0.35480398 -1.1367048 -0.099999532 0
0.43349674 -1.1093429 -0.099999405 0
0.77812123 -1.1813682 -0.099998735 0
0.84887195 -1.131442 -0.099998593 0
1.2779994 -1.1750482 -0.099997841 0
1.3282332 -1.1181232 -0.099997759 0
1.9281904 -1.1389414 -0.099996686 0
2.9333866 -1.1288315 -0.099994898 0
-4.9849648 -1.0703746 -0.092205152 0
-2.9105604 -1.009836 -0.094531849 0
-2.8936758 -1.0610427 -0.094646022 0
0.14836502 -1.0152174 -0.09999992 0
0.21026173 -1.0045056 -0.099999815 0
0.48161182 -1.0893993 -0.099999309 0
0.54722011 -1.057606 -0.099999204 0
0.6199497 -1.0169659 -0.099999011 0
0.89769685 -1.0934573 -0.099998519 0
0.95352614 -1.0445433 -0.099998429 0
1.3757581 -1.0589178 -0.099997662 0
1.4120997 -1.01025 -0.099997595 0
1.9762652 -1.0536215 -0.099996597 0
2.0033045 -1.0014465 -0.099996552 0
2.9621062 -1.0515211 -0.099994853 0
-10.730119 -0.95813555 -0.013039842 0
-5.0029259 -0.98301321 -0.092205182 0
-2.9347281 -0.93270719 -0.094420642 0
0.26262334 -0.99194127 -0.099999726 0
0.34818017 -0.96496171 -0.099999577 0
0.44735864 -0.92317361 -0.099999398 0
0.67244095 -0.98304588 -0.099998914 0
0.73937398 -0.93343574 -0.099998794 0
1.0493107 -0.94797999 -0.099998236 0
1.4546376 -0.94736749 -0.09999752 0
2.0288115 -0.94850558 -0.099996507 0
2.9885602 -0.97340626 -0.099994808 0
-5.026803 -0.85138297 -0.092205226 0
-2.9650257 -0.82933092 -0.094372243 0
0.54912156 -0.86631066 -0.099999174 0
0.62301522 -0.81544662 -0.099999011 0
0.78756016 -0.89363992 -0.099998727 0
0.8403886 -0.8434 -0.099998623 0
1.1356826 -0.84291327 -0.099998094 0
1.4949501 -0.88303554 -0.099997446 0
1.524767 -0.83011848 -0.099997401 0
2.0682065 -0.85884684 -0.099996425 0
3.0207791 -0.86827374 -0.099994749 0
-10.776949 -0.77256954 -0.013594821 0
-5.0476036 -0.71923155 -0.092205271 0
-2.9863057 -0.75139004 -0.094410852 0
0.67168278 -0.77572852 -0.099998921 0
0.72427404 -0.72686934 -0.099998832 0
0.89081657 -0.7907511 -0.099998519 0
0.93078387 -0.74270713 -0.099998459 0
1.1854475 -0.77205086 -0.099997997 0
1.2117273 -0.73011267 -0.099997967 0
1.5662113 -0.74899387 -0.099997319 0
2.0971961 -0.78605759 -0.099996403 0
2.1170163 -0.73073578 -0.099996358 0
3.0493016 -0.76207864 -0.099994689 0
-5.0594125 -0.63082814 -0.092205301 0
-3.0125647 -0.64685965 -0.094572201 0
-2.9997234 -0.69920862 -0.094476536 0
0.7733205 -0.67445272 -0.099998742 0
0.81321192 -0.62592727 -0.099998675 0
0.98063236 -0.67595154 -0.099998377 0
1.0147392 -0.62358177 -0.099998318 0
1.2537944 -0.65442675 -0.0999979 0
1.591614 -0.69382173 -0.099997297 0
1.6147441 -0.63765907 -0.099997245 0
2.1412809 -0.65623754 -0.099996313 0
3.0740917 -0.65495086 -0.099994659 0
-10.823571 -0.58582062 -0.014202371 0
-5.0696735 -0.54223168 -0.092205301 0
-3.0306718 -0.56799704 -0.094775826 0
0.86433899 -0.55221558 -0.099998578 0
1.0556381 -0.55099767 -0.099998251 0
1.2918334 -0.5766384 -0.099997818 0
1.3112129 -0.53109848 -0.099997789 0
1.6459693 -0.55207962 -0.099997185 0
2.1677849 -0.56196028 -0.099996269 0
3.0951195 -0.54702151 -0.099994615 0
-5.078383 -0.45346928 -0.092205331 0
-3.0528879 -0.46227315 -0.095147699 0
0.9215644 -0.45065641 -0.099998474 0
1.0876653 -0.48550344 -0.099998191 0
1.1077801 -0.43746004 -0.099998154 0
1.3408933 -0.44975314 -0.099997744 0
1.6765155 -0.45029235 -0.099997133 0
2.1904197 -0.46668005 -0.099996224 0
2.2019937 -0.40906596 -0.099996194 0
3.1123595 -0.43842274 -0.099994585 0
-10.870003 -0.39778829 -0.014863342 0
-5.0855384 -0.36456811 -0.092205331 0
-3.0727856 -0.35584852 -0.09564054 0
0.96370602 -0.35162807 -0.099998392 0
1.1354225 -0.35886574 -0.099998102 0
1.3722656 -0.34295535 -0.099997669 0
1.6949227 -0.37663883 -0.099997118 0
1.7041557 -0.33202752 -0.099997088 0
2.2118835 -0.35113901 -0.099996194 0
3.1257901 -0.32928741 -0.099994555 0
-10.916266 -0.20836978 -0.015578568 0
-5.0911374 -0.27555537 -0.092205361 0
-3.0903535 -0.2487084 -0.096255034 0
0.99099064 -0.26616845 -0.09999834 0
1.0037417 -0.21385227 -0.09999831 0
1.1624303 -0.2583105 -0.099998057 0
1.3928851 -0.24617407 -0.09999764 0
1.7169324 -0.25719026 -0.099997066 0
2.2249777 -0.25408646 -0.099996172 0
3.1334732 -0.24717358 -0.099994555 0
-5.0951786 -0.18645832 -0.092205361 0
-3.1055779 -0.14083758 -0.09699212 0
1.0146742 -0.15199454 -0.09999831 0
1.1805509 -0.15578048 -0.09999802 0
1.4066877 -0.14818799 -0.099997625 0
1.7292978 -0.15164024 -0.099997044 0
2.2341013 -0.15658048 -0.09999615 0
3.1387591 -0.16487068 -0.099994555 0
-10.96238 -0.01745929 -0.016349018 0
-5.0981221 -0.052712236 -0.092205361 0
-3.1184409 -0.032220177 -0.097852826 0
1.0244389 -0.053811047 -0.099998288 0
1.189646 -0.052059494 -0.099998012 0
1.413606 -0.049476713 -0.09999761 0
1.7354908 -0.045548961 -0.099997021 0
2.2386677 -0.05875513 -0.099996127 0
3.1426055 -0.054979321 -0.099994525 0
-10.970767 0.017472647 -0.016495422 0
-5.0981221 0.052712236 -0.092205361 0
-3.1249247 0.032335199 -0.098420158 0
1.0244389 0.053811047 -0.099998288 0
1.189646 0.052059501 -0.099998012 0
1.413606 0.049476709 -0.09999761 0
1.7354908 0.045548961 -0.099997021 0
2.2386677 0.05875513 -0.099996127 0
3.1426055 0.054979321 -0.099994525 0
-5.0951791 0.18645832 -0.092205361 0
-3.1339848 0.14217408 -0.099480242 0
1.0146742 0.15199454 -0.099998295 0
1.1805509 0.15578049 -0.09999802 0
1.4066877 0.14818801 -0.099997625 0
1.7292978 0.15164022 -0.099997044 0
2.2341013 0.15658048 -0.099996164 0
3.1387591 0.16487068 -0.099994555 0
-11.016732 0.21028747 -0.017332524 0
-5.0911374 0.27555537 -0.092205331 0
0.99099064 0.26616845 -0.09999834 0
1.0037417 0.21385226 -0.09999831 0
1.1624302 0.2583105 -0.099998057 0
1.3928851 0.24617405 -0.099997655 0
1.7169324 0.25719026 -0.099997066 0
2.2249777 0.25408649 -0.099996172 0
3.1334732 0.24717358 -0.099994555 0
-5.0855379 0.36456811 -0.092205331 0
0.96370596 0.35162804 -0.099998385 0
1.1354225 0.35886577 -0.099998102 0
1.3722656 0.34295535 -0.099997684 0
1.6949227 0.37663883 -0.099997118 0
1.7041557 0.33202755 -0.099997088 0
2.2118835 0.35113901 -0.099996194 0
3.1257901 0.32928741 -0.09999457 0
-11.062593 0.40483609 -0.018227234 0
-5.0783825 0.45346925 -0.092205301 0
0.92156434 0.45065638 -0.099998452 0
1.0876653 0.48550344 -0.099998191 0
1.1077801 0.43746004 -0.099998154 0
1.3408933 0.4497532 -0.099997737 0
1.6765156 0.45029235 -0.099997148 0
2.1904197 0.46668005 -0.099996239 0
2.2019937 0.40906596 -0.099996224 0
3.1123595 0.43842277 -0.0999946 0
-5.0696731 0.54223162 -0.092205301 0
0.86433899 0.55221552 -0.099998556 0
1.0556381 0.55099767 -0.099998251 0
1.2918334 0.57663846 -0.099997833 0
1.311213 0.53109848 -0.099997789 0
1.6459693 0.55207968 -0.0999972 0
2.1677849 0.56196028 -0.099996269 0
3.0951197 0.54702151 -0.09999463 0
-11.108367 0.60123503 -0.01918079 0
-5.0594125 0.63082808 -0.092205271 0
0.77332044 0.67445272 -0.099998727 0
0.81321186 0.62592727 -0.099998653 0
0.98063236 0.67595166 -0.099998392 0
1.0147392 0.62358183 -0.099998318 0
1.2537944 0.65442675 -0.0999979 0
1.591614 0.69382179 -0.099997297 0
1.6147442 0.63765907 -0.09999726 0
2.1412811 0.6562376 -0.099996328 0
3.0740919 0.65495086 -0.099994659 0
-11.154078 0.79960483 -0.020194501 0
-5.0476031 0.71923149 -0.092205241 0
0.67168272 0.77572846 -0.099998891 0
0.72427392 0.72686923 -0.099998802 0
0.89081663 0.79075116 -0.099998549 0
0.93078393 0.74270713 -0.099998474 0
1.1854475 0.77205092 -0.099998027 0
1.2117274 0.73011267 -0.099997967 0
1.5662113 0.74899387 -0.099997342 0
2.0971961 0.78605765 -0.099996403 0
2.1170163 0.73073584 -0.099996358 0
3.0493016 0.76207864 -0.099994719 0
-5.026803 0.85138285 -0.092205212 0
0.5491215 0.86631054 -0.099999122 0
0.62301517 0.81544656 -0.099998988 0
0.78756022 0.89363998 -0.099998727 0
0.8403886 0.8434 -0.099998631 0
1.1356828 0.84291333 -0.099998102 0
1.4949501 0.8830356 -0.099997476 0
1.5247669 0.8301186 -0.099997424 0
2.0682068 0.8588469 -0.09999647 0
3.0207796 0.86827379 -0.099994749 0
-5.0029254 0.98301321 -0.092205182 0
0.26262328 0.99194103 -0.099999636 0
0.34818006 0.96496147 -0.099999487 0
0.44735852 0.92317325 -0.099999309 0
0.67244101 0.98304588 -0.099998929 0
0.73937398 0.9334358 -0.099998817 0
1.0493108 0.94797999 -0.099998266 0
1.4546378 0.94736755 -0.09999755 0
2.0288115 0.94850564 -0.099996537 0
2.9885602 0.97340631 -0.099994808 0
-11.199744 1.0000703 -0.021269798 0
-4.9849644 1.0703746 -0.092205152 0
0.085991561 1.0226672 -0.099999964 0
0.14836496 1.0152171 -0.09999983 0
0.21026167 1.0045054 -0.099999726 0
0.48161173 1.0893992 -0.099999279 0
0.54722005 1.0576057 -0.099999152 0
0.6199497 1.0169657 -0.099999033 0
0.89769691 1.0934575 -0.099998549 0
0.95352614 1.0445434 -0.099998429 0
1.3757582 1.0589178 -0.099997677 0
1.4120998 1.01025 -0.099997625 0
1.9762652 1.0536215 -0.099996626 0
2.0033047 1.0014466 -0.099996582 0
2.3499827 1.0737135 -0.051040307 0
2.4103208 1.0507152 -0.055040762 0
2.5009372 1.0385432 -0.06191887 0
2.9621065 1.0515212 -0.099994853 0
-4.9654779 1.1574084 -0.092205092 0
0.089421436 1.1877964 -0.099999979 0
0.15155776 1.1811086 -0.099999867 0
0.25415245 1.1633537 -0.099999681 0
0.35480392 1.1367047 -0.099999502 0
0.43349668 1.1093427 -0.099999346 0
0.77812129 1.1813682 -0.09999875 0
0.84887201 1.1314421 -0.099998623 0
1.2779995 1.1750482 -0.099997856 0
1.3282335 1.1181233 -0.099997774 0
1.9281906 1.1389415 -0.099996708 0
2.2503066 1.1495721 -0.046086229 0
2.3034446 1.1015537 -0.048383385 0
2.9333868 1.1288316 -0.099994928 0
-11.245388 1.2027609 -0.022408217 0
-4.9444718 1.2440879 -0.092205063 0
0.5720166 1.2938938 -0.099999115 0
0.64994037 1.2561324 -0.099998973 0
0.72577602 1.214335 -0.099998847 0
1.1817153 1.2719898 -0.099998027 0
1.2254846 1.229876 -0.099997953 0
1.8657936 1.2385173 -0.099996828 0
2.1814265 1.2629569 -0.045536511 0
2.2094309 1.2028655 -0.045090094 0
-4.9219532 1.3303869 -0.092205033 0
0.24119204 1.3937672 -0.099999711 0
0.35000694 1.3703263 -0.09999951 0
0.456734 1.3387117 -0.099999323 0
0.52640772 1.3131109 -0.099999189 0
1.0539923 1.3795398 -0.099998258 0
1.1249045 1.3223529 -0.099998139 0
1.7746378 1.3659345 -0.099996984 0
1.821516 1.3031561 -0.099996909 0
2.1618958 1.3548505 -0.04822287 0
-11.291029 1.4078114 -0.023611411 0
-4.8979278 1.4162786 -0.092205003 0
0.081513576 1.4124042 -0.099999979 0
0.14315662 1.4072204 -0.099999875 0
0.87768614 1.498105 -0.099998578 0
0.94216144 1.4580221 -0.099998459 0
1.0051953 1.4157081 -0.09999834 0
1.6749678 1.4868186 -0.099997148 0
1.7133341 1.4423058 -0.099997088 0
2.1649346 1.4370878 -0.052338287 0
-4.8588963 1.5442362 -0.092204913 0
0.68812829 1.594095 -0.099998906 0
0.75701684 1.5621872 -0.099998802 0
0.83804703 1.5205591 -0.099998638 0
1.5946715 1.5726329 -0.099997297 0
1.6353199 1.5301939 -0.099997237 0
2.1842542 1.5056101 -0.05709751 0
-4.8168912 1.6712488 -0.092204854 0
0.37057701 1.6962737 -0.099999472 0
0.44429627 1.6781288 -0.099999338 0
0.54619247 1.6479453 -0.099999167 0
0.6318832 1.617025 -0.099999011 0
1.4808196 1.6802773 -0.099997506 0
1.5385303 1.627285 -0.099997401 0
2.249907 1.6096374 -0.067028999 0
-4.7869196 1.7552506 -0.092204794 0
0.14545518 1.729847 -0.09999989 0
0.25104967 1.7178577 -0.099999689 0
0.32593268 1.7053477 -0.099999562 0
1.3751816 1.7676702 -0.099997684 0
1.4361707 1.7184854 -0.099997595 0
-4.7554832 1.8387151 -0.092204735 0
1.1990607 1.891674 -0.099998012 0
1.264366 1.8483852 -0.0999979 0
1.3283819 1.8032111 -0.099997774 0
2.5239835 1.8733219 -0.099995658 0
-4.7225914 1.9216169 -0.092204675 0
1.0637623 1.9706782 -0.099998258 0
1.1489732 1.9224092 -0.099998102 0
2.4738712 1.9388241 -0.099995747 0
-4.6703691 2.0447812 -0.092204586 0
0.85145026 2.0712819 -0.099998631 0
0.95892662 2.023766 -0.099998437 0
2.3687663 2.0659232 -0.099995926 0
2.4222453 2.0031397 -0.099995837 0
-4.6152883 2.1666934 -0.092204496 0
0.45884725 2.1920996 -0.099999323 0
0.55420852 2.1698039 -0.099999152 0
0.64858043 2.1436353 -0.099998996 0
0.74162942 2.113095 -0.099998809 0
2.2762704 2.1675916 -0.099996105 0
2.3138373 2.1274424 -0.099996015 0
-4.5766807 2.2470927 -0.092204437 0
0.0899124 2.2378929 -0.099999979 0
0.14859028 2.2346773 -0.099999875 0
0.24612944 2.2259014 -0.099999703 0
0.34322917 2.2131522 -0.099999532 0
0.40119168 2.2034686 -0.099999443 0
2.1792479 2.2649493 -0.099996269 0
2.2380068 2.2070773 -0.099996164 0
-4.5366731 2.3268044 -0.092204347 0
2.0574412 2.3761454 -0.099996492 0
2.1191552 2.3214352 -0.099996373 0
-11.519976 2.4735761 -0.030664816 0
-4.4738913 2.4449353 -0.092204243 0
1.9514691 2.4636667 -0.099996686 0
-4.408371 2.5615702 -0.092204139 0
1.7746295 2.5943427 -0.099996999 0
1.8420138 2.5467911 -0.099996865 0
2.5427277 2.5968752 -0.015473157 0
2.6248894 2.588613 -0.018205822 0
-11.566072 2.6959476 -0.032298088 0
-4.3628879 2.6382892 -0.092204049 0
1.6594493 2.6693466 -0.099997193 0
1.7289779 2.6249886 -0.099997059 0
2.4926698 2.636467 -0.015149415 0
-4.3160696 2.714201 -0.09220396 0
-4.2679305 2.7892821 -0.09220387 0
1.4687629 2.7788386 -0.09999755 0
1.565064 2.7257605 -0.099997371 0
2.4665034 2.7019391 -0.016729936 0
-4.2184858 2.8635097 -0.092203781 0
1.2708877 2.8747308 -0.099997878 0
1.3706641 2.8285155 -0.099997699 0
-11.612328 2.9217997 -0.034011289 0
-4.1677499 2.936861 -0.092203692 0
0.98889351 2.9836411 -0.0999984 0
1.0667922 2.9565544 -0.099998266 0
1.1695557 2.9174278 -0.099998057 0
-4.1157389 3.0093136 -0.092203602 0
-2.702498 3.0226386 -0.037492648 0
-2.6272192 3.0439668 -0.035728589 0
-2.5531573 3.0649505 -0.034057036 0
-2.4802392 3.0856099 -0.032474786 0
0.56304544 3.0924196 -0.099999145 0
0.64396107 3.0764635 -0.099999011 0
0.75117791 3.0520535 -0.099998817 0
0.85747516 3.0239084 -0.099998623 0
0.93655229 3.0004835 -0.099998489 0
-4.078166 3.1495538 -0.095055595 0
-2.4083948 3.1059654 -0.030978844 0
-2.3375573 3.1260355 -0.029566482 0
-2.2676635 3.145838 -0.028235123 0
-2.1986525 3.1653907 -0.026982382 0
0.15364549 3.1393898 -0.099999875 0
0.26336381 3.132092 -0.099999681 0
0.34546143 3.124222 -0.099999532 0
0.42729473 3.1139622 -0.099999398 0
0.50886643 3.1017964 -0.099999234 0
-4.0466824 3.2980492 -0.098590121 0
-2.1821523 3.2619717 -0.030677691 0
-2.2485363 3.4918621 -0.042659327 0
-2.3231711 3.7502999 -0.056199789 0
2.4113379 4.6603642 -0.099995866 0
2.1635621 4.7804427 -0.099996313 0
2.24685 4.7418633 -0.099996164 0
2.3294504 4.7018332 -0.099996015 0
1.9524269 4.8702803 -0.099996686 0
2.079612 4.8175592 -0.099996462 0
1.6508353 4.9808192 -0.099997237 0
1.7377069 4.9511776 -0.099997088 0
1.8240467 4.9200211 -0.099996939 0
1.2985642 5.0840607 -0.099997863 0
1.3872958 5.060565 -0.099997714 0
1.475603 5.0355215 -0.099997535 0
1.5634583 5.0089364 -0.099997386 0
0.75878608 5.1921458 -0.099998817 0
0.84949124 5.1780758 -0.099998668 0
0.93993634 5.1624207 -0.099998489 0
1.0300938 5.1451864 -0.09999834 0
1.1199359 5.1263776 -0.099998191 0
1.2094351 5.1060004 -0.099998012 0
0.11890784 5.2459722 -0.099999949 0
0.21065283 5.2430863 -0.0999998 0
0.34812713 5.2355499 -0.099999547 0
0.48538816 5.2248092 -0.099999294 0
0.57670671 5.2155161 -0.099999145 0
0.66784859 5.204627 -0.099998996 0
-1.5996294 -7.0788674 0.048322603 0
-1.6695961 -6.8304677 0.052263841 0
-1.296633 -6.8433447 0.053423896 0
-1.1667972 -6.8070321 0.05445011 0
-1.0578263 -6.8933721 0.053267427 0
-2.1708369 -6.7838159 0.050673187 0
-2.0286083 -6.7435188 0.052080944 0
-1.8895223 -6.7041125 0.053420395 0
-1.7533938 -6.6655436 0.054694548 0
-0.87427998 -6.4476495 0.061426096 0
-5.203012 -4.240459 0.057839334 0
-5.2891979 -4.1588688 0.057554945 0
3.0701325 -3.7396357 0.090544678 0
-4.9708219 -3.634526 0.067514867 0
3.0677125 -3.6061716 0.092359401 0
-5.001883 -3.5246441 0.068192914 0
3.0933392 -3.5099938 0.09333577 0
-5.0325675 -3.4161088 0.06883011 0
3.1337337 -3.4328587 0.09386728 0
3.1854923 -3.369257 0.094065711 0
3.2480087 -3.3171754 0.093964212 0
3.3225563 -3.276638 0.093546964 0
3.4129751 -3.250025 0.092736818 0
3.5302413 -3.2458568 0.091291867 0
2.4900422 -2.2103357 0.00050601363 0
2.4773943 -2.1228006 0.0040210038 0
2.4787021 -2.0498283 0.0064315498 0
2.4887197 -1.9858421 0.0081384927 0
2.5052354 -1.9282737 0.0093183368 0
2.5406449 -1.851483 0.010239467 0
-0.20588824 -1.7474461 0.051923949 0
-0.1427912 -1.7295691 0.053595919 0
-0.065932885 -1.7077931 0.055449516 0
2.5858757 -1.7824485 0.01040414 0
2.6227238 -1.7409692 0.01002264 0
-0.020889692 -1.6950313 0.056426752 0
0.052444052 -1.6742539 0.057809234 0
0.15283406 -1.6458111 0.05937152 0
0.25085741 -1.6180384 0.060447201 0
0.34748366 -1.5906616 0.061100692 0
0.44335407 -1.5634992 0.061302498 0
0.55298513 -1.532438 0.061021604 0
0.63580143 -1.508974 0.060459003 0
0.67758304 -1.4971361 0.060052115 0
0.7056272 -1.4891906 0.05973199 0
3.0771685 0.79770207 0.0084020644 0
3.1466775 0.72795308 0.0057280436 0
3.0534348 0.84881842 0.0089084506 0
3.0429592 0.93266088 0.0081966296 0
2.3571057 1.076968 0.03918609 0
2.4172873 1.0537521 0.03680186 0
2.507175 1.0411335 0.03272602 0
3.0633528 1.0274886 0.0056666434 0
-8.3272038 1.1865408 0.028180182 0
2.2576208 1.1533096 0.042133644 0
2.3106446 1.1049968 0.040769801 0
3.124053 1.1090107 0.0012654066 0
2.1891811 1.2674482 0.042423755 0
2.216908 1.2069361 0.042714655 0
-8.1344013 1.3046306 0.031199127 0
2.1703229 1.3601347 0.040762909 0
-8.1097393 1.4466126 0.031209707 0
2.1743743 1.4433539 0.038225189 0
2.1952851 1.5132136 0.035265967 0
-8.2443018 1.6199036 0.028343812 0
2.2724979 1.6257995 0.028563172 0
-5.0126848 2.1426039 0.0798456 0
-4.8560314 2.1768787 0.082110576 0
-4.7469964 2.2285254 0.083464503 0
-4.6625652 2.2892609 0.084334165 0
-4.5949845 2.3567116 0.084860355 0
-4.5407782 2.4301555 0.08510346 0
-4.482985 2.5528204 0.084948093 0
-4.449224 2.6904976 0.084243245 0
-4.4461713 2.7960167 0.083321735 0
-4.4654346 2.9183598 0.081886031 0
-4.5306582 3.0754125 0.079418674 0
-2.2933545 3.7021668 0.098984323 0
-6.0435381 4.2586603 0.045950055 0
-5.8856225 4.3034029 0.047733933 0
-5.8627357 4.4461098 0.046566531 0
-5.9228363 4.657095 0.043485194 0
-5.9859171 4.8785272 0.040209979 0
-6.2527084 5.2806454 0.032143995 0
-6.2409396 5.4605703 0.030252397 0
-3.6753294 6.1716914 0.049617618 0
-3.5507638 6.206985 0.050181709 0
-3.4272766 6.2419734 0.050702892 0
-3.3047788 6.2766809 0.051182009 0
-3.232589 6.4090838 0.049704924 0
-0.20588824 -1.7474459 0.14428727 0
-0.1427912 -1.729569 0.14470451 0
-0.065932885 -1.7077931 0.14516705 0
-0.02088969 -1.6950312 0.14541091 0
0.052444045 -1.6742539 0.1457559 0
0.15283406 -1.645811 0.14614576 0
0.25085738 -1.6180383 0.14641418 0
0.34748366 -1.5906616 0.14657727 0
0.4433541 -1.5634991 0.14662762 0
0.55298513 -1.5324379 0.14655752 0
0.63580143 -1.508974 0.14641714 0
0.67758304 -1.4971361 0.1463156 0
0.71973187 -1.4851942 0.14619112 0
3.0841811 0.79951996 0.11938603 0
3.155077 0.72988939 0.1184714 0
3.0602381 0.85070968 0.11955788 0
3.049953 0.93480587 0.11931636 0
2.3642795 1.0802457 0.12962781 0
2.424314 1.0568151 0.12883759 0
2.5135224 1.0437694 0.1274939 0
3.0714145 1.0301926 0.11845298 0
2.264981 1.1570704 0.13060293 0
2.3178921 1.1084627 0.13015273 0
3.1370542 1.113626 0.11689471 0
2.1895411 1.2933159 0.13061215 0
2.214432 1.2308271 0.1307759 0
2.1788168 1.3654609 0.13011566 0
2.1839173 1.4496886 0.1292455 0
2.2065263 1.5209624 0.12822151 0
2.3092332 1.6520807 0.12543897 0
-2.7024865 3.0226257 0.10422697 0
-2.6272085 3.0439544 0.1048145 0
-2.5531473 3.0649383 0.10537121 0
-2.4802299 3.0855982 0.10589819 0
-2.408386 3.1059539 0.10639642 0
-2.3375492 3.1260245 0.10686681 0
-2.2676558 3.1458275 0.10731024 0
-2.1986454 3.1653805 0.10772746 0
-2.1571982 3.2246692 0.10727985 0
-2.2213452 3.4496357 0.1033825 0
-1.3021421 -6.8724213 0.29709265 0
-1.0521885 -6.8566337 0.29608378 0
-2.1708481 -6.7838507 0.29932743 0
-2.0286183 -6.7435522 0.29791966 0
-1.8895314 -6.7041445 0.2965802 0
-1.6577473 -6.7819929 0.29686511 0
-1.1652336 -6.7979102 0.29538834 0
-1.7534018 -6.6655746 0.295306 0
-0.87428308 -6.4476719 0.28857431 0
-5.1842422 -4.2251616 0.29173803 0
-5.2771535 -4.1493979 0.29217762 0
3.0942016 -3.7689533 0.26011741 0
3.0813563 -3.6222103 0.25800812 0
3.1032748 -3.5212677 0.25692654 0
3.1413198 -3.4411688 0.25632912 0
3.1911662 -3.3752582 0.25607842 0
3.251848 -3.3210964 0.25613156 0
3.3242991 -3.2783568 0.25649577 0
3.4117942 -3.2489004 0.25723469 0
3.5233555 -3.2395258 0.25854486 0
3.7093351 -3.2926652 0.26157561 0
-0.20588924 -1.7474544 0.23646319 0
-0.14279185 -1.7295767 0.2356282 0
-0.06593316 -1.7078004 0.23470253 0
-0.020889774 -1.6950381 0.23421448 0
0.052444242 -1.67426 0.23352408 0
0.15283455 -1.6458162 0.23274386 0
0.2508581 -1.6180428 0.23220666 0
0.3474845 -1.5906655 0.23188026 0
0.44335496 -1.5635022 0.23177947 0
0.55298597 -1.5324402 0.23191971 0
0.63580215 -1.5089756 0.23220065 0
0.67758363 -1.4971375 0.23240383 0
0.7197324 -1.4851954 0.23265293 0
3.2145455 0.77356845 0.23271184 0
3.1417201 0.84376162 0.23178428 0
3.1238723 0.95751321 0.23203346 0
2.3714757 1.0835338 0.22051029 0
2.43136 1.0598867 0.22129658 0
2.5199041 1.0464195 0.2226267 0
2.2723725 1.1608474 0.21954197 0
2.3251653 1.111941 0.21998799 0
2.1975141 1.2980254 0.21954948 0
2.2220798 1.2350793 0.21937686 0
2.1873837 1.3708328 0.22006086 0
2.193583 1.4561046 0.22095698 0
2.2180266 1.5288895 0.22202228 0
-5.0031266 2.2428188 0.27070314 0
-4.8569627 2.2801502 0.26865596 0
-4.7571325 2.3356922 0.26750475 0
-4.6528349 2.437932 0.2666921 0
-4.5809255 2.5557132 0.26656252 0
-4.5525069 2.645323 0.26690546 0
-4.5406399 2.7457781 0.26762149 0
-4.5516782 2.8623657 0.26885378 0
-4.6086459 3.0119545 0.27110022 0
-2.6272085 3.0439546 0.24518549 0
-2.5531473 3.0649385 0.24462879 0
-2.4802299 3.0855985 0.24410179 0
-2.58565 3.3345609 0.24865299 0
-2.7505081 3.6782782 0.25516981 0
-3.5507641 6.2069855 0.29981828 0
-3.4272766 6.2419734 0.29929709 0
-3.3047788 6.2766809 0.29881799 0
-3.1831846 6.3111324 0.29838017 0
-1.5879153 -7.027029 0.30074972 0
-0.14279184 -1.7295767 0.35747883 0
-0.06593316 -1.7078001 0.3546927 0
-0.020889774 -1.695038 0.3532238 0
0.052444234 -1.67426 0.3511458 0
0.15283455 -1.6458162 0.34879747 0
0.25085807 -1.6180429 0.3471806 0
0.3474845 -1.5906655 0.34619829 0
0.44335493 -1.5635022 0.34589487 0
0.55298597 -1.5324401 0.34631699 0
0.63580215 -1.5089755 0.34716254 0
0.67758363 -1.4971375 0.34777409 0
0.7197324 -1.4851954 0.34852386 0
-8.1851559 0.87545097 0.31868708 0
-7.9736009 0.99418092 0.31525719 0
2.3787355 1.0868508 0.31206018 0
2.4384723 1.0629871 0.31440929 0
2.5263786 1.049108 0.31836373 0
-7.8677359 1.1210713 0.3137188 0
2.2772598 1.171755 0.33919355 0
2.3325024 1.1154497 0.31049997 0
-7.8090243 1.2524451 0.31304881 0
2.2337089 1.2415451 0.3538419 0
-7.7857022 1.388811 0.31304491 0
2.1968982 1.350047 0.31013656 0
2.2096505 1.3051941 0.3545936 0
2.1952107 1.4024931 0.31152117 0
2.2034042 1.4626241 0.3136009 0
-7.7973886 1.5320908 0.31370616 0
2.2298369 1.5370305 0.31693333 0
-7.8548226 1.6865922 0.31523126 0
-8.0129633 1.8677497 0.31861591 0
-6.2059941 4.2126312 0.30592516 0
-6.0435386 4.2586603 0.30404994 0
-5.8856225 4.3034029 0.30226606 0
-5.8286977 4.4202967 0.30268779 0
-5.8876295 4.6294122 0.30573303 0
-5.9494543 4.8488102 0.30896896 0
-6.0032525 5.0699706 0.31215668 0
-5.9427328 5.1996512 0.31283122 0
-5.9113135 5.3575883 0.31425509 0
-5.9322677 5.5686603 0.31702203 0
-0.14279185 -1.7295767 0.44989768 0
-0.06593316 -1.7078001 0.44570041 0
-0.020889772 -1.695038 0.44348758 0
0.062132064 -1.6715151 0.45998538 0
0.15283455 -1.645816 0.46657121 0
0.2508581 -1.6180428 0.46385866 0
0.34748447 -1.5906655 0.46221066 0
0.44335496 -1.5635022 0.46170169 0
0.55298591 -1.5324399 0.46240982 0
0.63580203 -1.5089755 0.46382841 0
0.67758358 -1.4971374 0.46485436 0
0.73389846 -1.4811816 0.46659455 0
2.3860779 1.0902054 0.40451223 0
2.4456685 1.0661241 0.40841436 0
2.5329611 1.0518415 0.41495255 0
2.3212762 1.1350384 0.40107188 0
2.2054224 1.3552854 0.40147007 0
2.208848 1.4387786 0.40563852 0
2.2420166 1.5454258 0.41323531 0
-5.065196 2.4869478 0.47072583 0
-4.9090481 2.517791 0.46413678 0
-4.8304038 2.5851586 0.46212459 0
-4.7865767 2.6704469 0.46225256 0
-4.7779112 2.7762988 0.46460301 0
-4.8751369 2.9480524 0.47357661 0
-1.5021068 -7.2336054 0.56218392 0
-1.5763848 -6.9760027 0.5498144 0
-1.0480132 -6.8294249 0.53710413 0
-2.1708481 -6.7838507 0.54828566 0
-2.0286183 -6.7435522 0.54405886 0
-1.8895313 -6.7041445 0.54003716 0
-1.6460789 -6.7342567 0.53831726 0
-1.1642194 -6.7919936 0.53614414 0
-1.7534018 -6.6655741 0.53621149 0
-5.1661291 -4.2103996 0.52427423 0
-5.2660432 -4.1406622 0.52607799 0
-0.14279184 -1.7295766 0.54403818 0
-0.06593316 -1.7078001 0.53840357 0
-0.020889772 -1.6950378 0.53543299 0
0.042756397 -1.6770047 0.54189336 0
0.15283453 -1.645816 0.55663967 0
0.2508581 -1.6180427 0.5530892 0
0.34748444 -1.5906653 0.55093217 0
0.44335493 -1.5635021 0.55026591 0
0.55298591 -1.5324399 0.55119288 0
0.63580203 -1.5089755 0.55304956 0
0.67758358 -1.4971374 0.55439252 0
0.7338984 -1.4811815 0.55667019 0
-8.0267096 0.85850424 0.59806067 0
-7.8727846 0.98161077 0.59078932 0
-7.7820911 1.1088679 0.58696097 0
-7.7288852 1.2395921 0.58522964 0
-7.7058291 1.3745632 0.5852195 0
-7.7126064 1.5154321 0.58692867 0
-7.7557769 1.665325 0.59072679 0
-7.8594489 1.831967 0.59793711 0
-6.5457621 4.116364 0.58024222 0
-6.3732934 4.1652303 0.57401508 0
-6.2059946 4.2126312 0.56809491 0
-6.0435386 4.2586603 0.56246465 0
-5.885623 4.3034034 0.5571087 0
-5.795012 4.3947501 0.55615926 0
-5.8527961 4.6020231 0.5651958 0
-5.9133897 4.819417 0.57479537 0
-5.9242659 5.0032635 0.58138639 0
-5.8602586 5.12749 0.58308673 0
-5.8186588 5.2736125 0.58655155 0
-5.8094425 5.4533634 0.59258378 0
-3.5507641 6.2069855 0.54975939 0
-3.4272766 6.2419734 0.54819459 0
-3.3047788 6.2766809 0.54675603 0
-3.1831849 6.3111324 0.54544151 0
-0.1271607 -1.7251478 0.63852304 0
-0.065933153 -1.7078001 0.63296139 0
-0.020889772 -1.6950378 0.6292178 0
0.052444231 -1.6742599 0.62392175 0
0.15283453 -1.645816 0.61793691 0
0.25085807 -1.6180427 0.61381614 0
0.34748444 -1.5906653 0.61131263 0
0.4433549 -1.5635021 0.61053944 0
0.55298591 -1.5324399 0.61161524 0
0.63580203 -1.5089755 0.61377019 0
0.67758358 -1.4971373 0.61532879 0
0.7338984 -1.4811815 0.61797237 0
-5.8777637 5.7141681 0.60461473 0
-1.0446988 -6.8078265 0.77757883 0
-2.1708479 -6.7838502 0.79815674 0
-2.0286181 -6.7435522 0.79110062 0
-1.1638041 -6.7895703 0.77767289 0
-5.1465726 -4.3464723 0.76435739 0
-5.2560649 -4.1328163 0.75997317 0
-5.1485686 -4.1960874 0.75609058 0
-3.4272766 6.2419734 0.79800475 0
-3.3047788 6.2766809 0.79560328 0
-3.1831849 6.3111329 0.79340881 0
-8.1342793 0.87000948 0.89071512 0
-7.9340177 0.98924559 0.87451035 0
-7.8307843 1.1158061 0.86702383 0
-7.773067 1.2466782 0.86374527 0
-7.7498565 1.3824168 0.86372626 0
-7.7607818 1.5248979 0.86696208 0
-7.8158712 1.6782286 0.87438476 0
-7.9635196 1.856225 0.89039314 0
-7.0579562 4.1011634 0.88916737 0
-6.8700542 4.1544023 0.87740111 0
-6.5457621 4.116364 0.8515045 0
-6.3732934 4.1652303 0.8411091 0
-6.2059946 4.2126312 0.83122605 0
-6.0435386 4.2586603 0.82182699 0
-5.885623 4.3034034 0.81288582 0
-5.7615919 4.3694053 0.80763131 0
-5.8182473 4.5748572 0.82254118 0
-5.8776293 4.7902727 0.83837563 0
-5.9279981 5.0064154 0.85384202 0
-5.8648448 5.1315026 0.85678619 0
-5.8253522 5.2796788 0.8628276 0
-5.821434 5.4646196 0.8735463 0
-5.9216404 5.756824 0.8975454 0
-3.5507641 6.2069855 0.80061704 0
-5.1128163 -4.3179641 0.99669915 0
-5.2475572 -4.1261268 0.99464232 0
-5.1314964 -4.1821737 0.98781806 0
-7.4536133 3.9890606 0.91462207 0
-7.2523208 4.0460935 0.90156072 0
-1.1641117 -6.7913651 1.0210351 0
-1.0420196 -6.7903676 1.0185108 0
-8.1658401 1.1635482 1.1877649 0
-8.0378199 1.2891403 1.1745315 0
-8.013545 1.4294535 1.1744696 0
-8.0909042 1.5897629 1.1874319 0
-6.6129851 4.8352299 1.1808658 0
-6.3751779 4.8347292 1.1574093 0
-6.2240868 4.8939667 1.1471714 0
-6.1115308 4.9809022 1.1430533 0
-6.0277195 5.0906334 1.1437365 0
-5.9725285 5.2257214 1.1494104 0
-5.9570489 5.3990397 1.1621441 0
-0.93279183 -6.8791633 1.2745216 0
-1.1654235 -6.7990184 1.2675624 0
-1.0398723 -6.7763743 1.2608341 0
-5.084631 -4.2941604 1.2290975 0
-5.2412214 -4.1211448 1.2310109 0
-5.1148601 -4.1686149 1.2200854 0
-6.1143131 5.7395477 1.204686 0
-5.0590925 -4.2725921 1.4621636 0
-5.2389278 -4.1193414 1.4704424 0
-5.0986185 -4.1553783 1.4535282 0
-1.1685313 -6.8171487 1.5194435 0
-0.92670816 -6.8342972 1.5156078 0
-1.0382152 -6.7655754 1.5054867 0
-5.0351863 -4.2524023 1.6965579 0
-5.0827417 -4.1424384 1.688797 0
2.1207588 -6.1577864 -0.094462812 0
-1.7610254 -5.7934928 -0.082206823 0
-1.5776482 -5.8619328 -0.082312256 0
2.3136961 -6.1034999 -0.094832256 0
-1.9421507 -5.7192988 -0.082116194 0
2.5048239 -6.0431519 -0.095211752 0
2.6939511 -5.9768 -0.095600851 0
-2.2969265 -5.553947 -0.081979685 0
-2.1208439 -5.6394234 -0.082040459 0
2.8808892 -5.9045115 -0.095999166 0
-2.4702232 -5.4629545 -0.081933908 0
3.0654521 -5.8263569 -0.096406303 0
-2.6405606 -5.3665357 -0.081903242 0
3.2474554 -5.7424154 -0.096821897 0
-2.8077703 -5.2647877 -0.081887648 0
3.426718 -5.6527705 -0.097245455 0
-2.9716842 -5.1578116 -0.081887178 0
3.6030614 -5.5575109 -0.097676627 0
-3.1321394 -5.0457144 -0.081901826 0
3.7763095 -5.4567327 -0.098114945 0
-3.2889762 -4.9286079 -0.081931591 0
-3.4420381 -4.8066082 -0.081976399 0
3.9462895 -5.3505359 -0.098559976 0
-3.5911725 -4.6798372 -0.082036272 0
4.1128321 -5.2390256 -0.099011302 0
-3.7362306 -4.5484209 -0.08211112 0
-3.8770673 -4.4124913 -0.08220081 0
-4.0135431 -4.2721834 -0.082305342 0
-4.1455216 -4.1276355 -0.082424551 0
-4.272871 -3.9789941 -0.082558349 0
-4.3954649 -3.8264065 -0.0827066 0
5.1915007 -4.3404632 -0.10390422 0
-4.5131803 -3.6700237 -0.082869142 0
5.4149818 -4.2674308 -0.11054811 0
-4.6258998 -3.5100033 -0.083045848 0
5.5466003 -4.1100979 -0.11104645 0
-4.7335119 -3.3465042 -0.083236493 0
-0.88761854 -3.5616791 -0.095749684 0
-0.77513385 -3.603662 -0.095814347 0
-4.8359094 -3.1796889 -0.0834409 0
-1.1083332 -3.4671686 -0.095647626 0
-0.99872202 -3.5161662 -0.09569408 0
1.4599507 -3.65816 -0.09519463 0
1.5814499 -3.6499243 -0.09755943 0
1.7002399 -3.6281886 -0.099078715 0
5.6731858 -3.948688 -0.11154642 0
-1.3226442 -3.358918 -0.095582284 0
-1.2163433 -3.4147351 -0.095610358 0
1.8135326 -3.5884438 -0.099311814 0
1.9255141 -3.5451419 -0.099550396 0
5.7946129 -3.7833631 -0.11204752 0
-4.9329891 -3.0097241 -0.083658904 0
-1.5296969 -3.2373588 -0.095553912 0
-1.4271302 -3.2997727 -0.095563479 0
2.0360727 -3.4983268 -0.099794306 0
2.1450984 -3.4480445 -0.10004322 0
-1.7286662 -3.1029754 -0.095562615 0
-1.6302425 -3.1717377 -0.095553629 0
2.2524824 -3.394346 -0.10029696 0
5.9107609 -3.6142871 -0.11254919 0
-5.0246549 -2.8367794 -0.083890244 0
-1.8248701 -3.0311399 -0.095580868 0
2.3581176 -3.3372846 -0.10055524 0
2.4618988 -3.2769165 -0.10081781 0
-5.1108146 -2.6610265 -0.084134683 0
-2.0102375 -2.8785403 -0.095645092 0
-1.9187583 -2.9563034 -0.095608369 0
2.5637221 -3.2133026 -0.10108439 0
6.021513 -3.4416294 -0.11305099 0
-2.0992162 -2.7979279 -0.095690981 0
2.663487 -3.1465061 -0.10135476 0
2.7610934 -3.0765932 -0.10162858 0
-5.1913838 -2.4826417 -0.084392041 0
-2.1856058 -2.7145462 -0.095746003 0
2.8564436 -3.0036342 -0.10190565 0
6.1267595 -3.2655611 -0.11355242 0
-2.2540467 -2.6140847 -0.094024256 0
2.9494433 -2.9277015 -0.10218561 0
-5.2662811 -2.3018019 -0.084662005 0
-2.3197198 -2.5127842 -0.092411228 0
3.0399995 -2.8488708 -0.10246827 0
6.2263956 -3.0862589 -0.11405295 0
-2.3828876 -2.4108746 -0.090931438 0
-0.60744923 -2.4938045 -0.098311171 0
-0.48923326 -2.5436912 -0.098367333 0
1.1907828 -2.6400175 -0.10041974 0
1.2731347 -2.6168487 -0.10057741 0
1.3547142 -2.5910916 -0.10073938 0
-5.3354321 -2.1186879 -0.084944285 0
-2.4435878 -2.3083625 -0.089582942 0
-0.87365383 -2.3570714 -0.098234676 0
-0.79920405 -2.3992147 -0.098248072 0
-0.72346097 -2.438987 -0.098268084 0
1.4753357 -2.5473452 -0.10099046 0
1.5940089 -2.4985611 -0.10124925 0
6.3203216 -2.9039006 -0.11455208 0
-2.5036807 -2.2065811 -0.08855617 0
-1.0183783 -2.265841 -0.098227672 0
-0.94673622 -2.3125987 -0.098227851 0
1.6716943 -2.4627337 -0.10142664 0
1.74821 -2.4244719 -0.10160742 0
6.4084449 -2.718668 -0.11504931 0
-5.3987684 -1.9334818 -0.085238688 0
-2.5712011 -2.1107254 -0.088662028 0
-1.1570568 -2.1656592 -0.098247066 0
-1.0885084 -2.216845 -0.098234072 0
1.8234794 -2.3838131 -0.10179146 0
1.8974278 -2.3407993 -0.10197856 0
-5.4562249 -1.7463689 -0.085544832 0
-2.6356618 -2.0127861 -0.088776223 0
-1.2891372 -2.0569258 -0.09829282 0
-1.2239555 -2.1123352 -0.098266654 0
2.0055246 -2.2716746 -0.10226483 0
6.4906759 -2.5307465 -0.11554418 0
-2.6969986 -1.9128606 -0.088898681 0
-1.383315 -1.9697801 -0.098345131 0
-0.26727787 -1.976532 -0.099825747 0
2.1106167 -2.1980617 -0.10255627 0
2.1785579 -2.1460757 -0.10275368 0
-5.5077472 -1.5575349 -0.085862443 0
-2.7551501 -1.8110484 -0.089029238 0
-1.5314252 -1.8155696 -0.098462559 0
-1.4737419 -1.8787481 -0.098410442 0
-0.47821718 -1.8799452 -0.099741049 0
-0.38919586 -1.9243251 -0.099769391 0
-0.32864898 -1.951391 -0.099795051 0
1.0351226 -2.0512111 -0.10141678 0
1.1305863 -2.0232663 -0.10160181 0
1.224789 -1.9913287 -0.10179336 0
2.2448244 -2.0919709 -0.10295318 0
6.5669346 -2.3403223 -0.11603616 0
-2.8100591 -1.7074512 -0.089167826 0
-1.5870855 -1.7506016 -0.098521031 0
-0.64971685 -1.7792568 -0.099717557 0
-0.56529188 -1.8318578 -0.099722892 0
1.3171816 -1.9544804 -0.1019925 0
1.4079415 -1.9137762 -0.10219738 0
2.3407097 -2.0067117 -0.10325614 0
-5.5532818 -1.3671687 -0.086191244 0
-2.8616698 -1.6021723 -0.089314252 0
-1.6663914 -1.6497334 -0.098621346 0
-0.83685577 -1.6421304 -0.099747702 0
-0.75842363 -1.7033092 -0.099727474 0
1.4672587 -1.8841144 -0.10233755 0
1.5542738 -1.8359219 -0.1025527 0
2.4329214 -1.9174927 -0.10356226 0
2.4918449 -1.855472 -0.10376815 0
6.6371431 -2.1475859 -0.11652476 0
-2.9099309 -1.4953164 -0.089468427 0
-1.7413824 -1.5456166 -0.098734103 0
-0.93653607 -1.5546463 -0.099793337 0
-0.88738644 -1.5991752 -0.099767983 0
-0.15051875 -1.6040463 -0.1007447 0
-0.049288124 -1.64183 -0.1008029 0
0.054124981 -1.6731501 -0.10087726 0
0.13928863 -1.6629725 -0.095133387 0
0.22401708 -1.6382496 -0.087485567 0
0.30535087 -1.6145184 -0.080767974 0
0.96171254 -1.6678237 -0.1021034 0
1.6391835 -1.78411 -0.1027725 0
1.7212505 -1.7279037 -0.1029975 0
2.5487812 -1.7916222 -0.10397512 0
-5.5927835 -1.1754597 -0.086530849 0
-2.9547951 -1.3869902 -0.089630134 0
-1.8331699 -1.4012442 -0.098906785 0
-1.7884157 -1.4741551 -0.09881743 0
-1.030497 -1.461046 -0.099859163 0
-0.98425549 -1.5085878 -0.099823736 0
-0.41450605 -1.4683132 -0.10066914 0
-0.34482846 -1.5097162 -0.10067765 0
-0.24916321 -1.5599498 -0.1007029 0
0.35760725 -1.5992721 -0.076862015 0
0.433514 -1.5771263 -0.071790323 0
1.0647502 -1.6352922 -0.10230798 0
1.1655295 -1.5963236 -0.10252272 0
1.8265653 -1.6473217 -0.10330349 0
2.6036735 -1.7260069 -0.10418297 0
3.85095 -1.8148439 -0.10567126 0
6.7012339 -1.9527293 -0.11700954 0
-2.9962173 -1.2773015 -0.089799218 0
-1.8755999 -1.326957 -0.099002071 0
-1.118364 -1.361703 -0.099944904 0
-1.0752147 -1.4120681 -0.09989956 0
-0.52570891 -1.3916619 -0.10067717 0
-0.45975998 -1.4387776 -0.10066899 0
0.1023469 -1.4060347 -0.10148872 0
0.16843227 -1.4230489 -0.10154238 0
0.25760493 -1.4410658 -0.10162491 0
0.34773678 -1.4534197 -0.10172031 0
0.43846852 -1.460061 -0.1018282 0
0.55216444 -1.4599924 -0.1019806 0
0.66554683 -1.4515551 -0.10214966 0
0.73314357 -1.4422066 -0.10225935 0
1.2636489 -1.5510726 -0.10274676 0
1.3587168 -1.4997203 -0.10297922 0
1.9265846 -1.5602543 -0.10361567 0
2.656467 -1.6586913 -0.10439147 0
2.7071087 -1.5897428 -0.10460044 0
3.9059258 -1.7081093 -0.10596339 0
-5.626214 -0.98259914 -0.08688093 0
-3.0341556 -1.16636 -0.089975573 0
-1.9344926 -1.2129588 -0.099156611 0
-1.1997869 -1.2570128 -0.10005021 0
-1.1599019 -1.3100007 -0.099995121 0
-0.6508137 -1.2886702 -0.10072049 0
-0.58961654 -1.3418121 -0.10069363 0
-0.19178557 -1.2855409 -0.10134156 0
-0.13103747 -1.3166288 -0.10135925 0
-0.047983468 -1.3537562 -0.10139448 0
0.037247926 -1.3855681 -0.10144345 0
0.77791089 -1.4340825 -0.10233591 0
0.84448195 -1.4190823 -0.10245574 0
0.95359862 -1.3871413 -0.10266722 0
1.4503548 -1.4424708 -0.10321911 0
1.5167387 -1.3959719 -0.1034032 0
1.9980706 -1.4910889 -0.10385301 0
2.0437503 -1.4430085 -0.1040126 0
2.7555494 -1.5192299 -0.10480969 0
3.9575045 -1.5996926 -0.10625442 0
6.7591395 -1.7559466 -0.11748996 0
-3.068573 -1.0542761 -0.090158954 0
-1.988535 -1.0965829 -0.09932249 0
-1.25621 -1.1750927 -0.10014239 0
-0.78383505 -1.1543535 -0.10081739 0
-0.72855926 -1.2136304 -0.10077003 0
-0.32699874 -1.201578 -0.1013324 0
-0.25081438 -1.2513011 -0.10133263 0
0.11961564 -1.2029157 -0.10192772 0
0.17606442 -1.2193655 -0.10196961 0
0.27165639 -1.2407832 -0.10205378 0
0.36856553 -1.2551066 -0.10215422 0
0.46633583 -1.2612295 -0.1022726 0
0.56429154 -1.2601393 -0.10240599 0
0.66180849 -1.2508154 -0.10255568 0
1.0600682 -1.3472551 -0.10289146 0
1.1628063 -1.2985568 -0.10312871 0
1.580585 -1.3460456 -0.10359093 0
2.0878892 -1.3935101 -0.10417306 0
2.1304436 -1.342643 -0.10433417 0
2.8017395 -1.4472229 -0.10501895 0
4.0056353 -1.4897016 -0.10654408 0
-5.6535392 -0.78877938 -0.08724118 0
-3.0994349 -0.94116151 -0.090349235 0
-2.0212698 -1.0175427 -0.099440485 0
-1.3255818 -1.0620756 -0.10028087 0
-0.83591664 -1.0922512 -0.10087478 0
-0.48606724 -1.0729492 -0.10138276 0
-0.41737866 -1.1325971 -0.10135262 0
-0.11335072 -1.100804 -0.10182482 0
-0.026144415 -1.1454318 -0.10185023 0
0.064110219 -1.1835195 -0.10189309 0
0.77744764 -1.2298295 -0.10275343 0
0.87202239 -1.2042935 -0.10293234 0
0.96411461 -1.1708949 -0.10312404 0
1.2807146 -1.229973 -0.10342702 0
1.681499 -1.2563158 -0.10390976 0
2.1910005 -1.2637323 -0.10457683 0
2.8664105 -1.3364048 -0.10533246 0
4.0502701 -1.3782463 -0.10683202 0
6.8108053 -1.5574342 -0.11796559 0
-3.1267102 -0.82712889 -0.090546183 0
-2.0791748 -0.85656005 -0.099692538 0
-2.0514932 -0.9375084 -0.099563874 0
-1.3876833 -0.94490606 -0.10043761 0
-0.91598779 -0.98351187 -0.1009902 0
-0.58120567 -0.97513515 -0.10145563 0
-0.534666 -1.0250436 -0.10141576 0
-0.29092866 -0.97899997 -0.10183641 0
-0.22862059 -1.026556 -0.10182248 0
-0.16389737 -1.0707686 -0.10181863 0
1.0708395 -1.1216756 -0.10336772 0
1.1394076 -1.0836999 -0.10353729 0
1.3916078 -1.150545 -0.10373814 0
1.4614651 -1.0922725 -0.10395099 0
1.7755342 -1.1594015 -0.10423411 0
2.248183 -1.1823429 -0.10482004 0
2.9263604 -1.2229633 -0.10564497 0
4.0913639 -1.2654374 -0.10711801 0
-5.6747313 -0.59419358 -0.087611176 0
-3.1503723 -0.71229213 -0.090749592 0
-2.1042871 -0.77477801 -0.099826358 0
-1.4295784 -0.85468799 -0.10056622 0
-0.98783791 -0.86917365 -0.10112806 0
-0.66666639 -0.8687613 -0.101559 0
-0.62505579 -0.92284781 -0.10150397 0
-0.3917225 -0.88601208 -0.10189182 0
-0.33532327 -0.94044864 -0.10185591 0
1.1889422 -1.0520245 -0.10366847 0
1.2526667 -1.0063814 -0.10384724 0
1.5110043 -1.0453411 -0.10411341 0
1.5585244 -0.99636638 -0.1042773 0
1.828191 -1.097788 -0.10443076 0
1.8615395 -1.0552667 -0.10456246 0
2.3010054 -1.0980585 -0.10506333 0
2.9631128 -1.1457119 -0.10585237 0
6.8561792 -1.3573899 -0.11843591 0
-3.170397 -0.59676558 -0.090959318 0
-2.1268053 -0.69224405 -0.099965192 0
-1.4783853 -0.73136878 -0.10075334 0
-1.4549553 -0.79341364 -0.10065768 0
-1.038439 -0.77370185 -0.10125579 0
-0.7174775 -0.79330117 -0.10164542 0
-0.46960327 -0.79795897 -0.10196782 0
-0.43182153 -0.84301031 -0.10192619 0
1.3133837 -0.95680803 -0.10403004 0
1.3708513 -0.90350193 -0.10421611 0
1.6034024 -0.94496012 -0.10444266 0
1.9088283 -0.98944318 -0.10476055 0
1.9533049 -0.92168778 -0.10495883 0
2.3654177 -0.98214638 -0.10538691 0
3.01331 -1.0276304 -0.10616133 0
4.1288762 -1.1513875 -0.10740174 0
-5.6897707 -0.39903569 -0.087990612 0
-2.1467066 -0.60904026 -0.10010888 0
-1.5095788 -0.63691521 -0.10090495 0
1.4248403 -0.84667552 -0.10440478 0
1.4630398 -0.80197871 -0.10454745 0
1.6726207 -0.85476369 -0.10472 0
1.9941561 -0.85168684 -0.10515685 0
2.4090934 -0.89277929 -0.10562834 0
3.0584934 -0.90754122 -0.10646771 0
4.1627698 -1.0362103 -0.10768295 0
6.895216 -1.1560129 -0.11890046 0
-3.186765 -0.48066449 -0.091175087 0
-2.1639714 -0.52524972 -0.10025731 0
-1.5367694 -0.54123265 -0.10106445 0
1.510102 -0.73929816 -0.10473879 0
1.7350121 -0.75971711 -0.10499816 0
2.043633 -0.75562978 -0.10541979 0
2.4356804 -0.83202189 -0.10578835 0
2.4603362 -0.77045548 -0.10594742 0
3.0852227 -0.82627594 -0.10666987 0
4.2273483 -0.92838871 -0.11108256 0
-5.6986418 -0.2035003 -0.088379063 0
-3.1994596 -0.36410454 -0.091396764 0
-2.1845539 -0.39859939 -0.10048909 0
-1.5588894 -0.44425225 -0.10123339 0
-1.1528044 -0.47084954 -0.10172271 0
1.5538023 -0.67422891 -0.10493053 0
1.5834374 -0.62344754 -0.10507421 0
1.7891895 -0.65976036 -0.10527535 0
2.0869493 -0.65664196 -0.10568047 0
2.483036 -0.70814145 -0.10610537 0
3.1093733 -0.74420732 -0.10687023 0
4.3068457 -0.82130539 -0.11611979 0
6.927875 -0.95350391 -0.11935882 0
-3.208468 -0.2472019 -0.091624014 0
-2.1997876 -0.27119505 -0.1007295 0
-1.5769082 -0.34642684 -0.10140954 0
-1.1779401 -0.36576134 -0.10190421 0
1.6273754 -0.53589284 -0.10531228 0
1.8358624 -0.5560869 -0.1055501 0
2.1239326 -0.55511802 -0.10593785 0
2.5131187 -0.61333072 -0.10633978 0
3.1309209 -0.66141719 -0.10706859 0
4.3302298 -0.70067418 -0.1163981 0
-5.7013345 -0.0077822804 -0.088776171 0
-3.2137814 -0.13007316 -0.091856718 0
-2.2063603 -0.18589719 -0.10089535 0
-1.5897571 -0.24778908 -0.10159428 0
-1.1963941 -0.25929639 -0.10209747 0
1.6647494 -0.44534159 -0.10554769 0
1.859893 -0.49221841 -0.10571304 0
1.8741088 -0.44899809 -0.10582056 0
2.1476302 -0.47761071 -0.10612824 0
2.5391843 -0.51733792 -0.10657123 0
3.1498442 -0.57798815 -0.10726474 0
4.3497939 -0.5793649 -0.11667265 0
6.9541259 -0.75006485 -0.11981048 0
-3.2153945 -0.012835056 -0.092094608 0
-2.2102373 -0.10043435 -0.10106514 0
-1.5984427 -0.14869799 -0.10178553 0
-1.2080926 -0.15187904 -0.10230172 0
1.6943762 -0.35196805 -0.10577855 0
1.8979478 -0.36120614 -0.10603222 0
2.1672182 -0.39896432 -0.10631549 0
2.5601649 -0.42010701 -0.10679839 0
3.1661246 -0.49400342 -0.10745851 0
3.1797457 -0.40954646 -0.10764965 0
-5.6978474 0.18792315 -0.089181513 0
-3.2133057 0.10439554 -0.092337407 0
-2.2114143 -0.014891684 -0.10123869 0
-1.6019044 -0.049287155 -0.10198444 0
-1.2129891 -0.043937549 -0.10251617 0
1.7170496 -0.25666708 -0.10600402 0
1.9207582 -0.24982288 -0.10629081 0
2.1877809 -0.29288852 -0.1065602 0
2.577035 -0.32207927 -0.10702167 0
3.1906936 -0.32470167 -0.10783803 0
4.365519 -0.45749855 -0.1169432 0
6.9739413 -0.54589862 -0.12025504 0
-5.6881843 0.38342094 -0.089594707 0
-3.2075171 0.22150177 -0.092584923 0
-2.2077785 0.11336868 -0.10150615 0
-1.5979046 0.11642174 -0.10232906 0
-1.6011788 0.050181255 -0.10218906 0
-1.2110643 0.064097762 -0.10273993 0
1.7316284 -0.15979697 -0.10622189 0
1.9324005 -0.15959734 -0.10649114 0
2.2016087 -0.18572652 -0.10679813 0
2.5855222 -0.25630474 -0.10716771 0
2.591929 -0.19029504 -0.10731144 0
3.1989579 -0.23955354 -0.10802343 0
4.377389 -0.33519644 -0.11720951 0
-5.6881819 0.38345379 -0.089594781 0
-3.2075157 0.22152142 -0.092584968 0
-2.2022061 0.19874144 -0.10168841 0
-1.5979038 0.11643286 -0.10232909 0
-1.5925395 0.18253694 -0.10247161 0
-1.2075443 0.11802504 -0.10285506 0
1.7392833 -0.042519327 -0.10647226 0
1.9383259 -0.068816915 -0.10668495 0
2.2086463 -0.077905506 -0.10702831 0
2.5984769 -0.057833537 -0.10759141 0
2.5962486 -0.12411599 -0.10745271 0
3.20453 -0.15418696 -0.10820568 0
4.3853922 -0.21258058 -0.11747126 0
-5.6723504 0.57854897 -0.090015426 0
-3.2128401 0.33982089 -0.094121404 0
-2.1891384 0.32638609 -0.10196725 0
-1.5803289 0.28125566 -0.10269009 0
-1.1954092 0.22539388 -0.10309112 0
1.7374206 0.055423997 -0.10667028 0
1.938511 0.022156529 -0.10687143 0
2.2088661 0.030144759 -0.10724981 0
2.5986118 0.0084862113 -0.10772736 0
3.2074044 -0.068687037 -0.10838457 0
4.3895211 -0.089773193 -0.11772822 0
6.9873018 -0.34120855 -0.12069201 0
-3.2165139 0.45897174 -0.095850572 0
-2.1768515 0.4110499 -0.10215703 0
-1.5639739 0.37937289 -0.10291287 0
-1.1765227 0.33178294 -0.10333425 0
1.7273278 0.15286377 -0.10685626 0
1.930373 0.13555993 -0.10709272 0
2.2022667 0.13799351 -0.10746179 0
2.5946279 0.10787521 -0.10792553 0
3.2050517 0.10237198 -0.10873162 0
3.2075782 0.016861036 -0.10855994 0
-5.6503677 0.77304709 -0.09044306 0
-3.2177792 0.57894194 -0.097711541 0
-2.1618981 0.4952836 -0.10234953 0
-1.5424812 0.4764941 -0.10314049 0
-1.1509602 0.436768 -0.1035834 0
1.71009 0.24929637 -0.10703061 0
1.9096715 0.2704075 -0.1073411 0
1.9181484 0.22570597 -0.10726092 0
2.1930683 0.21851897 -0.10761435 0
2.5864642 0.20700853 -0.10811754 0
3.1998267 0.18776056 -0.10889946 0
4.389771 0.033103347 -0.11798015 0
6.9941945 -0.13619873 -0.12112097 0
-3.2166007 0.69974691 -0.099706359 0
-2.1442928 0.57900321 -0.1025445 0
-1.5169194 0.57262462 -0.10337153 0
-1.1188233 0.5399307 -0.10383765 0
1.684804 0.34393787 -0.10719051 0
1.8941472 0.33685789 -0.10745636 0
2.1796472 0.29844919 -0.10775999 0
2.5730979 0.30557519 -0.10830146 0
3.1919088 0.27294165 -0.10906326 0
4.3861423 0.15592656 -0.11822674 0
-5.6222558 0.9667542 -0.090877302 0
-3.2104044 0.82082725 -0.10161204 0
-2.112627 0.70334625 -0.10284147 0
-1.4863368 0.66727769 -0.1036063 0
-1.0802404 0.6408596 -0.10409596 0
1.6298378 0.49066421 -0.10741733 0
1.6526203 0.4364613 -0.10733685 0
1.861347 0.44571897 -0.10763527 0
2.1561747 0.40391946 -0.1079445 0
2.5555952 0.40349209 -0.10847849 0
3.1813059 0.35783038 -0.10922287 0
4.3786373 0.27857405 -0.1184678 0
6.9946113 0.068926543 -0.12154149 0
-2.0757556 0.82624626 -0.10314249 0
-1.451798 0.76055956 -0.10384349 0
1.5949669 0.56086236 -0.10751435 0
1.8206227 0.55187035 -0.10779808 0
2.1260934 0.5076983 -0.10811669 0
2.5247445 0.53247738 -0.10870126 0
2.541188 0.46822834 -0.10859174 0
3.1680286 0.44234204 -0.10937812 0
4.3672647 0.40092343 -0.11870307 0
-5.5880423 1.1594772 -0.091317698 0
-3.1819994 0.93748432 -0.10188892 0
-2.0477452 0.90708143 -0.10334548 0
-1.4124001 0.85189563 -0.10408328 0
1.5243866 0.6784122 -0.10766052 0
1.5564516 0.62912887 -0.10760256 0
1.771116 0.65422124 -0.1079414 0
2.0895231 0.60937208 -0.10827591 0
2.5062811 0.59617543 -0.10880694 0
3.1520898 0.52639246 -0.10952885 0
4.352035 0.5228529 -0.1189323 0
6.9885535 0.27396274 -0.12195316 0
-3.1499262 1.0531865 -0.10216874 0
-2.0171971 0.986992 -0.10355001 0
-1.3691932 0.94149262 -0.10432455 0
-1.3378968 0.99996519 -0.10448616 0
-0.92747712 0.92627513 -0.10488488 0
-0.60669124 0.90398431 -0.10526879 0
-0.36031479 0.87637985 -0.10554218 0
-0.31699747 0.9161374 -0.10568159 0
1.4281919 0.80209917 -0.10778494 0
1.4782425 0.7417748 -0.10772847 0
1.7142096 0.75265044 -0.10806669 0
2.0228262 0.75705171 -0.10848897 0
2.0581179 0.68408954 -0.10838683 0
2.4745927 0.69046193 -0.10895754 0
3.1229005 0.65133643 -0.10974557 0
-5.5477619 1.3510242 -0.091763802 0
-3.1142159 1.1678184 -0.10245125 0
-1.9841413 1.0658984 -0.10375581 0
-1.3047702 1.0574207 -0.10464818 0
-0.86489481 1.0143588 -0.10514903 0
-0.54650211 0.97219878 -0.10548903 0
-0.49821383 1.0204171 -0.10565244 0
-0.27164882 0.95356154 -0.10581892 0
-0.20865184 1.0002044 -0.10599876 0
1.3171837 0.91268456 -0.10786271 0
1.3744342 0.85914493 -0.10782973 0
1.6356441 0.864191 -0.10818986 0
1.6763947 0.8094545 -0.10813235 0
1.9569571 0.87495983 -0.10864216 0
1.9844952 0.82846409 -0.10858383 0
2.4257946 0.8137638 -0.10914467 0
3.0884786 0.77494127 -0.10995253 0
4.3329644 0.64424092 -0.1191553 0
6.9760256 0.47870564 -0.12235559 0
-3.0749049 1.2812657 -0.10273615 0
-1.9486111 1.1437219 -0.10396272 0
-1.9106418 1.2203848 -0.10417052 0
-1.2515028 1.1414268 -0.10489149 0
-0.77879143 1.1183865 -0.10547731 0
-0.44793892 1.0665603 -0.10581422 0
-0.39530659 1.1099954 -0.10597362 0
-0.15962261 1.0326575 -0.10613088 0
-0.091661394 1.07171 -0.10630184 0
-0.021740019 1.1071337 -0.106468 0
1.2091371 0.99709749 -0.10789087 0
1.272187 0.95053053 -0.10787995 0
1.5309362 0.98402327 -0.10829498 0
1.5926261 0.91716403 -0.10824072 0
1.9127564 0.94289571 -0.10872207 0
2.3843768 0.90419966 -0.10927437 0
3.0620797 0.85631484 -0.11008379 0
4.310071 0.76496625 -0.11937183 0
-5.5014544 1.5412039 -0.092215188 0
-3.032032 1.3934156 -0.10302318 0
-1.870271 1.2958112 -0.10437901 0
-1.1746974 1.2495292 -0.10521568 0
-0.68526447 1.215794 -0.10580198 0
-0.34089279 1.1511768 -0.10613081 0
-0.2650333 1.2013892 -0.10633517 0
0.032281935 1.1303433 -0.10658783 0
0.12454957 1.1632558 -0.10677872 0
0.21898943 1.1892874 -0.10695849 0
0.93229389 1.1424735 -0.10781777 0
1.0227466 1.1048599 -0.1078619 0
1.1097158 1.059773 -0.10788605 0
1.4313091 1.0771929 -0.10835235 0
1.8321171 1.0512118 -0.10883585 0
2.3382595 0.99233186 -0.10939306 0
3.017385 0.97658712 -0.11027018 0
4.2833781 0.88490903 -0.11958165 0
6.9570408 0.68295097 -0.12274834 0
-2.9856398 1.504156 -0.10331205 0
-1.8275396 1.3699253 -0.10458798 0
-1.0912228 1.3525692 -0.10553841 0
-0.62555212 1.270599 -0.10599413 0
-0.56303984 1.3221873 -0.10618344 0
-0.16645342 1.2580359 -0.10658317 0
-0.084451973 1.2974333 -0.10677363 0
0.2765452 1.2013035 -0.10706014 0
0.33465332 1.2102758 -0.10715633 0
0.43221831 1.2190851 -0.107305 0
0.53016704 1.2206891 -0.10743947 0
0.62790358 1.2140503 -0.10755675 0
0.72488642 1.2002356 -0.10765832 0
0.82036388 1.1783137 -0.10774128 0
1.2277806 1.2221631 -0.10837661 0
1.3233166 1.1605225 -0.10837833 0
1.7437234 1.1532985 -0.10892651 0
2.252893 1.1344126 -0.10956962 0
2.2884738 1.0784452 -0.1095027 0
2.9676681 1.0948719 -0.1104458 0
-5.4491663 1.7298267 -0.092671402 0
-1.7588277 1.4782883 -0.10490184 0
-1.0246296 1.4264594 -0.10577884 0
-0.97819513 1.4738127 -0.10593799 0
-0.47619957 1.3864837 -0.10643139 0
-0.40861356 1.4312193 -0.10661349 0
-0.02147311 1.323709 -0.10691177 0
0.042800725 1.3466358 -0.10704474 0
0.12997618 1.3726513 -0.10721471 0
0.21861967 1.3931136 -0.10737528 0
0.95930409 1.3449328 -0.10826845 0
1.0233605 1.3214064 -0.10830605 0
1.1273992 1.2755514 -0.10835149 0
1.6271325 1.2658352 -0.10900076 0
1.6869088 1.2111011 -0.10896876 0
2.1765208 1.2428396 -0.10968935 0
2.2155628 1.1892289 -0.10963189 0
2.9312301 1.1722722 -0.11055546 0
6.9316177 0.88649547 -0.12313103 0
-2.935775 1.6133767 -0.10360242 0
-1.6856161 1.5836632 -0.10521562 0
-0.93028885 1.5196766 -0.10609603 0
-0.8809588 1.5640051 -0.10625283 0
-0.3387683 1.4723382 -0.10679119 0
-0.26725429 1.5104811 -0.10696506 0
0.28582671 1.4049441 -0.10748953 0
0.35356301 1.413223 -0.10759715 0
0.44432104 1.4194949 -0.10773155 0
0.53529394 1.420027 -0.10785444 0
0.62611908 1.4148172 -0.10796539 0
0.73884135 1.3999691 -0.10808594 0
0.85016483 1.3768641 -0.1081877 0
0.91597283 1.3588077 -0.10823885 0
1.4561282 1.3977865 -0.10904197 0
1.5437143 1.3345113 -0.10902969 0
2.1146321 1.3207109 -0.10976592 0
-5.3909488 1.9167049 -0.09313193 0
-2.8824868 1.7209687 -0.10389405 0
-1.6338892 1.6518044 -0.10542439 0
-1.5800371 1.7182788 -0.1056326 0
-0.83025378 1.6067543 -0.10640825 0
-0.77822447 1.6478815 -0.10656213 0
-0.21854496 1.5338833 -0.10707819 0
-0.14407659 1.5658771 -0.10724338 0
-0.042693019 1.6032481 -0.10745565 0
1.2698652 1.5071474 -0.10901643 0
1.3647237 1.4554085 -0.1090375 0
2.0267797 1.4200417 -0.10985166 0
6.8997831 1.0891359 -0.12350327 0
-2.8258288 1.8268248 -0.10418665 0
-1.5241134 1.7830198 -0.10584003 0
-0.72492284 1.6873457 -0.1067143 0
-0.67040187 1.7251074 -0.10686462 0
0.060846567 1.6341469 -0.1076575 0
0.16612965 1.6584502 -0.10784823 0
0.27273658 1.6760612 -0.10802706 0
0.38024235 1.6869096 -0.10819323 0
0.86362684 1.6515176 -0.10876808 0
0.96840578 1.6251266 -0.10885429 0
1.0713105 1.5921761 -0.10892463 0
1.1719306 1.5527973 -0.10897874 0
1.8587692 1.5800282 -0.10995422 0
1.9328334 1.5136305 -0.10991748 0
-5.3268614 2.1016519 -0.093596414 0
-4.8239121 2.1111155 -0.069844022 0
-2.765857 1.9308393 -0.10447992 0
-1.4362249 1.8765044 -0.10614911 0
-0.61471617 1.7611293 -0.10701294 0
-0.52899683 1.8115932 -0.10723104 0
0.46119916 1.6907941 -0.10830958 0
0.54224825 1.690415 -0.10841733 0
0.65012252 1.6842271 -0.10854913 0
0.75739127 1.6712441 -0.10866619 0
1.7013028 1.7015336 -0.10999215 0
1.7813151 1.6424385 -0.10997827 0
6.8615661 1.2906704 -0.12386471 0
-2.7026317 2.0329089 -0.10477357 0
-1.3444796 1.9662073 -0.10645563 0
-0.41134006 1.8727651 -0.10751386 0
-0.32079375 1.9139445 -0.10771939 0
1.561646 1.790812 -0.10998791 0
1.6463447 1.7386549 -0.10999455 0
4.0451798 1.5814999 -0.12068887 0
-2.6362157 2.1329315 -0.10506728 0
-1.2808464 2.0233884 -0.1066579 0
-1.2154398 2.0785322 -0.1068584 0
-0.22820699 1.9503044 -0.10791782 0
-0.13417184 1.9827352 -0.10811009 0
-0.070620418 2.0017004 -0.10823401 0
1.2945547 1.9233886 -0.10990171 0
1.3855758 1.883271 -0.10994145 0
1.4748275 1.8393583 -0.10997107 0
2.49929 1.8065457 -0.11127569 0
3.9928422 1.6926738 -0.12084642 0
6.8170071 1.4908981 -0.12421501 0
-2.5666752 2.2308075 -0.10536078 0
-1.1139469 2.1570368 -0.10715503 0
-0.0065019727 2.0186501 -0.10835456 0
0.090649605 2.0400016 -0.10852836 0
0.18861383 2.057246 -0.10869487 0
0.28734928 2.0693133 -0.10885178 0
0.38650513 2.0772147 -0.10900073 0
0.48593926 2.0798895 -0.10913935 0
0.71766871 2.0686924 -0.10942671 0
0.7835089 2.0607235 -0.10949855 0
0.88166761 2.0446262 -0.10959704 0
0.97906196 2.0244119 -0.10968609 0
1.0752581 1.9991027 -0.10976307 0
1.1703039 1.9697676 -0.10983028 0
1.2327955 1.9475588 -0.10986848 0
2.380012 1.9291831 -0.11136704 0
2.440619 1.8688058 -0.11132457 0
-2.4940794 2.3264396 -0.10565379 0
-1.0092402 2.2312002 -0.10744708 0
-0.93740869 2.2776661 -0.1076384 0
0.5853979 2.0783772 -0.10926943 0
0.65160978 2.074579 -0.10935031 0
2.2853808 2.0158329 -0.11141773 0
-2.4185009 2.4197319 -0.105946 0
-0.86414599 2.321841 -0.10782695 0
-0.78952551 2.3636813 -0.10801251 0
2.1194572 2.1506851 -0.11147164 0
2.1871867 2.0984228 -0.11145534 0
-2.3400147 2.5105917 -0.10623714 0
-0.71362132 2.4031446 -0.10819495 0
-0.63650918 2.4401925 -0.10837407 0
1.9792191 2.2486675 -0.11148448 0
2.0501118 2.2007835 -0.11148138 0
-2.2586994 2.5989287 -0.10652687 0
-0.55826592 2.4747875 -0.10854966 0
-0.47896957 2.5068951 -0.10872161 0
-0.39869916 2.5364833 -0.10888965 0
1.7955254 2.3580868 -0.11146251 0
1.9068503 2.2942896 -0.11148097 0
-2.1746364 2.6846545 -0.10681496 0
-0.27654588 2.5757544 -0.10913357 0
-0.15284824 2.6098499 -0.10936902 0
1.445768 2.5181417 -0.11132189 0
1.5254334 2.4869635 -0.11136473 0
1.604075 2.4532857 -0.11140107 0
1.6816142 2.4171424 -0.11143089 0
-2.0879087 2.7676835 -0.10710108 0
-1.9986029 2.8479335 -0.10738497 0
-0.069490373 2.6290917 -0.10952003 0
0.014433384 2.6456926 -0.10966639 0
0.098839343 2.6596353 -0.10980797 0
0.22620213 2.6752012 -0.11001037 0
0.35410705 2.6853929 -0.11020251 0
0.43959689 2.6885931 -0.11032355 0
0.95077991 2.6511631 -0.1109314 0
1.0348916 2.6355443 -0.11101205 0
1.1184682 2.6172781 -0.11108657 0
1.2014265 2.5963829 -0.11115487 0
1.3244209 2.5598342 -0.11124472 0
-1.9068084 2.925324 -0.10766634 0
0.52514505 2.6890931 -0.11043912 0
0.61066639 2.6868918 -0.11054914 0
0.69607556 2.6819923 -0.11065348 0
0.82375228 2.6692588 -0.11079834 0
-4.5168915 3.1967843 -0.084280834 0
-1.8126167 2.999778 -0.10794488 0
3.3302941 2.6484263 -0.12191602 0
-1.7161212 3.0712214 -0.10822038 0
3.0514801 2.797708 -0.11404438 0
3.168643 2.7462327 -0.11780947 0
-1.6174186 3.1395829 -0.1084925 0
-1.5166072 3.2047942 -0.108761 0
2.9612448 2.8769069 -0.11408571 0
6.419373 2.6537628 -0.12606338 0
-4.6116829 3.4900723 -0.097396694 0
-1.4137876 3.2667906 -0.10902561 0
-1.3090619 3.3255103 -0.10928606 0
-1.2025349 3.3808944 -0.1095421 0
2.6761801 3.096874 -0.11415435 0
6.3320041 2.8393531 -0.12632637 0
-4.4983134 3.6496334 -0.097875193 0
-1.0943124 3.432888 -0.10979347 0
-0.98450273 3.4814394 -0.11003993 0
2.4751234 3.2281048 -0.11415381 0
2.5766878 3.1640766 -0.11415872 0
-0.87321502 3.5264997 -0.11028119 0
-0.76056039 3.5680246 -0.11051707 0
2.2661858 3.3463864 -0.11411621 0
2.3715885 3.2888949 -0.11413962 0
-4.3799639 3.8055358 -0.098352849 0
-0.64665097 3.6059721 -0.11074726 0
-0.53160048 3.6403041 -0.11097157 0
2.0502005 3.451247 -0.11404167 0
2.1590211 3.4005215 -0.11408353 0
-4.2743211 3.9723191 -0.10003618 0
-0.41552347 3.6709878 -0.11118984 0
-0.29853594 3.6979918 -0.11140177 0
-0.18075418 3.7212889 -0.11160719 0
1.7148976 3.5824752 -0.11386135 0
1.8280281 3.5422692 -0.11393052 0
1.9398329 3.498512 -0.11399066 0
-0.062295794 3.7408564 -0.11180587 0
0.05672133 3.7566745 -0.11199763 0
0.17617834 3.7687275 -0.11218226 0
0.29595622 3.7770038 -0.1123596 0
0.41593561 3.7814941 -0.11252946 0
0.53599691 3.7821951 -0.11269166 0
0.89547569 3.7615705 -0.11313077 0
1.0146687 3.7471428 -0.11326085 0
1.1333468 3.7289596 -0.11338253 0
1.2513916 3.7070391 -0.11349572 0
1.3686857 3.6814029 -0.11360031 0
1.485112 3.652077 -0.11369617 0
1.6005542 3.6190901 -0.1137832 0
-4.2238302 4.1904693 -0.10602227 0
0.6560204 3.7791054 -0.11284603 0
0.77588648 3.772228 -0.11299246 0
-4.1042004 4.3523073 -0.10764548 0
5.2963209 4.3602176 -0.12805332 0
5.1556425 4.5095062 -0.12817059 0
-3.1984129 5.1407437 -0.11047261 0
5.0103211 4.6542797 -0.12827241 0
-3.033638 5.2548642 -0.11092691 0
4.8605022 4.794394 -0.12835865 0
-2.8653426 5.3637261 -0.11137514 0
-2.6936951 5.4672208 -0.11181691 0
4.7063346 4.929709 -0.12842926 0
-2.5188651 5.5652452 -0.11225167 0
4.5479722 5.0600896 -0.12848416 0
-2.3410282 5.657701 -0.1126791 0
4.3855724 5.1854067 -0.12852326 0
-2.1603615 5.7444968 -0.11309874 0
4.2192974 5.3055348 -0.12854657 0
-1.9770448 5.8255458 -0.11351014 0
4.0493135 5.4203534 -0.12855403 0
-1.791261 5.9007668 -0.11391292 0
3.8757892 5.5297499 -0.12854564 0
-1.6031953 5.9700856 -0.1143067 0
3.6988978 5.6336136 -0.12852143 0
-1.4130353 6.033433 -0.11469102 0
-1.2209699 6.090744 -0.11506546 0
3.5188153 5.731842 -0.12848139 0
-1.0271918 6.1419644 -0.11542982 0
3.1497998 5.911005 -0.1283541 0
3.335722 5.8243361 -0.12842558 0
-0.83189321 6.1870422 -0.11578364 0
-0.63526928 6.2259316 -0.11612653 0
2.9612341 5.9917607 -0.12826693 0
-0.43751574 6.2585945 -0.1164582 0
-0.23882985 6.2849984 -0.11677832 0
-0.039409757 6.3051171 -0.11708654 0
1.755532 6.2021112 -0.11927916 0
1.9513397 6.1593118 -0.11945375 0
2.1624372 6.1726537 -0.12314496 0
2.5769265 6.1352201 -0.12804602 0
2.7702129 6.066524 -0.12816422 0
0.16054606 6.3189301 -0.11738256 0
0.360838 6.3264241 -0.11766611 0
0.56126642 6.3275909 -0.1179369 0
0.76163173 6.3224306 -0.11819464 0
0.96173394 6.3109474 -0.11843907 0
1.1613737 6.2931523 -0.11866996 0
1.3603522 6.2690649 -0.11888708 0
1.5584707 6.2387075 -0.11909021 0
2.3815677 6.1977801 -0.12791252 0
-7.0275922 -12.838708 0.0047174469 0
-7.2455268 -12.304478 0.0099048084 0
-7.4523687 -11.791694 0.014654956 0
-7.6491179 -11.298269 0.019002408 0
-7.8366585 -10.822341 0.022977628 0
-8.0157824 -10.362236 0.026607465 0
-8.1871958 -9.9164495 0.029915633 0
-8.3515358 -9.4836159 0.032923095 0
-8.5093756 -9.0624971 0.035648443 0
-8.661231 -8.6519566 0.038108066 0
-8.8075724 -8.2509556 0.040316556 0
-8.9488287 -7.8585377 0.042286795 0
-9.3458176 -6.7241979 0.046874695 0
-9.4703188 -6.3578076 0.047992349 0
-9.5913877 -5.9961009 0.048916031 0
-9.7092867 -5.6384254 0.049651355 0
-9.824255 -5.2841573 0.050203025 0
-9.9365177 -4.9326997 0.050574925 0
-10.046283 -4.5834737 0.050770137 0
3.1894269 -3.6547303 -0.0053285798 0
3.219533 -3.4625754 0.0012772912 0
3.2968268 -3.3393414 0.0033624673 0
3.403933 -3.2534859 0.0027513499 0
3.5465801 -3.2040572 -0.00072620576 0
3.7737322 -3.2319472 -0.010381595 0
-10.760048 -2.1551313 0.047290877 0
-10.85615 -1.8040464 0.046094675 0
-10.951224 -1.4502602 0.044716544 0
2.6372919 -2.2544353 -0.041051701 0
2.5961714 -2.077317 -0.027806938 0
-11.045407 -1.0931892 0.043152191 0
-0.078071356 -1.7262403 -0.021080185 0
0.01901862 -1.6979123 -0.013374348 0
2.618814 -1.9115579 -0.019746315 0
0.080329657 -1.680024 -0.0088286232 0
0.13940993 -1.6627872 -0.004683889 0
0.21490759 -1.6407769 -0.0094320569 0
0.30542839 -1.6144001 -0.022966223 0
2.6746094 -1.7831974 -0.016496919 0
0.35768375 -1.5991552 -0.019802306 0
0.43358922 -1.5770115 -0.015697047 0
0.53131998 -1.5485477 -0.038728904 0
2.72839 -1.7130188 -0.016625995 0
-11.138832 -0.73223132 0.041396514 0
0.64893025 -1.5142407 -0.034234297 0
0.76336145 -1.4808633 -0.03138563 0
0.83097744 -1.4611424 -0.030483799 0
2.7951984 -1.6520696 -0.018394716 0
2.8786037 -1.6006939 -0.0220815 0
2.9878244 -1.5622672 -0.028535159 0
3.1581244 -1.5537809 -0.041190155 0
-11.23163 -0.36675805 0.039443504 0
-11.323936 0.0038888454 0.037286241 0
-11.415881 0.38040173 0.034916796 0
-11.507598 0.76351362 0.032326091 0
-11.508189 0.7636162 0.032316271 0
-11.599822 1.1541274 0.029493865 0
3.3057687 0.74569058 -0.032082278 0
3.1584909 0.88942075 -0.023546856 0
3.2056074 0.81104523 -0.025255129 0
3.1446311 0.97905219 -0.025225339 0
2.4307775 1.1238852 -0.052870214 0
2.5720325 1.0787662 -0.065359145 0
2.5769382 1.0814763 0.016992914 0
3.1769304 1.0890708 -0.031665374 0
2.3212898 1.2211641 -0.047980241 0
2.2719989 1.3147683 -0.049845148 0
2.2565014 1.3922099 -0.054320194 0
2.2675481 1.4954537 -0.02245735 0
-4.6038513 2.2123961 -0.0617592 0
-11.968299 2.807622 0.015635859 0
-4.4680762 2.3425064 -0.058566146 0
-4.3805513 2.4927239 -0.058374487 0
-4.3353291 2.6657898 -0.060980156 0
-12.061666 3.2489121 0.011451443 0
-4.3445253 2.8746524 -0.06728103 0
2.6172891 2.6380112 -0.077861257 0
-12.155868 3.7037086 0.0069410978 0
-2.5327675 3.0474591 -0.00038430048 0
2.5487657 2.7256122 -0.080354981 0
-2.3866076 3.0900905 0.0030163494 0
-2.2449975 3.1313949 0.006092893 0
-2.1074579 3.1715109 0.008865742 0
-2.1483402 3.4389477 -0.0039530387 0
-12.251087 4.1733794 0.0020816457 0
-12.347524 4.659431 -0.003152933 0
-1.891094 -6.7443075 0.12024955 0
2.5977023 -6.320611 0.12200695 0
2.7994545 -6.2617731 0.12141936 0
-10.153749 -4.2359152 0.050790951 0
-5.0519199 -4.3367529 0.12138809 0
-10.259102 -3.8894734 0.050638914 0
-5.201426 -4.1710315 0.12090385 0
-10.362517 -3.5436072 0.050314881 0
-10.464164 -3.1977777 0.049819004 0
-10.564199 -2.8514485 0.049150668 0
-10.662779 -2.504081 0.04830863 0
-0.044654816 -1.7163334 0.076216176 0
0.019142836 -1.6977224 0.079268575 0
0.080451548 -1.6798379 0.082052588 0
0.13952968 -1.6626043 0.084588699 0
0.23344122 -1.6352417 0.069128342 0
0.30554301 -1.6142249 0.062538609 0
0.35779694 -1.5989823 0.064604767 0
0.43370047 -1.5768416 0.067280412 0
0.53146595 -1.5483247 0.070193075 0
0.64907372 -1.5140215 0.072780147 0
0.76350331 -1.4806466 0.074388549 0
0.83111864 -1.4609268 0.074873209 0
-8.069108 1.0855526 0.086280212 0
-7.9103346 1.3361824 0.087668829 0
3.2926466 0.74228346 0.070749164 0
-8.0450048 1.6361712 0.084005132 0
3.1538131 0.88797837 0.07535404 0
3.1997621 0.80941331 0.074433059 0
3.1391048 0.97711885 0.074335247 0
2.4265914 1.1353586 0.052395459 0
2.4776011 1.1103721 0.10343263 0
2.5818834 1.0842072 0.099218667 0
3.1657317 1.0845857 0.070708632 0
2.3305392 1.2276015 0.067835622 0
2.2820771 1.3224752 0.066625156 0
2.2676919 1.401315 0.063901305 0
2.2815049 1.5075198 0.099282064 0
-4.9078588 2.1452484 0.12900439 0
-6.0808301 4.2005353 0.091584325 0
-5.7749081 4.2897615 0.094578937 0
-5.8513298 4.644002 0.089286916 0
-6.1196313 5.1704845 0.07928095 0
-6.0954885 5.4964538 0.075326674 0
-3.4035752 6.2261362 0.091735244 0
-3.1736178 6.2932038 0.092359923 0
3.2083256 -3.6796472 0.15221722 0
3.2285664 -3.4734302 0.15441222 0
3.3024006 -3.3454015 0.1549672 0
3.4066658 -3.25599 0.15462656 0
3.545372 -3.2022641 0.15337153 0
3.7571342 -3.2151313 0.15035585 0
1.0627985 -2.1538045 0.19292717 0
-0.044529259 -1.7161416 0.16982725 0
0.019265831 -1.6975348 0.17097169 0
0.080572158 -1.6796538 0.17201191 0
0.13964817 -1.6624235 0.17295572 0
0.22436796 -1.6377138 0.17419542 0
0.30569416 -1.6139941 0.17527334 0
0.35794619 -1.5987544 0.17589222 0
0.43384716 -1.5766175 0.17668298 0
0.53160989 -1.548105 0.17752419 0
0.6492151 -1.5138054 0.17823155 0
0.76364303 -1.4804331 0.17861788 0
0.83125782 -1.4607142 0.1786914 0
0.14654681 -0.15282275 0.14588787 0
0.22309208 -0.15493584 0.14578956 0
0.16520762 -0.037995763 0.14562778 0
0.19741186 -0.086913452 0.14568473 0
0.17039031 0.041404828 0.14545825 0
0.20868015 0.085721001 0.14531621 0
0.16681439 0.15768331 0.145225 0
0.24298483 0.14982785 0.14513895 0
3.3615093 0.76123899 0.17060767 0
3.2129719 0.86055809 0.17258669 0
3.1757138 0.99109375 0.17223509 0
2.4123507 1.1548402 0.18367824 0
2.4830103 1.1135637 0.18297385 0
2.5868783 1.0869646 0.18152435 0
2.3394194 1.2337867 0.18393005 0
3.2238855 1.1088184 0.17039119 0
2.291708 1.3298458 0.18350282 0
2.278379 1.4100158 0.18268101 0
2.2901783 1.5150241 0.18112108 0
-4.6570258 2.2361753 0.13190734 0
-4.5137935 2.3647707 0.13279429 0
-4.4246702 2.5159719 0.13258798 0
-4.3823614 2.6924636 0.13136721 0
-4.4040685 2.9108045 0.12871715 0
-2.5327303 3.0479345 0.15034713 0
-2.3865666 3.0905647 0.15129091 0
-2.2449527 3.1318672 0.15213257 0
-2.107409 3.1719828 0.15287837 0
-2.1233721 3.4068971 0.14902876 0
-2.2396581 3.8031466 0.14160593 0
3.2298574 -3.7081127 0.31184405 0
3.237684 -3.4843879 0.3083567 0
3.3079515 -3.3514321 0.30696815 0
3.4094467 -3.2585464 0.30658218 0
3.5445123 -3.2008359 0.30714783 0
3.7446837 -3.202388 0.30935803 0
0.99544215 -1.8985035 0.26494613 0
-0.044283241 -1.7156398 0.29425213 0
0.019499272 -1.6970401 0.2928606 0
0.080793738 -1.6791658 0.29158294 0
0.13985837 -1.6619416 0.29041034 0
0.22456208 -1.6372406 0.28884247 0
0.3058731 -1.6135288 0.28744954 0
0.93852693 -1.6828134 0.32082227 0
0.35811549 -1.5982938 0.28662825 0
0.43400276 -1.5761634 0.28554344 0
0.53174818 -1.5476582 0.28432351 0
0.64933324 -1.5133668 0.28316045 0
0.76374221 -1.480001 0.28233072 0
0.83134615 -1.4602851 0.28199518 0
3.3089032 0.94132817 0.27394792 0
2.4886799 1.1169041 0.26284894 0
2.5919251 1.0897498 0.2641165 0
2.3654826 1.2089461 0.26183298 0
2.4182518 1.1585586 0.26217082 0
2.3122101 1.3012069 0.26187301 0
2.2860382 1.4162468 0.26252538 0
2.2999518 1.5234712 0.26366931 0
-4.6353583 2.4231334 0.32896924 0
-4.5403128 2.5760732 0.32822677 0
-1.8906821 -6.7435784 0.36937413 0
-5.0267673 -4.3169441 0.36623672 0
-5.1949902 -4.166081 0.36691594 0
-0.044157714 -1.715448 0.38784954 0
0.019622266 -1.6968524 0.38455033 0
0.080914348 -1.6789815 0.38152906 0
0.13997686 -1.6617608 0.37876439 0
0.2339157 -1.6343387 0.39385834 0
0.30602425 -1.6132979 0.40016758 0
0.35826468 -1.598066 0.39789918 0
0.43414944 -1.5759394 0.39492971 0
0.53189206 -1.5474385 0.39163861 0
0.64947462 -1.5131509 0.38859606 0
0.76388186 -1.4797876 0.38654435 0
0.85205007 -1.4770352 0.37897906 0
0.87634361 -1.446947 0.4115687 0
-8.0565729 0.81100082 0.38765213 0
-7.756104 1.0458193 0.38201663 0
-7.6634741 1.2970312 0.38040763 0
-7.6923027 1.5684847 0.38121438 0
2.4944057 1.1202775 0.34327236 0
2.5970454 1.0925745 0.34720394 0
-7.9966836 1.9076302 0.38734657 0
2.3747811 1.2152034 0.37994736 0
2.4272244 1.1642119 0.38115996 0
2.3223038 1.308696 0.38056043 0
2.2938159 1.4225732 0.34315172 0
2.3100104 1.5321635 0.34722617 0
-4.8140225 2.3054028 0.33143353 0
-4.5118642 2.7649813 0.32892022 0
-4.6306248 3.0468183 0.33275607 0
-6.0804644 4.2010937 0.3644647 0
-5.7745523 4.2903051 0.36028442 0
-5.8144641 4.6177549 0.36354634 0
-5.9156842 5.0114274 0.36843881 0
-5.8189473 5.2660322 0.36927345 0
-5.8811135 5.6698933 0.37395996 0
-3.4032309 6.2266626 0.34884048 0
-3.1732759 6.293726 0.34732452 0
-0.044030935 -1.7152543 0.48240611 0
0.019746482 -1.6966627 0.47717965 0
0.08103621 -1.6787956 0.47239694 0
0.14009655 -1.6615779 0.46802384 0
0.21559553 -1.6395515 0.4724786 0
0.30613887 -1.6131229 0.48565975 0
0.35837784 -1.5978931 0.48229373 0
0.43426067 -1.5757695 0.47789484 0
0.53203809 -1.5472153 0.50054425 0
0.64961809 -1.5129318 0.49559441 0
0.76402366 -1.4795711 0.49230257 0
0.83162653 -1.4598567 0.49113876 0
0.8764497 -1.446785 0.49071336 0
2.3017349 1.4290148 0.42477748 0
-1.8903475 -6.7430673 0.61879909 0
-5.002317 -4.2976837 0.60923487 0
-5.1953554 -4.1660838 0.61316049 0
-0.043902457 -1.7150582 0.57820916 0
0.019872338 -1.6964705 0.57103008 0
0.081201524 -1.6785431 0.5956853 0
0.14025894 -1.66133 0.58912981 0
0.22495309 -1.6366435 0.58042163 0
0.30625567 -1.6129445 0.57274455 0
0.35849312 -1.5977169 0.56826043 0
0.43437397 -1.5755963 0.56240553 0
0.53214973 -1.5470449 0.58383089 0
0.64972776 -1.5127642 0.57742232 0
0.76416898 -1.479349 0.60070395 0
0.83177125 -1.4596357 0.59911239 0
0.87659431 -1.4465641 0.59854698 0
-5.7741957 4.2908502 0.62631398 0
-3.4028859 6.2271895 0.60625935 0
-3.1729343 6.2942486 0.60260016 0
-0.043771029 -1.7148576 0.67620736 0
0.020001054 -1.6962738 0.66703087 0
0.081328511 -1.6783491 0.690368 0
0.14038366 -1.6611395 0.68213665 0
0.2250748 -1.6364577 0.67120528 0
0.30637476 -1.6127627 0.66157156 0
0.35861069 -1.5975374 0.65594709 0
0.43448955 -1.5754199 0.64860696 0
0.53222573 -1.5469288 0.64051253 0
0.64980251 -1.51265 0.6331113 0
-7.9601617 0.80228615 0.68292785 0
-7.70227 1.0395122 0.6700604 0
-7.6142859 1.289746 0.66674984 0
-7.6372085 1.5584705 0.6698755 0
-7.85956 1.8772254 0.6843648 0
-7.2722731 3.9842505 0.68821251 0
-6.8996987 4.0928855 0.67296016 0
-6.4033103 4.10741 0.650105 0
-6.0800982 4.2016535 0.63767791 0
-5.7779756 4.5917768 0.63499981 0
-5.8553319 4.9649644 0.6493957 0
-5.752223 5.2111092 0.65267527 0
-5.7610722 5.5637889 0.66439956 0
-4.9789448 -4.2792635 0.85110855 0
-6.0797305 4.2022147 0.91189301 0
-5.7738376 4.2913971 0.89331913 0
-3.4025393 6.2277188 0.86462218 0
-3.1725907 6.2947731 0.85881186 0
-7.8081274 1.0538371 0.96965009 0
-7.7055321 1.3051337 0.96327168 0
-7.7480488 1.580651 0.97064179 0
-7.2718616 3.9848785 0.99488658 0
-6.4029322 4.1079874 0.93221933 0
-6.0628815 4.8019652 0.93915313 0
-5.8847046 4.9888887 0.93600291 0
-5.7871156 5.241219 0.94261819 0
-5.8377523 5.6331515 0.96765351 0
-4.956418 -4.2615004 1.0925534 0
-4.9345646 -4.2442617 1.3342425 0
-6.2453222 4.936924 1.2543796 0
-6.046731 5.11693 1.2476857 0
-6.0032558 5.4230661 1.2665157 0
-4.9132528 -4.2274432 1.5768406 0
2.4556863 -4.6941972 -0.10005289 0
2.5362637 -4.650228 -0.099984281 0
2.61606 -4.6048565 -0.099918365 0
2.69505 -4.5580955 -0.099855177 0
2.77321 -4.5099597 -0.099794753 0
2.88873 -4.4350448 -0.099709623 0
3.0024714 -4.3574557 -0.099630132 0
3.0770748 -4.3039737 -0.099580899 0
3.1507308 -4.2491951 -0.099534474 0
3.2234178 -4.1931362 -0.099490933 0
3.2951124 -4.1358147 -0.099450253 0
3.3657937 -4.0772476 -0.099412426 0
3.4354393 -4.0174532 -0.09937752 0
3.5040286 -3.9564497 -0.099345483 0
3.5715404 -3.8942556 -0.099316388 0
3.6379535 -3.8308904 -0.099290177 0
3.703248 -3.7663732 -0.099266894 0
3.7989032 -3.6673427 -0.099237874 0
3.8922224 -3.5661085 -0.09921471 0
3.9528461 -3.4971838 -0.099203199 0
4.0122552 -3.4272099 -0.099194638 0
4.0704308 -3.3562071 -0.099189043 0
4.1273556 -3.2841976 -0.099186398 0
-0.61558431 -3.1518919 -0.10627076 0
-0.5615139 -3.1618841 -0.1061805 0
-0.85636634 -3.0951753 -0.10668636 0
-0.74989569 -3.1226699 -0.10649987 0
-0.66947174 -3.140955 -0.1063618 0
1.4396839 -2.8511076 -0.10360175 0
-1.143522 -3.0006785 -0.1072121 0
-1.0660986 -3.0291021 -0.10706703 0
-0.96181047 -3.0639737 -0.10687549 0
1.5362115 -2.7984357 -0.10351949 0
1.6308377 -2.7424202 -0.1034438 0
-1.3459445 -2.9147594 -0.10760428 0
-1.2706976 -2.9485266 -0.10745644 0
-1.1946837 -2.9805298 -0.10730945 0
1.7234466 -2.6831293 -0.10337474 0
1.8139248 -2.620635 -0.10331237 0
4.7069378 -2.3498688 -0.099384636 0
-1.4691622 -2.8538435 -0.10785267 0
-1.3955719 -2.891083 -0.10770335 0
1.9021616 -2.5550144 -0.10325678 0
1.9668791 -2.5038884 -0.10321935 0
4.7461624 -2.26688 -0.099420145 0
-1.6133995 -2.7738492 -0.10815313 0
-1.541864 -2.8148978 -0.1080026 0
2.0092189 -2.4688063 -0.10319671 0
2.0714817 -2.4147182 -0.1031662 0
4.7839284 -2.1832178 -0.099458553 0
4.8202252 -2.0989079 -0.099499859 0
-1.7761619 -2.6712153 -0.10850606 0
-1.7071402 -2.7163627 -0.10835458 0
2.1720262 -2.3210058 -0.10312404 0
4.8550415 -2.0139763 -0.099544004 0
-1.9103963 -2.5753682 -0.10880964 0
-1.8438382 -2.6240747 -0.10865779 0
2.2686627 -2.2232695 -0.10309213 0
2.3245635 -2.1626289 -0.10307826 0
4.8883672 -1.9284484 -0.099591017 0
-1.9970121 -2.5076149 -0.10901215 0
-1.9540007 -2.5418704 -0.10891092 0
2.3786731 -2.1003847 -0.1030688 0
2.4313157 -2.0368958 -0.10306288 0
4.9201913 -1.8423506 -0.099640831 0
5.0414672 -1.7866516 -0.10456073 0
-2.1223607 -2.4004083 -0.10931548 0
-2.0603116 -2.4547422 -0.10916389 0
-0.53930897 -2.2439764 -0.10717545 0
-0.4435643 -2.2645733 -0.10701237 0
2.4654157 -1.9937609 -0.10306128 0
2.4987555 -1.9500366 -0.10306148 0
5.1211028 -1.7140374 -0.10729456 0
-2.2027268 -2.3253474 -0.10951702 0
-2.1628718 -2.363229 -0.10941633 0
-0.74607253 -2.1836262 -0.10754538 0
-0.65283638 -2.2135975 -0.10737549 0
-0.59629416 -2.2296145 -0.10727486 0
1.0380902 -2.0411994 -0.10509553 0
1.1402459 -1.9831163 -0.10501114 0
2.5472205 -1.8833036 -0.10306529 0
2.5941162 -1.8154587 -0.10307264 0
5.1491408 -1.6239018 -0.10735444 0
-2.2611654 -2.2671475 -0.10966763 0
-0.96391696 -2.0956261 -0.10796246 0
-0.85614944 -2.1424849 -0.10775241 0
1.2392143 -1.9197544 -0.10493734 0
1.3191413 -1.8631607 -0.10488381 0
2.639014 -1.7462754 -0.10308444 0
5.1755972 -1.5332899 -0.10741717 0
-2.3551011 -2.1668108 -0.10991729 0
-1.1377081 -2.0053775 -0.10831764 0
-1.0690777 -2.0431786 -0.10817496 0
1.3658851 -1.8275442 -0.10485531 0
1.4265078 -1.7779069 -0.10482223 0
1.4856578 -1.7265236 -0.10479324 0
2.6822863 -1.676064 -0.10309973 0
5.2121015 -1.3964878 -0.10751692 0
-2.4448638 -2.0627244 -0.11016507 0
-1.2542268 -1.9331192 -0.10856894 0
-1.1881602 -1.9752419 -0.10842516 0
-0.18251234 -1.7943631 -0.10715692 0
1.5286473 -1.686456 -0.10477521 0
1.5843825 -1.6313865 -0.10475535 0
5.2454047 -1.258872 -0.10762227 0
-2.5132203 -1.9765891 -0.11036146 0
-1.3817395 -1.8420722 -0.10885732 0
-1.3187796 -1.8887112 -0.10871305 0
-0.49538288 -1.7350154 -0.10768092 0
-0.39233065 -1.7609872 -0.10750115 0
-0.28794003 -1.7809091 -0.10732617 0
-0.22781001 -1.7895005 -0.10722863 0
0.70568186 -1.6445262 -0.10602568 0
0.77395111 -1.6113083 -0.10596303 0
1.6249638 -1.5888816 -0.10474358 0
1.6770542 -1.5303535 -0.10473292 0
5.2654614 -1.1666322 -0.10769618 0
-2.5785217 -1.8881156 -0.11055598 0
-1.4877621 -1.755152 -0.10910966 0
-1.4279215 -1.80573 -0.10896553 0
-0.69566661 -1.664127 -0.10805317 0
-0.61090267 -1.6975087 -0.10789184 0
-0.55352557 -1.717441 -0.1077856 0
0.82760626 -1.5828383 -0.10591641 0
0.89293838 -1.5441649 -0.10586417 0
0.96937323 -1.494599 -0.10580786 0
1.7274162 -1.4703317 -0.10472643 0
1.7635916 -1.4240193 -0.10472538 0
5.2839017 -1.0740557 -0.10777283 0
-2.6406889 -1.7974123 -0.11074844 0
-1.5884612 -1.6621164 -0.10936107 0
-1.5461025 -1.7028508 -0.10925352 0
-0.88588029 -1.5694586 -0.10843731 0
-0.81916714 -1.6056983 -0.10829919 0
-0.75122714 -1.6395823 -0.10816188 0
-0.028387815 -1.4804517 -0.10728292 0
0.070531115 -1.4777627 -0.10714126 0
0.16901997 -1.4681643 -0.10700797 0
0.2665967 -1.4517033 -0.10688371 0
1.0065541 -1.4682724 -0.10578296 0
1.0666732 -1.4219085 -0.10574692 0
1.1251334 -1.3734699 -0.10571565 0
1.7986772 -1.3768759 -0.10472685 0
1.8323737 -1.32873 -0.10473145 0
5.3007202 -0.98117089 -0.1078522 0
-2.699645 -1.7045897 -0.11093854 0
-1.6832427 -1.5630492 -0.10961057 0
-1.6433299 -1.6061831 -0.10950391 0
-1.001381 -1.4964478 -0.10868793 0
-0.93784428 -1.5380076 -0.1085485 0
-0.40685594 -1.4259381 -0.10789739 0
-0.32288748 -1.4471 -0.10775091 0
-0.22557969 -1.4650828 -0.1075885 0
-0.1272527 -1.4762183 -0.10743222 0
0.33894765 -1.4351109 -0.10679646 0
0.50351095 -1.3813393 -0.10661595 0
0.57169998 -1.3520098 -0.10654903 0
0.63844723 -1.3195326 -0.10648779 0
1.1700469 -1.3325778 -0.10569575 0
1.2348503 -1.2685488 -0.10567264 0
1.8856877 -1.2465794 -0.10474544 0
1.9260159 -1.179404 -0.10476164 0
5.3159103 -0.88800627 -0.10793427 0
-2.7553182 -1.6097617 -0.11112611 0
-1.7344127 -1.5037144 -0.1097518 0
-1.1107507 -1.4145489 -0.10893954 0
-1.0508144 -1.4611514 -0.10879975 0
-0.6152609 -1.3480468 -0.10828938 0
-0.53564894 -1.3821126 -0.10813482 0
-0.46596703 -1.407694 -0.10800428 0
0.68189317 -1.2958266 -0.10645077 0
0.75562602 -1.2504202 -0.10639376 0
0.82687533 -1.2012086 -0.10634466 0
1.2863096 -1.2127274 -0.10565987 0
1.3256229 -1.166425 -0.10565421 0
1.9635694 -1.1106391 -0.10478369 0
5.3294697 -0.79459018 -0.10801899 0
-2.8076398 -1.5130445 -0.1113109 0
-1.8192793 -1.3960413 -0.10999644 0
-1.7838312 -1.4429132 -0.10989214 0
-1.213487 -1.3244694 -0.10919064 0
-1.1687351 -1.3655396 -0.10907921 0
-0.74613643 -1.2781023 -0.10855906 0
-0.67078036 -1.3207605 -0.10840111 0
-0.32521445 -1.216563 -0.10801236 0
-0.2439727 -1.2350342 -0.1078729 0
-0.1409864 -1.2503625 -0.10770512 0
-0.04747127 -1.2565548 -0.10756144 0
0.046237364 -1.2551008 -0.10742601 0
0.14986721 -1.2450013 -0.10728577 0
0.25221866 -1.225888 -0.10715749 0
0.35250917 -1.1979069 -0.1070421 0
0.44997197 -1.1612716 -0.10694055 0
0.52551544 -1.1261352 -0.10686942 0
0.87564093 -1.1631448 -0.10631594 0
0.94101369 -1.1063566 -0.10628392 0
1.372359 -1.1065935 -0.10565282 0
1.4166145 -1.0449047 -0.10565716 0
2.0156374 -1.0052915 -0.10482548 0
5.3413925 -0.7009514 -0.10810639 0
-2.8565462 -1.414556 -0.11149265 0
-1.8755847 -1.3159107 -0.11016849 0
-1.3188461 -1.21517 -0.10946705 0
-1.2672821 -1.270895 -0.10932926 0
-0.85908663 -1.2023257 -0.10880906 0
-0.53956467 -1.1364498 -0.1084155 0
-0.46335486 -1.1701169 -0.10826638 0
-0.3851437 -1.1988294 -0.10811986 0
-0.1328364 -1.0858455 -0.10790022 0
-0.061232895 -1.0910087 -0.10779029 0
0.03744423 -1.0906304 -0.10764696 0
0.13559955 -1.0804875 -0.107515 0
0.23238277 -1.0612427 -0.10739492 0
0.29289433 -1.0443592 -0.10732508 0
0.57138175 -1.1014546 -0.10682994 0
0.63346124 -1.0632246 -0.10678196 0
0.70173669 -1.0154771 -0.10673556 0
0.98577213 -1.0636545 -0.10626625 0
1.0364004 -1.0093735 -0.10625296 0
1.4579453 -0.98121953 -0.105668 0
1.4892093 -0.92914307 -0.10568056 0
2.0548892 -0.91556787 -0.1048685 0
2.076545 -0.86093742 -0.10489798 0
5.3516755 -0.60711825 -0.10819638 0
-2.9128971 -1.2891862 -0.11171538 0
-2.8910594 -1.3396492 -0.11162695 0
-1.9385895 -1.2167149 -0.11037166 0
-1.3677553 -1.1571012 -0.10960358 0
-0.96448582 -1.1163563 -0.10905942 0
-0.666273 -1.0644429 -0.10868142 0
-0.59499645 -1.1075827 -0.1085289 0
-0.3681443 -1.0302471 -0.10830342 0
-0.27385801 -1.0593534 -0.10813442 0
-0.18614754 -1.0782262 -0.10798616 0
0.34373176 -1.0265908 -0.10727033 0
0.42614883 -0.99113929 -0.10718883 0
0.52062935 -0.93958199 -0.10710724 0
0.75055164 -0.97645026 -0.10670784 0
0.81215751 -0.92036045 -0.10668055 0
1.1219908 -0.90366668 -0.10624612 0
1.5252087 -0.86230087 -0.10570274 0
2.0965993 -0.80569875 -0.10493049 0
5.3603153 -0.51311976 -0.10828895 0
-2.9438791 -1.2127512 -0.11184626 0
-1.9963039 -1.1143507 -0.11057064 0
-1.4407349 -1.0600159 -0.10981897 0
-1.4052359 -1.1093034 -0.1097119 0
-1.0611259 -1.0206213 -0.10930792 0
-1.0185847 -1.065533 -0.10919544 0
-0.76730466 -0.99096191 -0.10891142 0
-0.71796751 -1.029323 -0.10879634 0
-0.54617214 -0.94553006 -0.10865482 0
-0.47521517 -0.98408216 -0.10850956 0
-0.41836268 -1.0108038 -0.10839771 0
0.61616355 -0.87276411 -0.10704071 0
0.68457019 -0.81471866 -0.10700415 0
0.85609841 -0.87592047 -0.10666603 0
0.90360773 -0.82062232 -0.10665846 0
1.1973605 -0.79044557 -0.10626263 0
1.558848 -0.79424024 -0.10572974 0
1.5831928 -0.73859227 -0.10575642 0
2.1267786 -0.71253133 -0.10499064 0
3.0754967 -0.62612653 -0.10369993 0
5.36731 -0.41898459 -0.10838409 0
-2.9821985 -1.1096814 -0.11201765 0
-2.0403721 -1.0268912 -0.11073297 0
-1.4987562 -0.9709782 -0.11000349 0
-1.1555674 -0.90614289 -0.10957415 0
-1.117679 -0.95504498 -0.10946402 0
-0.87466913 -0.89243048 -0.10917874 0
-0.82271123 -0.94357508 -0.10904549 0
-0.67056739 -0.85740048 -0.10893185 0
-0.60624713 -0.90622777 -0.10878507 0
0.72899753 -0.77030164 -0.10698773 0
0.77640843 -0.71639431 -0.10697727 0
0.94848639 -0.76316881 -0.10665711 0
0.98342031 -0.71134877 -0.10666403 0
1.2397476 -0.71493739 -0.10628517 0
1.2616774 -0.67056841 -0.10630275 0
1.6162697 -0.65371001 -0.10580305 0
2.1483014 -0.63719451 -0.10504349 0
2.1624577 -0.58015919 -0.10508662 0
5.3745055 -0.27758056 -0.10853184 0
-3.0168889 -1.0053343 -0.11218519 0
-2.0803142 -0.93747205 -0.11089148 0
-1.5586376 -0.86531192 -0.11020933 0
-1.5371943 -0.9055075 -0.11013299 0
-1.2045225 -0.83471715 -0.10972571 0
-0.96315283 -0.79001451 -0.10942277 0
-0.9305374 -0.83062339 -0.10932961 0
-0.76854348 -0.76519549 -0.1091748 0
-0.72429508 -0.80978811 -0.10906187 0
0.81993365 -0.65930414 -0.10697591 0
0.8547408 -0.60700709 -0.10698205 0
1.0263039 -0.63991827 -0.10668127 0
1.0549719 -0.58438361 -0.1067015 0
1.2959208 -0.59103513 -0.1063417 0
1.6359954 -0.59626234 -0.10583851 0
1.6533608 -0.53805757 -0.10587827 0
2.1791077 -0.50359726 -0.10514798 0
5.3784018 -0.13604718 -0.10868457 0
-3.0406151 -0.92634541 -0.11230831 0
-2.1231859 -0.82805818 -0.11107665 0
-1.5982012 -0.78325242 -0.11035904 0
-1.2673892 -0.72820812 -0.10993688 0
-1.2435861 -0.77160054 -0.1098535 0
-1.0110523 -0.72184801 -0.10956912 0
-0.82632899 -0.69657433 -0.10933357 0
0.89819139 -0.52851963 -0.10700408 0
1.0883651 -0.50805402 -0.10673812 0
1.3259449 -0.50981498 -0.10638871 0
1.3406469 -0.46255663 -0.10642009 0
1.6758218 -0.44977093 -0.10594425 0
2.1959965 -0.4071312 -0.10523124 0
5.3787975 -0.041653633 -0.10878964 0
-3.0620289 -0.84669864 -0.11242877 0
-2.1546235 -0.73530692 -0.11122644 0
-1.6392696 -0.68523437 -0.1105288 0
-1.3054504 -0.65042752 -0.1100796 0
-1.0794132 -0.60505122 -0.1097998 0
-1.0548974 -0.65100586 -0.10971254 0
-0.89278406 -0.60079587 -0.10953448 0
0.9449054 -0.42171159 -0.10705214 0
1.1136441 -0.43967053 -0.10677769 0
1.1288258 -0.38984746 -0.10681125 0
1.3619969 -0.37863815 -0.1064828 0
1.6959773 -0.34542662 -0.10603156 0
5.377543 0.052732378 -0.10889713 0
-3.0874712 -0.73972023 -0.11258572 0
-2.1817021 -0.64119059 -0.11137139 0
-1.6830471 -0.555803 -0.11073772 0
-1.6648954 -0.61376822 -0.11064629 0
-1.343158 -0.5589385 -0.11023714 0
-1.114278 -0.52938223 -0.10993551 0
-0.94398326 -0.50613034 -0.10971197 0
0.97686505 -0.318941 -0.1071173 0
1.148425 -0.30887115 -0.10687323 0
1.3824706 -0.26922584 -0.10657533 0
1.7068846 -0.27029452 -0.1060997 0
1.7101941 -0.2401029 -0.10612866 0
5.3746367 0.14708188 -0.10900699 0
-3.1091559 -0.63191742 -0.1127381 0
-2.2049172 -0.54604775 -0.11151183 0
-1.7027597 -0.48248529 -0.11084863 0
-1.3743767 -0.46503708 -0.1103879 0
-1.1505625 -0.43178874 -0.1100978 0
0.99540812 -0.23116708 -0.10718571 0
1.0028276 -0.17783248 -0.10723288 0
1.1651841 -0.20610899 -0.10696374 0
1.3924081 -0.18320481 -0.10665709 0
5.3700809 0.24136615 -0.10911921 0
-3.1270568 -0.52342212 -0.11288573 0
-2.2236707 -0.44992596 -0.11164685 0
-1.7222852 -0.39350274 -0.11097678 0
-1.4013941 -0.35705364 -0.1105483 0
-1.1781832 -0.33139876 -0.11025057 0
1.1723287 -0.12310164 -0.10704622 0
5.3638763 0.33555612 -0.10923369 0
-3.1411514 -0.4143672 -0.1130284 0
-2.2407701 -0.33366382 -0.11180198 0
-1.7389749 -0.28854769 -0.11111867 0
-1.420156 -0.2473343 -0.11069855 0
-1.1969289 -0.22897983 -0.11039262 0
5.3560257 0.42962313 -0.10935048 0
-3.1476853 -0.34970191 -0.11311034 0
-2.2493639 -0.24861778 -0.11190975 0
-1.7486888 -0.19241837 -0.11124046 0
-1.4280714 -0.16900654 -0.11079778 0
-1.2056857 -0.14232476 -0.11050244 0
-1.0416242 -0.12279546 -0.11028437 0
5.3465304 0.52353835 -0.10946947 0
-3.1556907 -0.24003181 -0.11324479 0
-2.2558684 -0.13128522 -0.1120506 0
-1.7533339 -0.086246319 -0.11136609 0
-1.4316397 -0.057751961 -0.11092754 0
-1.20781 -0.038226269 -0.11062206 0
-1.0419375 -0.01517275 -0.11040527 0
5.3353939 0.61727309 -0.10959069 0
-3.1598554 -0.13014892 -0.1133739 0
-2.2567236 -0.033355102 -0.11216146 0
-1.7520047 0.0048433393 -0.11146611 0
-1.4267724 0.053453326 -0.11104489 0
-1.2008325 0.065659791 -0.11072813 0
-1.0373626 0.047475286 -0.11046871 0
-1.0352216 0.065300368 -0.11048553 0
5.3226194 0.7107985 -0.10971404 0
-3.1601737 -0.020187736 -0.11349744 0
-2.2530112 0.064508319 -0.11226557 0
-1.7473587 0.080622286 -0.11154415 0
-1.7411706 0.14104681 -0.11160272 0
-1.414971 0.15170166 -0.11113761 0
-1.1848068 0.1685392 -0.11081984 0
5.3082113 0.80408633 -0.10983954 0
-3.1566451 0.089717269 -0.1136153 0
-2.2453086 0.16213863 -0.11236359 0
-1.7303606 0.21619448 -0.11167102 0
-1.3963294 0.24888453 -0.11121912 0
-1.1657861 0.24965325 -0.11088283 0
-1.1509602 0.29958338 -0.11091703 0
5.2921734 0.8971076 -0.10996712 0
-3.1515968 0.1720373 -0.11370005 0
-2.2330613 0.25930345 -0.11245444 0
-1.7097318 0.32044643 -0.11175755 0
-1.3745993 0.33270684 -0.11128116 0
-1.3599589 0.37998387 -0.11131269 0
-1.122175 0.37776476 -0.11096245 0
5.2745109 0.98983401 -0.11009672 0
-3.144151 0.2541751 -0.1137811 0
-2.2129455 0.37508124 -0.11255462 0
-1.6873854 0.4087615 -0.11182373 0
-1.6744173 0.45243397 -0.11185364 0
-1.3343128 0.44963908 -0.11135313 0
-1.0888824 0.45413572 -0.11099925 0
-1.0700327 0.49129879 -0.11101328 0
2.9966753 0.87260568 -0.1066775 0
3.0005202 0.93203413 -0.10864796 0
5.2552295 1.0822372 -0.11022835 0
-3.1310356 0.36335146 -0.11388412 0
-2.1916997 0.4706825 -0.11263056 0
-1.6498547 0.52427042 -0.11189815 0
-1.3006376 0.52941436 -0.11139318 0
3.0023816 0.99159503 -0.11054546 0
5.2230835 1.2201252 -0.11042971 0
-3.1141093 0.47200227 -0.11398099 0
-2.1660194 0.56518888 -0.11269879 0
-1.6168883 0.60919458 -0.11194498 0
2.9981933 1.0798607 -0.11296515 0
5.1877298 1.3572257 -0.11063488 0
-3.0990438 0.55308902 -0.11404972 0
-3.0877419 0.60689974 -0.11409342 0
-2.1299503 0.6770286 -0.11277123 0
2.9622014 1.1870729 -0.11369909 0
5.1620355 1.4480546 -0.11077412 0
-3.0689116 0.68719572 -0.11415575 0
-2.1028788 0.75055379 -0.11281395 0
2.9165452 1.2905257 -0.11388166 0
5.1347556 1.5384202 -0.11091516 0
-3.0406959 0.79347479 -0.11423345 0
2.8672981 1.3923182 -0.11406761 0
5.1058993 1.6282945 -0.11105795 0
-3.0087798 0.89870214 -0.11430456 0
2.8145206 1.4923259 -0.11425674 0
5.0754757 1.7176504 -0.11120249 0
-2.9825511 0.9768945 -0.11435373 0
2.7582777 1.5904262 -0.11444879 0
5.0434937 1.8064604 -0.11134866 0
-5.1791859 0.87734634 -0.11745472 0
2.6986372 1.686499 -0.11464356 0
5.0099635 1.8946973 -0.11149645 0
-5.161891 0.967493 -0.11753035 0
2.6356733 1.780427 -0.11484078 0
4.974895 1.9823341 -0.11164585 0
-5.1430225 1.0573235 -0.11760329 0
2.5694628 1.872095 -0.11504021 0
4.9382987 2.0693443 -0.11179674 0
-5.1225848 1.1468102 -0.11767356 0
4.9001856 2.1557007 -0.11194916 0
-5.1005855 1.2359254 -0.11774116 0
-5.0770307 1.3246421 -0.11780601 0
4.8400135 2.2838626 -0.11218059 0
-5.0519276 1.4129332 -0.11786812 0
4.7768688 2.4105859 -0.11241479 0
-5.0252838 1.5007718 -0.11792748 0
4.7328124 2.4940665 -0.11257267 0
2.130111 2.349977 -0.11621763 0
2.1720433 2.3120444 -0.11611385 0
4.6873021 2.5767632 -0.11273179 0
2.0659046 2.405391 -0.11637357 0
4.6403522 2.6586516 -0.11289211 0
2.0004234 2.4592929 -0.11652967 0
4.5919776 2.739706 -0.11305358 0
4.4910116 2.8992145 -0.11337975 0
4.542192 2.8199017 -0.11321614 0
4.4384518 2.9776196 -0.1135444 0
4.3845291 3.0550938 -0.11370996 0
4.3292584 3.1316123 -0.11387645 0
3.5675159 3.9671328 -0.11592565 0
3.4242454 4.0900555 -0.11627277 0
3.496418 4.0292211 -0.11609913 0
3.3510194 4.1496186 -0.11644652 0
1.8355188 5.0017133 -0.11961664 0
1.5220258 5.1057844 -0.12019157 0
1.6122561 5.0780668 -0.1200286 0
1.7019873 5.0487757 -0.11986458 0
1.4313247 5.1319199 -0.12035346 0
0.97172999 5.2385941 -0.12114501 0
-0.15317896 5.2434292 -0.1183482 0
0.50457364 5.3047156 -0.12190218 0
0.59843898 5.2947645 -0.1217538 0
0.6921159 5.2831731 -0.12160382 0
0.78557581 5.2699447 -0.12145233 0
0.87878996 5.2550831 -0.12129936 0
-0.060964733 5.3298411 -0.12275738 0
0.033426702 5.3297782 -0.12261926 0
0.12780267 5.3280644 -0.12247934 0
0.22213423 5.3246994 -0.12233761 0
0.31639236 5.3196859 -0.12219416 0
0.41054845 5.3130236 -0.12204901 0
-6.1877694 -10.328158 -0.040375296 0
-6.3282137 -10.157695 -0.039516799 0
-6.4667153 -9.9887381 -0.038721662 0
-7.0031738 -9.3259573 -0.036147438 0
-7.5156713 -8.6795321 -0.034489177 0
-7.6406398 -8.5198212 -0.034210917 0
-7.7644892 -8.3607035 -0.033985764 0
-7.8872881 -8.2020969 -0.033813164 0
-8.0091038 -8.0439243 -0.033692606 0
-8.1299992 -7.8861065 -0.033623639 0
-8.2500401 -7.7285662 -0.033605918 0
-8.3692865 -7.571228 -0.033639144 0
-8.4877977 -7.4140167 -0.033723082 0
-8.6056347 -7.2568564 -0.033857569 0
-8.7228546 -7.0996718 -0.0340425 0
-8.8395176 -6.9423895 -0.034277849 0
-8.9556751 -6.784934 -0.03456362 0
-9.0713882 -6.6272306 -0.034899916 0
-9.1867065 -6.4692049 -0.035286888 0
-9.3016891 -6.3107805 -0.035724748 0
-9.4163895 -6.1518817 -0.036213778 0
-9.5308599 -5.9924321 -0.036754321 0
-0.9928363 -5.0977883 -0.098247625 0
-0.91067648 -5.1482692 -0.099889986 0
-1.162219 -5.0344191 -0.097159073 0
-1.0751352 -5.0536847 -0.097010158 0
-9.6451559 -5.8323536 -0.03734681 0
-1.5067854 -4.9422178 -0.097766161 0
-1.3782852 -4.9794292 -0.097536601 0
-1.2489523 -5.0136333 -0.09730918 0
-1.676439 -4.887135 -0.098075949 0
-1.5918531 -4.9154186 -0.097920574 0
-9.7593307 -5.6715679 -0.037991703 0
-1.927048 -4.793469 -0.098547265 0
-1.8022898 -4.8417635 -0.098310761 0
-9.8734369 -5.5099945 -0.038689528 0
-2.0912409 -4.7237759 -0.09886539 0
-2.009449 -4.7593403 -0.098705962 0
-2.2126467 -4.6675839 -0.099105842 0
-9.9875326 -5.3475533 -0.039440937 0
-2.411814 -4.5673795 -0.099509269 0
-2.3327091 -4.6085758 -0.099347495 0
-2.5289938 -4.5028362 -0.099752888 0
-10.101666 -5.1841598 -0.040246617 0
-2.7206674 -4.3889523 -0.10016067 0
-2.6446364 -4.4355783 -0.099997297 0
-10.215898 -5.0197315 -0.041107297 0
-2.8702242 -4.2917457 -0.1004882 0
-2.795871 -4.3410034 -0.10032433 0
-2.9799969 -4.2152815 -0.10073431 0
-10.330279 -4.8541813 -0.042023849 0
-3.0879564 -4.1362777 -0.10098064 0
-3.1935663 -4.0541601 -0.10122699 0
-10.444867 -4.6874199 -0.042997174 0
-3.2972331 -3.9696019 -0.10147326 0
-3.3983901 -3.8820574 -0.10171919 0
-10.559718 -4.5193582 -0.04402826 0
-3.497478 -3.7921779 -0.1019647 0
-3.6256838 -3.6681638 -0.10229099 0
-3.5621233 -3.7307315 -0.10212799 0
-10.67489 -4.3499012 -0.045118194 0
-3.6881402 -3.6044936 -0.1024536 0
-10.79044 -4.1789546 -0.046268135 0
-3.8096638 -3.4739254 -0.10277747 0
-3.7494729 -3.539741 -0.10261577 0
-3.8686938 -3.4070673 -0.10293862 0
3.429425 -2.6469181 -0.051586989 0
-10.906428 -4.0064182 -0.047479361 0
-3.9265456 -3.3391862 -0.10309921 0
-4.0386429 -3.2004411 -0.10341844 0
-3.9832008 -3.270304 -0.10325915 0
3.3844485 -2.5215554 -0.046002828 0
-11.022914 -3.8321908 -0.048753206 0
-4.092854 -3.1296194 -0.10357699 0
3.3828685 -2.3873863 -0.042055681 0
-4.1458178 -3.0578597 -0.10373478 0
3.4112916 -2.2769933 -0.040171798 0
-11.139961 -3.656167 -0.050091125 0
-4.2227292 -2.9484007 -0.10396978 0
3.4667594 -2.1854048 -0.040116888 0
-4.2970667 -2.8371778 -0.10420298 0
3.8598294 -2.0247262 -0.053640813 0
-11.257632 -3.4782364 -0.051494684 0
-4.344883 -2.7618911 -0.10435719 0
-4.3913765 -2.6857796 -0.10451036 0
-11.375993 -3.2982872 -0.05296554 0
-4.4584312 -2.5700207 -0.10473801 0
0.94012141 -2.0193968 -0.05939611 0
-4.5227685 -2.4527295 -0.10496337 0
-11.495109 -3.1162004 -0.054505482 0
-4.5638261 -2.3735535 -0.10511204 0
-0.30968451 -1.9182471 -0.062447581 0
0.82695186 -1.8675637 -0.074892089 0
-4.6034913 -2.2936718 -0.10525946 0
-0.27278423 -1.8911909 -0.058471352 0
-0.20296541 -1.8399985 -0.051169589 0
-0.13670017 -1.7914795 -0.075249419 0
0.72490108 -1.7247646 -0.054045904 0
-11.61505 -2.9318552 -0.056116398 0
-4.6417542 -2.2131081 -0.10540559 0
-0.089921519 -1.7571796 -0.070046693 0
-0.016118079 -1.703065 -0.062188979 0
0.65029943 -1.6308124 -0.10057811 0
2.3739734 -1.436044 -0.069939092 0
-4.6963124 -2.0909615 -0.10562211 0
0.03994295 -1.6619605 -0.056496624 0
0.092977241 -1.6230758 -0.051423918 0
0.15644449 -1.5765421 -0.045680769 0
0.60712063 -1.5648007 -0.058665186 0
2.3270137 -1.3551997 -0.063054413 0
-4.7480063 -1.9675757 -0.10583583 0
0.20488177 -1.5410293 -0.041597527 0
0.27414668 -1.4902471 -0.036256932 0
0.32971483 -1.4495077 -0.03233213 0
0.51038337 -1.4336321 -0.063733771 0
0.56592071 -1.5023341 -0.021748574 0
2.3019373 -1.2890639 -0.058490518 0
-4.7805429 -1.8845344 -0.10597637 0
0.38754642 -1.4072117 -0.075270876 0
0.45770007 -1.3777275 -0.062355448 0
2.2849014 -1.2040455 -0.053909123 0
-4.8116212 -1.8009366 -0.10611537 0
2.2826304 -1.1043887 -0.05011813 0
-4.8412328 -1.7168081 -0.10625286 0
2.3044302 -0.99425256 -0.048206449 0
-4.8693681 -1.6321745 -0.10638872 0
2.3473301 -0.89336294 -0.048660867 0
2.3845849 -0.83632022 -0.050165914 0
-4.8960185 -1.5470617 -0.10652298 0
2.4340456 -0.78170365 -0.052901298 0
2.4969561 -0.7291196 -0.056931175 0
-4.9330049 -1.4184994 -0.10672097 0
2.5522909 -0.69585449 -0.060861256 0
2.6258614 -0.66508049 -0.06643416 0
2.7460666 -0.64170545 -0.076125376 0
-4.9669824 -1.2891095 -0.10691549 0
3.0931945 -0.51759923 -0.10379551 0
-4.9876165 -1.2023419 -0.10704278 0
3.1070852 -0.40851945 -0.1038973 0
-5.0067301 -1.1152267 -0.10716823 0
3.1171517 -0.29902062 -0.10400514 0
-5.0243168 -1.0277905 -0.10729183 0
2.2089348 -0.31005645 -0.105321 0
2.2146564 -0.25156969 -0.10537809 0
3.1233823 -0.18923676 -0.10411891 0
-5.0403709 -0.94006026 -0.10741353 0
1.712975 -0.20985799 -0.10615846 0
2.2186701 -0.1929411 -0.10543784 0
3.1257687 -0.079302311 -0.10423847 0
-5.0548887 -0.85206252 -0.10753325 0
-0.99401855 -0.38125765 -0.10992061 0
-0.97912323 -0.42358905 -0.10985289 0
1.395789 -0.13382857 -0.10670742 0
1.7167708 -0.14923693 -0.10622076 0
2.2219379 -0.095062584 -0.10554262 0
3.1251543 0.0031691492 -0.1043317 0
-5.0678644 -0.76382434 -0.107651 0
-1.0110271 -0.32079068 -0.1100111 0
1.0074769 -0.1151882 -0.10729421 0
1.1737635 -0.071036778 -0.10710239 0
1.3971325 -0.071982607 -0.10677467 0
1.7184589 -0.042977512 -0.10633723 0
2.221209 0.002867654 -0.1056533 0
3.1221361 0.085587546 -0.10442837 0
-5.0842357 -0.63105381 -0.10782355 0
-1.0322388 -0.21528187 -0.1101567 0
1.0073069 -0.01652123 -0.10740168 0
1.1715214 0.0018347949 -0.10718723 0
1.394089 0.026924707 -0.10688983 0
1.7139515 0.063199639 -0.10646265 0
2.2159145 0.10065731 -0.1057705 0
3.1149101 0.19531001 -0.10456174 0
-5.0948324 -0.52616525 -0.10795644 0
0.99647182 0.090551868 -0.10753388 0
1.1610512 0.10542656 -0.1073185 0
1.3841379 0.12537712 -0.1070146 0
1.7047901 0.15383643 -0.10657751 0
2.2040966 0.21757291 -0.10591865 0
3.1038511 0.30471253 -0.10470038 0
-5.1053467 -0.39280331 -0.1081211 0
0.97687215 0.18725011 -0.10766754 0
1.1415716 0.20770763 -0.10746148 0
1.367328 0.22289284 -0.10714831 0
1.6879593 0.25876772 -0.10671958 0
2.1897149 0.31444386 -0.10604813 0
3.0889719 0.41366112 -0.10484407 0
-5.1102815 -0.30375311 -0.10822799 0
-1.0298318 0.10079577 -0.11049817 0
0.94181544 0.29845417 -0.10783949 0
0.959768 0.2476902 -0.10775816 0
1.1132323 0.30789602 -0.10761507 0
1.3437413 0.31899452 -0.10729039 0
1.665042 0.36253977 -0.10686925 0
2.1708317 0.41053873 -0.10618329 0
3.0754344 0.49501592 -0.10495494 0
-5.113658 -0.21463031 -0.10833269 0
-1.0132229 0.17981109 -0.11055847 0
0.90606761 0.38072756 -0.10798099 0
1.0762492 0.40522584 -0.10777809 0
1.3134936 0.413212 -0.10744008 0
1.6311312 0.47916991 -0.10704938 0
1.6448036 0.43571305 -0.10698074 0
2.1480427 0.5057829 -0.10632323 0
3.0595317 0.57594156 -0.10506877 0
-5.1154742 -0.12546206 -0.10843514 0
-0.98197865 0.28278887 -0.1106249 0
-0.95924377 0.34133837 -0.11065544 0
0.85417408 0.47500333 -0.10815907 0
1.0159991 0.52641916 -0.10800188 0
1.0408432 0.48064205 -0.10791428 0
1.2715403 0.51631373 -0.10761683 0
1.6054101 0.55059922 -0.10716696 0
2.1150677 0.61858028 -0.10649771 0
2.1323774 0.56242198 -0.10640955 0
3.0351923 0.68317366 -0.1052244 0
-5.1157312 -0.036275744 -0.10853535 0
-0.93214095 0.39799777 -0.11067753 0
0.78702128 0.57027739 -0.10836045 0
0.97754794 0.58836073 -0.10812742 0
1.209969 0.63762236 -0.10784266 0
1.23383 0.59426212 -0.10775924 0
1.5647823 0.64879882 -0.10733628 0
2.0829649 0.71110147 -0.10664822 0
3.007117 0.78948879 -0.10538446 0
-5.114428 0.052901328 -0.10863327 0
-1.0550884 0.5187484 -0.11102214 0
-0.89311528 0.46867859 -0.11069751 0
-0.85867888 0.52120745 -0.1107044 0
0.68417054 0.68272007 -0.10863251 0
0.72873926 0.63846129 -0.10851948 0
0.8903569 0.70513833 -0.10838566 0
0.9295572 0.65646398 -0.10827383 0
1.1643001 0.71119106 -0.10799179 0
1.4964479 0.78435624 -0.10758795 0
1.5251089 0.73080426 -0.1074861 0
2.0471139 0.80223566 -0.10680266 0
-5.1115646 0.14204192 -0.10872885 0
-1.2732995 0.58490759 -0.11141532 0
-1.0226787 0.57218313 -0.11103458 0
-0.98200434 0.63268828 -0.11104277 0
-0.81556076 0.57858908 -0.11070397 0
-0.76231015 0.63927776 -0.11069237 0
0.57286829 0.77324098 -0.10889304 0
0.63010323 0.72992826 -0.10876259 0
0.78945208 0.81032366 -0.10865095 0
0.83404815 0.76654255 -0.10853672 0
1.0844709 0.82134551 -0.10823186 0
1.1148349 0.7822628 -0.1081437 0
1.4656255 0.836694 -0.10769162 0
1.9901962 0.92696422 -0.1070255 0
2.01548 0.87391609 -0.10692917 0
-5.1041522 0.27561164 -0.10886753 0
-1.5986829 0.65095603 -0.1119651 0
-1.5858997 0.67850733 -0.11197726 0
-1.23101 0.6604718 -0.11143806 0
-1.1983147 0.71298611 -0.11144902 0
-0.93719929 0.69020182 -0.11104161 0
-0.89653528 0.73765779 -0.11103524 0
-0.71131587 0.68978709 -0.11067299 0
-0.64951313 0.74173701 -0.11063943 0
-0.599163 0.77927887 -0.1106069 0
0.44183016 0.85101843 -0.10916846 0
0.52045709 0.80785483 -0.10900702 0
0.67637277 0.90230703 -0.10891929 0
0.7339853 0.85763443 -0.10878503 0
1.0278323 0.88684404 -0.10838798 0
1.3812455 0.96288967 -0.10795628 0
1.4162329 0.91323954 -0.10784952 0
1.9540335 0.99646908 -0.10715619 0
-5.0936279 0.40897191 -0.10900141 0
-1.5587398 0.7328366 -0.11199832 0
-1.1554785 0.77360457 -0.11145423 0
-0.85291308 0.78240991 -0.11102156 0
-0.7917099 0.83893734 -0.11099532 0
-0.55385756 0.80836499 -0.11057251 0
-0.46731743 0.85572815 -0.11049794 0
-0.38517419 0.89175379 -0.11041745 0
0.14418888 0.94717091 -0.10970658 0
0.23201245 0.92893839 -0.10955882 0
0.33487684 0.89734596 -0.10937463 0
0.55284679 0.9796828 -0.10918653 0
0.62442905 0.93705523 -0.10903414 0
0.93133241 0.982692 -0.1086364 0
1.3346678 1.0228413 -0.10809149 0
1.9058207 1.0817114 -0.10732212 0
-5.1045899 0.49992323 -0.11017657 0
-2.0806575 0.80495632 -0.11284233 0
-1.5224373 0.79951572 -0.11201989 0
-1.483065 0.86442935 -0.11203496 0
-1.0694112 0.87892187 -0.11144618 0
-0.74317527 0.8783111 -0.11096841 0
-0.67524338 0.92654455 -0.11092306 0
-0.60435957 0.9703244 -0.11086841 0
-0.33447725 0.90987825 -0.1103633 0
-0.26537156 0.92925584 -0.11028371 0
-0.16863863 0.94862211 -0.11016382 0
-0.070464157 0.95832139 -0.11003137 0
0.028187029 0.95883369 -0.10988823 0
0.09083733 0.95440292 -0.10979215 0
0.35229093 1.0663065 -0.10957681 0
0.42076337 1.0412719 -0.10944863 0
0.4972108 1.008152 -0.10929978 0
0.76585811 1.1121846 -0.10902334 0
0.82632309 1.069133 -0.10888673 0
1.24497 1.1258931 -0.10833803 0
1.2860217 1.081127 -0.10822787 0
1.8429693 1.1810098 -0.10752518 0
1.8751189 1.1318188 -0.1074231 0
-5.1281123 0.59323311 -0.11212294 0
-2.0489287 0.87659562 -0.11287611 0
-2.0235748 0.92961091 -0.11289839 0
-1.4410766 0.92768228 -0.11204435 0
-1.405447 0.97687483 -0.11204731 0
-0.97390717 0.97576284 -0.11141492 0
-0.90861046 1.0326347 -0.11138308 0
-0.54919112 0.99968964 -0.11082058 0
-0.47328913 1.0340416 -0.11074805 0
-0.37545389 1.0696654 -0.11064482 0
-0.2850703 1.0944431 -0.11054038 0
-0.19296731 1.111768 -0.11042508 0
-0.089414127 1.1226076 -0.11028579 0
0.014690056 1.1243601 -0.1101355 0
0.11854932 1.1170123 -0.10997538 0
0.22136968 1.10062 -0.10980668 0
0.30241457 1.0813103 -0.10966655 0
0.63804877 1.1876243 -0.10929469 0
0.7134611 1.1450665 -0.10913678 0
1.1360285 1.2316031 -0.10861566 0
1.1917324 1.1800189 -0.10847645 0
1.7865576 1.2610621 -0.10769729 0
-5.1510253 0.68770063 -0.11412846 0
-1.9873195 0.99906838 -0.11292311 0
-1.3584408 1.0364932 -0.1120453 0
-1.3090407 1.0941436 -0.11203755 0
-0.85967374 1.0704767 -0.11135386 0
-0.78848851 1.1197815 -0.11130495 0
-0.72533494 1.1587867 -0.11125626 0
0.42167425 1.2788526 -0.10971324 0
0.50299996 1.2491188 -0.10956102 0
0.58265388 1.2151599 -0.10940652 0
1.030484 1.3183701 -0.10886712 0
1.0782664 1.2808716 -0.10875528 0
1.7144628 1.3538578 -0.10790659 0
-5.173317 0.78335619 -0.11619447 0
-2.9638536 1.0286025 -0.11438426 0
-1.9490551 1.0674398 -0.11294369 0
-1.9185791 1.1176854 -0.11295535 0
-1.2676692 1.1386156 -0.11202681 0
-1.2137328 1.1920459 -0.11200774 0
-0.67107046 1.1884882 -0.11121016 0
-0.59303546 1.2260221 -0.11113805 0
-0.50129509 1.2631102 -0.11104541 0
-0.40718633 1.2936934 -0.11094201 0
0.082486123 1.3449507 -0.11028326 0
0.19310568 1.3325711 -0.11010762 0
0.30247009 1.3118498 -0.1099245 0
0.37436447 1.2933856 -0.10979868 0
0.89259315 1.4125296 -0.10917418 0
0.96889651 1.3627642 -0.1090069 0
1.610955 1.4714608 -0.10818959 0
1.663909 1.4137156 -0.10804752 0
-2.9340074 1.1054866 -0.11442667 0
-1.8760107 1.1834639 -0.11296672 0
-1.8426584 1.2318481 -0.11297211 0
-1.1691128 1.2332569 -0.11198862 0
-1.1110004 1.2821103 -0.11195831 0
-1.0512146 1.3289012 -0.11192325 0
-0.31116965 1.3176221 -0.11082837 0
-0.21371503 1.3347794 -0.11070506 0
-0.11529936 1.3450813 -0.11057267 0
-0.016404316 1.3484772 -0.11043184 0
0.70525861 1.5127629 -0.10956035 0
0.77343756 1.4793671 -0.10942325 0
0.8404066 1.443607 -0.10928527 0
1.4996332 1.5817075 -0.1084758 0
1.5422816 1.5412792 -0.10836818 0
1.8887678 1.6117473 -0.055105541 0
1.9567666 1.581538 -0.057778165 0
2.0582464 1.575953 -0.0641976 0
-2.891243 1.2067907 -0.11447754 0
-1.7959617 1.2947623 -0.11297423 0
-1.7474509 1.3562882 -0.11297218 0
-1.0016892 1.3640652 -0.11189018 0
-0.92531973 1.41373 -0.11183409 0
-0.87309194 1.4447385 -0.11179243 0
0.50701022 1.5892025 -0.10993583 0
0.57875776 1.5643846 -0.10980312 0
0.66356266 1.5311166 -0.10964186 0
0.98952931 1.636153 -0.077109255 0
1.0672736 1.6161275 -0.051559974 0
1.1632222 1.6126394 -0.049732327 0
1.243047 1.6299894 -0.056032181 0
1.3505819 1.6661173 -0.079044215 0
1.4558245 1.6208755 -0.10858371 0
1.8071297 1.718213 -0.056443974 0
1.8412209 1.6585387 -0.054894418 0
-2.8449612 1.3065372 -0.11452151 0
-1.7094741 1.4011344 -0.11296682 0
-1.6571192 1.4594249 -0.1129555 0
-0.81964231 1.4735899 -0.11174654 0
-0.72387254 1.519654 -0.11165806 0
-0.62558103 1.5600586 -0.11155953 0
-0.56838727 1.5805068 -0.1114988 0
0.18079647 1.6589285 -0.11049094 0
0.25596598 1.6482892 -0.11036911 0
0.3603799 1.6285058 -0.11019426 0
0.44874486 1.60636 -0.11004025 0
0.8850646 1.7106024 -0.0556495 0
0.94382083 1.6607363 -0.077036925 0
1.3807216 1.6837336 -0.1087639 0
1.7952135 1.7696683 -0.058955591 0
-2.7952182 1.4046034 -0.11455853 0
-1.602757 1.5158484 -0.11293912 0
-1.5464548 1.5703357 -0.11291776 0
-0.52497959 1.594334 -0.11145079 0
-0.43712384 1.6184185 -0.11134925 0
-0.33330065 1.6410999 -0.11122279 0
-0.24332 1.6553234 -0.11110713 0
-0.15271716 1.6648072 -0.11098524 0
-0.046557784 1.6696928 -0.11083546 0
0.059705868 1.6683831 -0.1106786 0
0.13546652 1.6634668 -0.11056231 0
0.83437067 1.7785656 -0.055511042 0
1.7985533 1.8385497 -0.063556425 0
-2.7280941 1.5245397 -0.11459461 0
-1.5030529 1.6099548 -0.11289862 0
-1.4433748 1.6607212 -0.11286817 0
0.79106557 1.8771988 -0.093262643 0
0.80352801 1.8603401 -0.018008377 0
-2.6561317 1.6416367 -0.11462045 0
-1.3508356 1.7331456 -0.1128139 0
-1.254625 1.8006163 -0.11274871 0
0.78683919 1.9667195 -0.064616807 0
-2.6105185 1.7103487 -0.11463065 0
-2.5790484 1.7554367 -0.11463509 0
-1.1550075 1.8629475 -0.11267281 0
-1.0696557 1.9109658 -0.11260173 0
-1.0174627 1.9379706 -0.11255566 0
0.54610813 2.1016371 -0.11045223 0
0.62151951 2.0803833 -0.11031816 0
0.73322809 2.0439174 -0.11011397 0
-4.997108 1.5881305 -0.11798406 0
-4.2940178 1.6953462 -0.084469154 0
-2.5467947 1.7999671 -0.11463775 0
-2.4968715 1.8656143 -0.11463824 0
-0.9645049 1.9634424 -0.11250671 0
-0.87481993 2.0027785 -0.11241958 0
-0.78360468 2.0384216 -0.11232609 0
-0.70952535 2.0639365 -0.1122463 0
0.21876186 2.1611049 -0.11099753 0
0.31588054 2.1485124 -0.11084139 0
0.41240442 2.1319673 -0.11068171 0
0.48902366 2.1155903 -0.11055133 0
-4.9674087 1.6749831 -0.11803783 0
-4.1813436 1.7779436 -0.080676079 0
-2.4454305 1.9300786 -0.11463518 0
-2.4101424 1.9722452 -0.11463077 0
-0.65342927 2.0814459 -0.11218387 0
-0.57786751 2.10216 -0.11209656 0
-0.48257238 2.1247315 -0.11198243 0
-0.38632837 2.1428351 -0.11186196 0
-0.28942588 2.1569963 -0.11173611 0
-0.19196847 2.1666234 -0.11160436 0
-0.094199419 2.1722653 -0.11146769 0
0.0037263185 2.1733427 -0.11132568 0
0.10161445 2.1704235 -0.11117927 0
0.1602561 2.1666176 -0.11108923 0
-4.9361935 1.7613028 -0.11808882 0
-4.9034743 1.8470635 -0.11813696 0
-4.0716486 1.858357 -0.077127486 0
-4.00036 1.9106154 -0.074916497 0
-2.3741221 2.013788 -0.11462457 0
-2.3186553 2.0748229 -0.11461178 0
-3.9045501 1.9918058 -0.072348952 0
-2.26178 2.1345477 -0.11459547 0
-2.2031877 2.1925893 -0.11457474 0
-2.1228452 2.2676642 -0.11454123 0
-2.0609703 2.322192 -0.11451177 0
-3.9906931 2.172883 -0.081182264 0
-1.9975324 2.3748934 -0.114478 0
-1.9328825 2.4261005 -0.11444075 0
-1.8889966 2.4592254 -0.11441365 0
-1.8220294 2.5073626 -0.11436959 0
-1.7539577 2.5539243 -0.11432216 0
-4.111773 2.3364182 -0.091317296 0
-1.7078635 2.5839005 -0.11428831 0
-1.6376947 2.6272373 -0.11423419 0
-1.5424958 2.6822662 -0.11415659 0
0.95803463 2.9219131 -0.11076798 0
1.0619514 2.8859677 -0.11057577 0
-4.2432384 2.5139666 -0.10240071 0
-1.4454305 2.7339315 -0.11407246 0
-1.3466172 2.7821701 -0.11398195 0
-1.2714813 2.8161743 -0.11391012 0
0.66652179 3.001909 -0.11128382 0
0.74674821 2.9827945 -0.1111451 0
0.85292393 2.9542019 -0.11095783 0
-1.2208737 2.8376703 -0.11386019 0
-1.1698979 2.8582778 -0.11380869 0
-1.0927368 2.8873966 -0.11372846 0
-0.98877192 2.9232047 -0.11361649 0
-0.88361812 2.955354 -0.11349868 0
0.23190123 3.0673068 -0.11199265 0
0.31400958 3.0595696 -0.1118639 0
0.42313564 3.0460665 -0.11168919 0
0.53172249 3.0287552 -0.11151102 0
0.61275291 3.013402 -0.11137535 0
-0.77740419 2.9838057 -0.1133752 0
-0.67026007 3.0085244 -0.1132462 0
-0.56231701 3.0294807 -0.11311179 0
-0.48093247 3.0428317 -0.11300771 0
-0.39919341 3.0538049 -0.11290045 0
-0.28983247 3.0652516 -0.11275334 0
-0.18013808 3.0728667 -0.11260144 0
-0.070244521 3.0766397 -0.11244496 0
0.012226611 3.0770659 -0.11232483 0
0.094675064 3.0750878 -0.11220203 0
0.17705506 3.0711873 -0.11207718 0
-4.4474092 2.7461505 -0.11847635 0
-4.371932 2.8612978 -0.11849488 0
-4.2937899 2.9746528 -0.1185075 0
-4.2123766 3.0856814 -0.11851269 0
-4.1283965 3.1947818 -0.118512 0
-4.0412722 3.3013873 -0.11850392 0
-3.951685 3.4059319 -0.11848992 0
-3.8590884 3.5078204 -0.11846855 0
-3.7641411 3.6075218 -0.11844128 0
-3.6993079 3.672497 -0.11841922 0
-3.633348 3.7363286 -0.1183942 0
-3.5662816 3.7989964 -0.11836626 0
-3.4981296 3.8604815 -0.11833543 0
-3.3937812 3.9502969 -0.11828332 0
-3.2873673 4.0376534 -0.11822546 0
-3.2150836 4.094223 -0.11818305 0
-3.1047122 4.1765237 -0.11811377 0
-2.9924519 4.256227 -0.11803882 0
-2.9163904 4.3076048 -0.11798509 0
-2.8394415 4.3576441 -0.11792856 0
-2.7616293 4.4063296 -0.11786926 0
-2.6829774 4.4536467 -0.11780722 0
-2.6035101 4.4995809 -0.11774241 0
-2.5232515 4.5441179 -0.11767488 0
-2.4422262 4.587244 -0.11760467 0
-2.3604591 4.6289463 -0.11753176 0
-2.2779748 4.6692123 -0.11745621 0
-2.1947989 4.7080293 -0.11737803 0
-2.1109571 4.7453856 -0.11729723 0
-2.0264745 4.7812691 -0.11721385 0
-1.9413772 4.8156695 -0.1171279 0
-1.8556913 4.8485765 -0.11703942 0
-1.7694429 4.8799796 -0.11694843 0
-1.6826586 4.9098692 -0.116855 0
-1.5953646 4.9382362 -0.11675907 0
-1.5075879 4.9650722 -0.11666076 0
-1.4193553 4.9903684 -0.11656002 0
-1.286162 5.0252147 -0.11640425 0
-1.1521925 5.0569453 -0.11624385 0
-1.0624073 5.0760102 -0.11613388 0
-0.97230244 5.0935035 -0.11602169 0
-0.88190538 5.1094165 -0.11590729 0
-0.79124391 5.1237469 -0.11579076 0
-0.7003457 5.1364889 -0.11567208 0
-0.60923851 5.1476393 -0.11555133 0
-0.51795018 5.1571937 -0.1154285 0
-0.42650878 5.1651502 -0.1153037 0
-0.33494225 5.1715064 -0.11517689 0
-0.24327853 5.17626 -0.11504816 0
-4.097568 -6.109262 0.039685361 0
3.8043461 -5.300158 0.064478517 0
3.8957939 -5.2331276 0.064523369 0
-4.3273296 -5.9915409 0.038598225 0
-4.162662 -5.9799027 0.040661503 0
3.9872918 -5.16606 0.064533606 0
4.0788965 -5.0989151 0.064509198 0
-4.1407008 -5.3369269 0.049222294 0
-4.2122192 -5.2392626 0.049564049 0
-4.3463626 -5.2178149 0.048142049 0
3.4621849 -2.6714447 0.098277897 0
3.8343885 -2.0118146 0.098633379 0
1.0511559 -2.1529286 0.047166713 0
0.91012937 -1.958431 0.059165966 0
-0.30982935 -1.9181361 0.036632016 0
0.80279124 -1.816228 0.033775877 0
-0.27292657 -1.8910818 0.038907371 0
-0.20310324 -1.8398929 0.043086283 0
-0.1368788 -1.7913426 0.046925735 0
2.7190447 -1.509005 0.0096324245 0
-0.090096354 -1.7570457 0.049529403 0
-0.016287133 -1.7029356 0.053462774 0
0.70542955 -1.6814643 0.044939686 0
2.3951578 -1.4481542 0.025501909 0
0.039778054 -1.6618342 0.056313042 0
0.092816025 -1.6229522 0.058854029 0
0.15628751 -1.576422 0.061731961 0
0.62319869 -1.5676509 0.054329466 0
2.3408659 -1.3627877 0.029997675 0
0.20472774 -1.5409113 0.063779168 0
0.27399653 -1.4901321 0.066458672 0
0.32960412 -1.4494227 0.043408189 0
0.55278504 -1.4701992 0.062334366 0
0.38288245 -1.4104201 0.020716928 0
0.45503807 -1.3709173 0.027391097 0
-8.9067507 -1.9352264 -0.0033043651 0
-8.8523521 -1.7629769 -0.0018940773 0
-8.9692879 -1.6235969 -0.0037911572 0
-6.1132689 0.076373398 0.050650176 0
-5.9902315 0.17809588 0.052805677 0
-5.9139013 0.27838099 0.0540489 0
-5.8644114 0.37823558 0.054754432 0
-5.8348231 0.47848374 0.055052135 0
-5.8224549 0.57993871 0.054990835 0
-5.8269863 0.6835351 0.054573834 0
-5.8503056 0.79051721 0.053761423 0
1.8761746 1.6007282 0.034831777 0
1.9938978 1.5538217 0.031927831 0
2.1382914 1.5789963 0.025345854 0
-5.8978333 0.90285575 0.05244438 0
0.99251288 1.6414452 -0.0078383824 0
1.0548695 1.6262654 0.043368373 0
1.1672239 1.618679 0.058059294 0
1.2463224 1.6347396 0.055049673 0
1.3210723 1.6710001 0.051238641 0
1.8026451 1.6832557 0.034548771 0
-5.984436 1.0246522 0.050327823 0
0.89802217 1.7107556 0.037476663 0
0.95782483 1.6648417 0.033690564 0
1.7750936 1.7818253 0.031776942 0
0.84627396 1.7790205 0.058582488 0
1.7951056 1.9030087 0.026339017 0
-6.1914439 1.1744559 0.045815721 0
0.80780369 1.8707256 0.054857973 0
0.79760718 1.9944818 0.048911758 0
-4.2942538 1.6955272 0.077191278 0
-4.1815763 1.7781219 0.078502715 0
-4.0718775 1.8585327 0.07973142 0
-4.000587 1.9107897 0.080498233 0
-3.8961718 1.9873273 0.081574574 0
-7.8942251 1.6603692 0.011948558 0
-7.744853 1.7698621 0.014160684 0
-3.9569802 2.1539345 0.078975819 0
-7.7981567 1.9269263 0.012346258 0
-4.0756178 2.3152478 0.075422429 0
-7.9323745 2.1095161 0.0088629732 0
-4.2043252 2.4902496 0.071541235 0
0.72045887 3.1134863 -0.0073952302 0
0.81085551 3.1208389 -0.0087707192 0
-8.0726786 2.3003774 0.0051769484 0
0.64334559 3.1637604 -0.0092701307 0
-8.4649019 2.5769558 -0.0036599063 0
-8.5777578 2.777585 -0.0069997525 0
-6.3514118 4.2728953 0.018015794 0
-6.2372999 4.3565397 0.018886622 0
-6.124505 4.4392195 0.019706866 0
-6.0129347 4.5210009 0.020477872 0
-6.0340042 4.7062502 0.017961871 0
4.9769497 6.1849594 0.026782716 0
5.439312 6.5238461 0.017396618 0
3.4005232 -2.5331492 0.10032976 0
3.3926394 -2.3940578 0.10166728 0
3.4174871 -2.2809634 0.10230978 0
3.4701276 -2.1874321 0.10236715 0
3.5443313 -2.1065331 0.1019903 0
3.6116052 -2.0615788 0.10139838 0
3.6999059 -2.0262387 0.10042334 0
1.0271273 -2.1061461 0.12995255 0
0.89132321 -1.9202027 0.13350919 0
-0.3099733 -1.918026 0.13506809 0
-0.27306807 -1.8909737 0.13565361 0
-0.20324013 -1.839788 0.13672997 0
-0.13701153 -1.7912409 0.13771988 0
0.77997088 -1.7677404 0.13641542 0
-0.090226278 -1.7569463 0.13839206 0
-0.01641278 -1.7028394 0.13940907 0
0.68695939 -1.6403915 0.13883372 0
0.039655499 -1.6617403 0.14014727 0
0.092696235 -1.6228604 0.14080681 0
0.15617083 -1.5763326 0.14155544 0
0.60805744 -1.5323625 0.14087664 0
0.20461327 -1.5408236 0.14208959 0
0.27388495 -1.4900465 0.14279149 0
0.32945815 -1.4493108 0.1432897 0
0.54024196 -1.4395137 0.14262454 0
0.38270265 -1.4102823 0.14373071 0
0.45702079 -1.3629558 0.14402369 0
1.9047608 1.5965502 0.12273378 0
1.9754269 1.5683481 0.1222439 0
2.0429187 1.5642515 0.12147447 0
1.0675861 1.6302254 0.13068612 0
1.169921 1.6227474 0.129959 0
1.2485664 1.6379874 0.12903824 0
1.3218827 1.6722829 0.12785725 0
1.8023286 1.7139744 0.1223826 0
1.8371575 1.6552074 0.12276503 0
0.95387244 1.6796813 0.13073851 0
1.7887566 1.7636 0.12186401 0
0.86154598 1.7702825 0.12984022 0
1.7872125 1.8271461 0.12101321 0
0.81219089 1.881377 0.12823352 0
1.8392173 1.9511721 0.11874961 0
0.80625874 2.0167191 0.12592848 0
3.5104866 -2.7076085 0.25121078 0
3.4181428 -2.5458581 0.24792309 0
3.4006391 -2.4433892 0.24649906 0
3.4054124 -2.3589132 0.24564871 0
3.4240777 -2.2851877 0.24515867 0
3.4738603 -2.1896813 0.24497844 0
3.5450339 -2.1068947 0.24532199 0
3.6515265 -2.0416069 0.24647877 0
3.8154838 -2.0022068 0.24889092 0
0.98276997 -2.0197895 0.28486764 0
1.0041773 -2.0614645 0.20902117 0
-0.31010038 -1.9178109 0.23329848 0
0.85649657 -1.8494134 0.27354306 0
0.87328166 -1.8835289 0.20482966 0
-0.27319419 -1.8907578 0.23219751 0
-0.2033651 -1.8395712 0.23017739 0
-0.13713601 -1.7910236 0.22832334 0
0.75882792 -1.722819 0.23280053 0
-0.090350837 -1.7567288 0.22706787 0
-0.016538292 -1.7026217 0.2251742 0
0.6752196 -1.6142846 0.19851452 0
0.039528728 -1.6615225 0.22380446 0
0.092567734 -1.622643 0.22258629 0
0.15603967 -1.5761155 0.22120982 0
0.66437781 -1.5901815 0.25639299 0
0.20447958 -1.5406069 0.22023387 0
0.27374685 -1.4898306 0.21896204 0
0.32920986 -1.4489081 0.26797 0
0.57337993 -1.4729695 0.21327049 0
0.38244456 -1.4098805 0.26637423 0
0.46354842 -1.360741 0.26853716 0
0.52487707 -1.401933 0.24403176 0
-6.1506457 0.18487102 0.26404047 0
-6.04146 0.28604299 0.26227057 0
-5.9783764 0.38709944 0.261269 0
-5.9431276 0.48881978 0.26074332 0
-5.9302506 0.5921272 0.26060635 0
-5.9392223 0.6982047 0.26085058 0
-5.9740062 0.80886662 0.26154095 0
1.9727552 1.6254482 0.21275471 0
2.0387115 1.6204453 0.21368471 0
-6.0483065 0.92782879 0.26289999 0
1.0719849 1.6374676 0.23651923 0
1.1741687 1.6291374 0.23841503 0
1.2524079 1.6435003 0.24051097 0
1.3243425 1.6758218 0.24297851 0
1.8767635 1.6921821 0.21206163 0
1.9261914 1.6453285 0.2122765 0
0.95838928 1.6882076 0.23579708 0
1.8431138 1.7864491 0.21262348 0
-6.249361 1.0732527 0.26633516 0
0.86649078 1.7810789 0.23697551 0
0.81984842 1.8839194 0.22683065 0
0.81439692 1.9350035 0.27867964 0
0.81533849 2.040046 0.2045339 0
-4.2945027 1.6957136 0.23865494 0
-4.2188821 1.7511557 0.23786362 0
-4.3718987 1.9084381 0.24101742 0
-4.5564117 2.0885818 0.24479063 0
-4.0770426 -6.0780244 0.29358447 0
-4.1496801 -5.9605742 0.29237607 0
0.9616257 -1.978623 0.35777381 0
-0.31022787 -1.9175955 0.33184168 0
0.83973277 -1.8153369 0.3398599 0
-0.27332073 -1.8905418 0.32904848 0
-0.20353651 -1.8393192 0.35540012 0
-0.13730551 -1.790772 0.34973449 0
-0.090519518 -1.7564774 0.34589544 0
-0.016706422 -1.7023712 0.34010085 0
0.73204815 -1.6659207 0.35459745 0
0.039360397 -1.6612729 0.335906 0
0.092398569 -1.6223941 0.3321712 0
0.15586889 -1.5758678 0.3279466 0
0.64794683 -1.5536427 0.33997157 0
0.204307 -1.5403603 0.3249467 0
0.27357081 -1.4895854 0.32102957 0
0.32909971 -1.4488236 0.34332579 0
0.57592779 -1.4574873 0.32749215 0
0.38229972 -1.4097695 0.36547074 0
0.46737653 -1.3566797 0.36222905 0
-8.6414595 -2.1964991 0.31098434 0
-8.5223017 -2.0098701 0.30817199 0
-8.4848061 -1.8460513 0.30679086 0
-8.4935064 -1.6936135 0.30623132 0
-8.5423498 -1.5488776 0.30638131 0
-8.6384735 -1.4106934 0.30734861 0
-8.8197317 -1.2816684 0.30974147 0
1.0945276 1.6401711 0.34403312 0
1.1783504 1.6354386 0.34793225 0
1.2559705 1.648641 0.35293958 0
0.96316886 1.6972152 0.34213856 0
1.0404254 1.6543182 0.34244311 0
1.3261789 1.6785538 0.35880256 0
0.87187916 1.7928129 0.34564453 0
0.83152854 1.8798503 0.35092542 0
0.81978607 1.9483153 0.35593867 0
-8.0481796 1.5476636 0.29557008 0
-7.8941636 1.6605811 0.2934427 0
-7.7448258 1.7700701 0.29142234 0
-7.7576637 1.9167643 0.29207021 0
-7.8902769 2.0981512 0.29472265 0
-8.0288563 2.2877061 0.29753897 0
-8.1201515 2.4693 0.29964674 0
-8.1164694 2.6245542 0.30024862 0
-8.158226 2.7974758 0.30165988 0
-8.2955246 3.0095024 0.3047336 0
-6.2377 4.3568459 0.28530991 0
-6.124917 4.4395356 0.28463429 0
-6.01336 4.521327 0.28400636 0
-5.9593987 4.6470647 0.28455001 0
1.0853844 -2.1306174 0.45759124 0
0.94123036 -1.9389145 0.4280971 0
-0.31032461 -1.9175214 0.39802167 0
-0.27346379 -1.8904321 0.42689401 0
-0.20367537 -1.8392128 0.45037812 0
-0.13744013 -1.7906686 0.44182163 0
0.81561595 -1.7663137 0.43526489 0
-0.090651274 -1.7563763 0.43602315 0
-0.016876921 -1.7022405 0.4567332 0
0.71268785 -1.6247848 0.44173101 0
0.0391941 -1.6611454 0.44967139 0
0.092235997 -1.6222695 0.44338277 0
0.15571053 -1.5757463 0.43626785 0
0.63204962 -1.5182912 0.42083409 0
0.20415166 -1.5402411 0.43121406 0
0.27341938 -1.4894694 0.42461249 0
0.32898796 -1.4487379 0.41976768 0
0.5922426 -1.4610641 0.43808287 0
0.38668057 -1.4063449 0.46244004 0
0.4644374 -1.3496853 0.46006793 0
0.5541622 -1.4067603 0.4519715 0
1.0786252 1.6487296 0.41569236 0
1.1372576 1.6399342 0.41885516 0
0.96642601 1.7033525 0.41420585 0
1.0435443 1.6596382 0.41447368 0
0.8865599 1.7817022 0.4179472 0
0.84478641 1.8647647 0.42485535 0
-4.0580792 -6.0491085 0.54533041 0
-4.137291 -5.9420934 0.54282665 0
1.0602084 -2.0836222 0.53243828 0
0.9214977 -1.9004967 0.49613541 0
0.90235025 -1.8632177 0.5621565 0
-0.27360874 -1.890321 0.52602941 0
-0.20381677 -1.8391043 0.54712552 0
-0.13757727 -1.7905635 0.53562433 0
0.79237735 -1.7190757 0.52719563 0
-0.090785488 -1.7562733 0.52782977 0
-0.017007321 -1.7021406 0.5459289 0
0.7773807 -1.6885915 0.58652163 0
0.039066896 -1.6610478 0.5366745 0
0.09206935 -1.6221417 0.55737364 0
0.15554824 -1.575622 0.54729623 0
0.69406652 -1.5852189 0.52553934 0
0.20399243 -1.5401189 0.54013723 0
0.2732642 -1.4893504 0.53078419 0
0.32883573 -1.4486212 0.52391863 0
0.60665536 -1.4618207 0.5500046 0
0.3757211 -1.4142224 0.53436381 0
0.46421835 -1.3493338 0.53591627 0
0.54156148 -1.3773929 0.52403635 0
-6.2829914 0.52084106 0.48609045 0
-6.263135 0.62937373 0.48554203 0
-7.8945756 1.6608973 0.57527095 0
-7.7452312 1.7703815 0.56901366 0
-7.715621 1.9062033 0.56910378 0
-6.23809 4.3571453 0.55205834 0
-6.1253052 4.4398327 0.54988551 0
-6.0137458 4.5216227 0.54785722 0
-5.9033241 4.6025782 0.54597014 0
1.0241082 -2.0162351 0.63976276 0
0.87462616 -1.8092411 0.65774947 0
-0.27375698 -1.8902074 0.62743616 0
-0.20396107 -1.8389937 0.64580846 0
-0.13771716 -1.7904563 0.63130361 0
-0.090922356 -1.7561686 0.62147307 0
-0.017096072 -1.7020725 0.60663205 0
0.76269507 -1.6587394 0.6446172 0
0.038980335 -1.6609815 0.59588552 0
0.67591894 -1.5466596 0.60721493 0
-8.5234375 -2.1668835 0.61520982 0
-8.4373407 -1.990008 0.60860276 0
-8.4096651 -1.8298233 0.60524762 0
-8.4209099 -1.6792507 0.60408378 0
-8.4671679 -1.5353844 0.60488194 0
-8.5533762 -1.3970091 0.60787767 0
-8.7009668 -1.2648556 0.61415803 0
-8.8981276 1.0802045 0.62110454 0
-8.7182398 1.212078 0.61282486 0
-8.3719921 1.3109081 0.59608823 0
-8.2076197 1.431407 0.58878738 0
-8.0485983 1.5479847 0.5818556 0
-7.8465772 2.0863442 0.57776546 0
-7.9833765 2.2745466 0.58694714 0
-8.023675 2.4393103 0.59123039 0
-8.0140381 2.5907159 0.59302926 0
-8.0394278 2.7558725 0.59686601 0
-8.1204596 2.9446406 0.60389292 0
-8.4675303 3.2429008 0.62561578 0
0.98943281 -1.9515074 0.74285114 0
-4.0403547 -6.0220313 0.79577625 0
-4.1249743 -5.9237199 0.79265189 0
-8.0490179 1.5483072 0.86919087 0
-7.8949885 1.6612145 0.85813266 0
-7.7456384 1.7706935 0.84762293 0
-7.6738853 1.8957193 0.84411448 0
-7.8032064 2.074626 0.85867447 0
-7.9382515 2.2614901 0.8741008 0
-6.238481 4.3574452 0.819785 0
-6.1256943 4.4401312 0.81610942 0
-6.0141325 4.5219193 0.81267571 0
-5.9037094 4.6028738 0.80947816 0
-6.1027055 4.9365511 0.84069484 0
-8.6765642 -2.204247 0.93612438 0
-8.5320673 -2.0112121 0.91991353 0
-8.4892178 -1.8461126 0.91303366 0
-8.4968424 -1.6934063 0.91087049 0
-8.5474558 -1.5489318 0.91271436 0
-8.6500082 -1.4116673 0.91930723 0
-8.8606806 -1.2864981 0.93549907 0
-9.0852175 0.94375378 0.9498558 0
-8.8985872 1.0805568 0.93519241 0
-8.7186909 1.2124237 0.9212935 0
-8.372426 1.3112409 0.893089 0
-8.2080469 1.4317346 0.88083082 0
-8.0470676 2.4468255 0.88754863 0
-8.0399971 2.5995278 0.89089906 0
-8.0721102 2.7675505 0.89807707 0
-8.1732454 2.9644282 0.91188461 0
-4.0234165 -5.99612 1.0456649 0
-4.1129451 -5.905756 1.0425217 0
-8.5309353 2.1155157 1.2300891 0
-8.3577557 2.2272973 1.2131894 0
-8.2694302 2.3590055 1.2071621 0
-8.2325344 2.5050628 1.2079219 0
-8.2495775 2.6693511 1.2158941 0
-8.3794498 2.8758512 1.2387601 0
-4.007072 -5.9710884 1.2957051 0
-4.1011863 -5.888175 1.2931032 0
-3.9911859 -5.9467335 1.5465879 0
-4.0896878 -5.8709621 1.5450763 0
-6.9936728 -7.9890223 -0.07052511 0
-7.1959071 -7.9322157 -0.070450962 0
-7.3976059 -7.8700714 -0.070402443 0
-7.5985456 -7.802516 -0.070380569 0
-7.7984948 -7.7294865 -0.070385396 0
-7.9972172 -7.6509233 -0.070418239 0
-8.1586857 -7.5345068 -0.065720201 0
-8.3000517 -7.3986635 -0.058876514 0
-8.4278288 -7.2506046 -0.050886512 0
-8.5530138 -7.1003323 -0.043220758 0
-8.9126425 -6.6366916 -0.022191405 0
-9.0270863 -6.4780283 -0.015844822 0
-9.1387568 -6.3173866 -0.0098332167 0
-9.2476177 -6.1548166 -0.0041583776 0
-9.3536367 -5.9903679 0.0011780262 0
-9.4567814 -5.82409 0.0061742067 0
-9.5570202 -5.6560345 0.010828972 0
-9.6543207 -5.4862528 0.015140414 0
-9.7486553 -5.3147964 0.01910758 0
-9.8399944 -5.1417179 0.022729158 0
-9.9283094 -4.9670711 0.026003838 0
-10.013575 -4.7909083 0.028930902 0
-10.095762 -4.6132841 0.03150928 0
-10.17485 -4.4342527 0.033738375 0
-10.25081 -4.2538681 0.035617352 0
-10.323622 -4.0721865 0.037145615 0
-10.393261 -3.8892634 0.038322687 0
-8.282609 -3.2738161 -0.090240538 0
-10.459708 -3.7051549 0.03914845 0
-8.3498583 -3.1309121 -0.090791047 0
-10.522943 -3.5199163 0.039622307 0
-8.4126816 -2.9859657 -0.091358244 0
-10.582944 -3.3336055 0.039744377 0
-8.4710007 -2.8391168 -0.091941953 0
-8.5247459 -2.6905091 -0.092541456 0
-10.639694 -3.1462786 0.039514422 0
-8.5738535 -2.5402896 -0.093156278 0
-10.693177 -2.9579935 0.038932681 0
-8.6182699 -2.3886087 -0.093785524 0
-10.702562 -2.92361 0.038788915 0
-8.6258488 -2.3608439 -0.093901634 0
-8.6646585 -2.2076325 -0.094547451 0
-10.75216 -2.7342665 0.037791371 0
-8.6986856 -2.0532963 -0.095206261 0
-10.798456 -2.5440907 0.036442757 0
-8.7278976 -1.8979925 -0.095877767 0
-10.841435 -2.3531404 0.034742832 0
-8.7522783 -1.7418797 -0.096561015 0
-10.881084 -2.1614752 0.03269279 0
-8.7718115 -1.5851171 -0.097255528 0
-10.917391 -1.969152 0.030292988 0
-8.7864952 -1.427865 -0.097960293 0
-10.950345 -1.7762313 0.027544022 0
-10.979935 -1.5827713 0.024446964 0
-11.006153 -1.3888314 0.021002531 0
-11.028991 -1.1944704 0.017212033 0
-11.048442 -0.99974895 0.013076544 0
-11.064499 -0.80472565 0.0085971355 0
-11.077157 -0.60946059 0.0037753582 0
-11.086414 -0.41401315 -0.0013873577 0
-11.092266 -0.21844363 -0.0068892241 0
-11.094712 -0.022811651 -0.01272893 0
-11.093749 0.17282319 -0.018904567 0
-11.08938 0.36840057 -0.02541399 0
-11.081605 0.56386113 -0.03225553 0
-11.070427 0.75914407 -0.039426923 0
-11.055848 0.95419073 -0.046926022 0
-11.037874 1.148941 -0.054750562 0
-10.764606 2.4872041 -0.1128155 0
-10.63336 2.6558335 -0.11381644 0
-10.498245 2.8203218 -0.11480486 0
-10.359496 2.9805965 -0.11577946 0
-10.217344 3.1365976 -0.11674017 0
-10.072019 3.2882726 -0.11768621 0
-5.9817309 -8.1959867 -0.071253717 0
-6.1835704 -8.1645565 -0.071062684 0
-6.3858724 -8.1282434 -0.070893526 0
-6.5884514 -8.0869484 -0.070746958 0
-6.7911186 -8.0405712 -0.070623934 0
-6.8144984 -5.0927668 -0.084255159 0
-6.9347887 -4.9937143 -0.084513724 0
-7.052474 -4.8911791 -0.084792793 0
-7.1674109 -4.7852135 -0.085092366 0
-7.2794523 -4.6758752 -0.085412383 0
-7.3884573 -4.5632296 -0.085753143 0
-7.4942875 -4.4473476 -0.08611393 0
-7.5968051 -4.3283091 -0.086494982 0
-7.6958776 -4.2061977 -0.086895823 0
-7.7913752 -4.0811043 -0.087316453 0
-7.8831716 -3.9531279 -0.087756991 0
-7.9711475 -3.822371 -0.088216245 0
-8.0551863 -3.6889429 -0.088695109 0
-8.1351776 -3.5529604 -0.089192033 0
-8.2110176 -3.4145422 -0.089707613 0
-8.7963324 -1.2702829 -0.098674774 0
-8.8013382 -1.1125304 -0.099397779 0
-8.8015299 -0.9547652 -0.10012937 0
-8.7969389 -0.79714537 -0.10086757 0
-8.7875986 -0.63982522 -0.10161304 0
-8.7735558 -0.48295903 -0.10236377 0
-8.754859 -0.3266964 -0.10311973 0
-8.7315683 -0.17118549 -0.10387987 0
-8.7037506 -0.016570568 -0.10464323 0
-8.6714735 0.13700795 -0.10540932 0
-8.634819 0.2894125 -0.10617697 0
-8.5938683 0.44051123 -0.10694605 0
-8.5487108 0.59017539 -0.10771555 0
-8.4994431 0.73828197 -0.10848469 0
-8.4461613 0.88471174 -0.10925275 0
-9.9237461 3.4355814 -0.1186167 0
-9.7727489 3.5784934 -0.11953133 0
-9.6192455 3.7169845 -0.12042975 0
-9.4634495 3.851042 -0.12131131 0
-9.3055706 3.9806592 -0.12217587 0
-4.9852657 -8.2837267 -0.072509587 0
-5.3806853 -8.2620621 -0.071950257 0
-5.1823511 -8.2750559 -0.072220922 0
-5.5801268 -8.2446289 -0.071698248 0
-5.7805281 -8.222641 -0.07146585 0
-5.5007439 -5.8849669 -0.082773626 0
-5.6389995 -5.8221817 -0.082833946 0
-5.7761087 -5.7557425 -0.08291328 0
-5.9119306 -5.6856403 -0.083011806 0
-6.0463233 -5.6118708 -0.083129585 0
-6.179142 -5.5344372 -0.083267093 0
-6.3102412 -5.4533453 -0.083424389 0
-6.4394741 -5.3686099 -0.083601713 0
-6.3717303 -2.658721 -0.096281707 0
-6.4253211 -2.5481243 -0.096705198 0
-6.4758272 -2.4360294 -0.097140729 0
-6.5231953 -2.3225279 -0.097588062 0
-6.567378 -2.2077127 -0.098046899 0
-6.6083298 -2.0916796 -0.098516524 0
-6.6460123 -1.9745259 -0.098996937 0
-6.6803899 -1.8563513 -0.099487603 0
-6.6862917 -1.8347307 -0.099577963 0
-6.7167239 -1.7154791 -0.10008031 0
-6.7437906 -1.595428 -0.10059184 0
-6.7674723 -1.4746808 -0.10111237 0
-6.7877526 -1.3533413 -0.10164118 0
-6.8046217 -1.2315148 -0.10217792 0
-6.8180733 -1.109306 -0.10272229 0
-6.8281064 -0.98681986 -0.10327357 0
-8.3889713 1.0293515 -0.11001885 0
-8.32798 1.1720932 -0.11078256 0
-8.263298 1.3128338 -0.11154318 0
-8.1950397 1.4514757 -0.11229998 0
-8.1233225 1.587927 -0.11305249 0
-8.0482664 1.7221019 -0.11379987 0
-7.9699926 1.8539197 -0.11454195 0
-7.8886242 1.9833056 -0.11527765 0
-7.8042865 2.1101899 -0.11600679 0
-7.7171049 2.2345095 -0.11672884 0
-4.0405684 -11.069383 -0.061167598 0
-3.8358042 -8.2516937 -0.074576139 0
-4.4027815 -8.284997 -0.073475659 0
-4.2119303 -8.2775755 -0.073828518 0
-4.0229063 -8.2664337 -0.074195683 0
-4.7895613 -8.2881937 -0.072815359 0
-4.5953617 -8.2885771 -0.073137701 0
-4.3694091 -6.2583618 -0.08292979 0
-4.6546764 -6.1860604 -0.082789063 0
-4.512105 -6.2239203 -0.08285141 0
-4.797008 -6.1447406 -0.082743168 0
-4.9389782 -6.0999198 -0.08271414 0
-5.0804653 -6.0515623 -0.082702219 0
-5.3614798 -5.9441123 -0.082731605 0
-5.2213426 -5.9996362 -0.082708001 0
-4.8618383 -4.3769808 -0.090832829 0
-4.9598293 -4.3079023 -0.090989709 0
-5.0562782 -4.2362275 -0.091161251 0
-5.1510916 -4.1619816 -0.091347218 0
-5.2441745 -4.0851917 -0.091548085 0
-5.3354325 -4.0058894 -0.091763496 0
-5.6803589 -3.6643224 -0.092772007 0
-5.7611108 -3.5730669 -0.093060434 0
-5.8394957 -3.4795706 -0.093363285 0
-5.9154286 -3.3838916 -0.093680203 0
-5.9888268 -3.2860923 -0.094011188 0
-6.0596113 -3.1862392 -0.09435612 0
-6.1277041 -3.0844016 -0.094714761 0
-6.1930323 -2.9806528 -0.095086932 0
-6.2555237 -2.8750696 -0.095472276 0
-6.3151112 -2.7677312 -0.095870674 0
-6.8347254 -0.86416155 -0.10383135 0
-6.8379383 -0.74143553 -0.10439509 0
-6.8377581 -0.61874557 -0.10496438 0
-6.8342028 -0.49619496 -0.10553849 0
-6.8272948 -0.37388527 -0.10611731 0
-6.8170605 -0.25191772 -0.10669994 0
-6.8035316 -0.130391 -0.10728616 0
-6.7867422 -0.0094027519 -0.10787535 0
-6.7667317 0.11095119 -0.1084668 0
-6.7435436 0.23057771 -0.10906029 0
-6.7172236 0.34938502 -0.10965514 0
-6.6878233 0.4672848 -0.11025095 0
-6.655395 0.58419001 -0.11084729 0
-6.6199965 0.70001757 -0.1114434 0
-6.5816865 0.81468606 -0.11203909 0
-6.5405283 0.92811811 -0.11263382 0
-6.4965868 1.0402378 -0.11322713 0
-6.4499302 1.150974 -0.11381853 0
-6.4006267 1.2602576 -0.11440754 0
-7.6272049 2.3562064 -0.1174432 0
-7.5347128 2.4752278 -0.11814952 0
-7.4397559 2.591527 -0.11884719 0
-7.3424602 2.7050614 -0.11953622 0
-7.2429514 2.8157954 -0.12021577 0
-7.1413527 2.9236979 -0.12088561 0
-2.3874097 -10.40519 -0.06700635 0
-3.2868423 -8.1870804 -0.075791955 0
-3.1082082 -8.1591434 -0.076219618 0
-2.9318552 -8.1282005 -0.076657295 0
-3.6507082 -8.2334738 -0.074969649 0
-3.4676971 -8.2118969 -0.075375021 0
-3.5166476 -6.3960381 -0.083714306 0
-3.3760114 -6.4080062 -0.083893478 0
-3.7995727 -6.3629255 -0.08339572 0
-3.6578643 -6.3810315 -0.083548188 0
-3.9416804 -6.341661 -0.083257258 0
-4.2267013 -6.289432 -0.083023906 0
-4.0840898 -6.3171816 -0.083133161 0
-3.8178723 -4.9224095 -0.090045571 0
-3.7090845 -4.962399 -0.090041578 0
-3.9261274 -4.8797956 -0.090062499 0
-4.1406975 -4.7866449 -0.090136409 0
-4.0337653 -4.8345442 -0.090092719 0
-4.2468348 -4.7360897 -0.090193868 0
-4.352087 -4.6828747 -0.090264857 0
-4.4563632 -4.6269994 -0.090350032 0
-4.6105924 -4.5378704 -0.090505958 0
-4.7624016 -4.4434447 -0.090690613 0
-5.0349131 -3.6510754 -0.013378322 0
-5.0647011 -3.5378401 -0.0033673644 0
-6.3487492 1.3680235 -0.11499393 0
-6.2659693 1.5264821 -0.11586678 0
-6.1784139 1.6816074 -0.11673236 0
-6.1169882 1.7827121 -0.11730367 0
-6.05337 1.8820213 -0.11787045 0
-5.9876385 1.9794891 -0.11843204 0
-5.9198728 2.0750732 -0.11898845 0
-5.8501539 2.1687355 -0.11953914 0
-5.7785635 2.2604394 -0.12008393 0
-6.6442223 5.471787 -0.13353181 0
-7.3321767 7.7096043 -0.14276159 0
-8.0673599 7.6221886 -0.14112943 0
-7.8189325 7.6556149 -0.14169896 0
-7.5738583 7.684701 -0.14224279 0
-2.5488508 -6.4195566 -0.085220158 0
-2.4144289 -6.4120522 -0.085479349 0
-2.2811561 -6.4020324 -0.085748106 0
-2.9584129 -6.4263043 -0.084505469 0
-2.8209057 -6.4267497 -0.084732831 0
-2.6843634 -6.4244781 -0.084971249 0
-3.2360401 -6.4169974 -0.084085345 0
-3.0968149 -6.4230752 -0.084289491 0
-2.6095796 -5.2226219 -0.090669543 0
-2.82937 -5.1902518 -0.09045285 0
-2.7193632 -5.2076187 -0.090555966 0
-3.049787 -5.1482859 -0.090279698 0
-2.9395342 -5.1704855 -0.090360731 0
-3.2702765 -5.096468 -0.090152115 0
-3.1600585 -5.1236234 -0.09021011 0
-3.4902496 -5.0345702 -0.090072036 0
-3.3803656 -5.0667915 -0.090105951 0
-3.5998497 -4.9997797 -0.090050578 0
-5.2558408 -4.2552691 0.13470566 0
-5.3405681 -4.1686873 0.13719755 0
-5.0941792 -3.4259872 0.0060133338 0
-8.0610161 1.0049503 0.22976124 0
-7.9246216 1.132468 0.23532659 0
-7.857554 1.5537455 0.21530318 0
-7.9488087 1.7173624 0.19578868 0
-5.8023968 3.9924235 -0.12807611 0
-5.684186 4.0626683 -0.12859911 0
-5.5654259 4.1300836 -0.12910992 0
-5.4462061 4.1946926 -0.12960845 0
-5.3266134 4.2565231 -0.13009486 0
-5.2067323 4.3156037 -0.13056877 0
-6.4771452 5.5310583 -0.13408542 0
-6.3107066 5.5867295 -0.13462147 0
-6.144999 5.6388731 -0.13513967 0
-5.9801073 5.6875658 -0.13564068 0
-5.8161139 5.7328835 -0.13612446 0
-5.6530933 5.7749023 -0.13659129 0
-6.1754637 7.77667 -0.14500281 0
-6.6277504 7.7607508 -0.14417422 0
-6.3998699 7.7704353 -0.14459935 0
-7.0939169 7.7304811 -0.14325601 0
-6.8591032 7.7474813 -0.14372665 0
-1.7649482 -7.8368506 -0.079955548 0
-1.888751 -6.3575587 -0.086609185 0
-1.760578 -6.3381534 -0.08691296 0
-1.63379 -6.3165708 -0.087224603 0
-1.5115458 -6.3041196 -0.089564681 0
-1.395173 -6.3082542 -0.095293224 0
-2.1490855 -6.389565 -0.086026371 0
-2.0182681 -6.3747172 -0.086313367 0
-1.7531412 -5.2797651 -0.095744133 0
-1.6538851 -5.2928371 -0.099742651 0
-1.5487491 -5.2862926 -0.099948555 0
-1.4444135 -5.2778158 -0.10016185 0
-2.0661471 -5.2634583 -0.091386974 0
-1.9589539 -5.2650647 -0.091558367 0
-1.8523799 -5.2645802 -0.091738522 0
-2.3909326 -5.245677 -0.090927422 0
-2.2821894 -5.2538047 -0.091071129 0
-2.1739092 -5.2597189 -0.091224432 0
-2.500082 -5.2352953 -0.090793461 0
-7.8574944 1.2662146 0.23365217 0
-5.0902224 2.11309 0.00050392747 0
-7.8352079 1.4058322 0.22702163 0
-4.5713687 3.1718059 -0.09270072 0
-4.6242304 3.3260913 -0.12695184 0
-4.5339713 3.3861973 -0.12738127 0
-4.4430542 3.4441681 -0.12780184 0
-4.3515429 3.5000119 -0.1282135 0
-4.2595034 3.5537403 -0.12861633 0
-4.1817341 3.6172078 -0.13295084 0
-4.1028767 3.6788642 -0.13726187 0
-4.0089955 3.7266421 -0.13764021 0
-3.9148231 3.7723503 -0.13800925 0
-5.0866432 4.371964 -0.13103059 0
-4.9664245 4.4256387 -0.13147998 0
-4.8461514 4.4766612 -0.13191742 0
-4.7258945 4.5250669 -0.13234243 0
-4.6057239 4.5708928 -0.13275546 0
-4.4941025 4.6222596 -0.13525832 0
-4.3959575 4.6849012 -0.14126611 0
-6.2951746 4.1800966 0.073463917 0
-4.2763114 4.7241526 -0.14181992 0
-4.1563215 4.7602906 -0.14218786 0
-5.920289 4.7330408 0.01669845 0
-5.4911175 5.8136992 -0.13704154 0
-5.3302512 5.8493509 -0.13747537 0
-5.1705561 5.8819337 -0.13789284 0
-5.0120878 5.9115248 -0.13829458 0
-4.8625212 5.94698 -0.14045864 0
-4.7319884 6.0013456 -0.14698252 0
-4.5764704 6.0225534 -0.14734036 0
-5.5230632 7.7760115 -0.14608839 0
-5.329298 7.7930465 -0.15003061 0
-5.1410151 7.8119698 -0.1546967 0
-5.9545326 7.7795911 -0.14538503 0
-5.7370691 7.7793288 -0.14574662 0
-1.7035104 -7.08147 0.035278141 0
-1.7653801 -6.8384056 0.076116592 0
-2.2921128 -6.8345218 0.09766677 0
-2.1436591 -6.7939949 0.098616332 0
-1.9986814 -6.7544184 0.099123895 0
-1.3409173 -5.2674518 -0.10038269 0
-1.2382975 -5.2552457 -0.10061046 0
-1.1365881 -5.24124 -0.1008451 0
-4.8955126 2.140111 0.025445193 0
-4.7722397 2.1911898 0.036339968 0
-4.6789861 2.2521553 0.041124642 0
-4.6047873 2.3197408 0.041836977 0
-4.5211744 2.4321442 0.036568046 0
-4.4611225 2.5557179 0.025519609 0
-4.4365239 2.6467793 0.01414597 0
-4.4251738 2.746376 -0.00078681111 0
-4.4310422 2.857893 -0.020363539 0
-4.4644017 2.9890559 -0.047220469 0
-3.8204145 3.8160052 -0.13836926 0
-3.7258244 3.8576286 -0.13872007 0
-3.6311047 3.8972402 -0.13906181 0
-6.1230965 4.227087 0.077871859 0
-5.9561815 4.272666 0.081709176 0
-5.8010273 4.3218036 0.083894342 0
-5.8592911 4.52279 0.051276237 0
-3.674361 6.0954299 -0.14918371 0
-3.5294414 6.0991759 -0.1494429 0
-4.2697334 6.0569129 -0.1480116 0
-4.1185837 6.0702105 -0.14832547 0
-3.9689543 6.0810156 -0.14862527 0
-3.8208723 6.0893989 -0.14891119 0
-4.4223733 6.0410509 -0.14768332 0
-4.734231 7.7856669 -0.15525347 0
-4.9359231 7.8001223 -0.15498403 0
-1.8569747 -6.7157364 0.09920463 0
-5.2312565 -4.2475152 0.38417313 0
-5.3159351 -4.1609182 0.38716021 0
-8.0546932 0.87141371 0.53090745 0
-7.8876691 0.99740732 0.53452563 0
-5.0123391 2.2021425 0.20474705 0
-7.7758307 1.6971025 0.50139129 0
-7.8967767 1.8692757 0.48356229 0
-4.5746078 3.076802 0.12973833 0
-2.0435987 4.2867098 -0.14351702 0
-1.9535925 4.2944651 -0.14370318 0
-2.5939121 4.2069831 -0.14222902 0
-2.5011034 4.2243662 -0.14246443 0
-2.4086928 4.2400723 -0.14269151 0
-2.3167098 4.2541318 -0.14291033 0
-2.2251825 4.266572 -0.14312068 0
-2.1341372 4.2774215 -0.14332289 0
-2.3190575 5.0421381 -0.14656061 0
-2.2111464 5.0434322 -0.14674677 0
-2.7599447 5.0194664 -0.14571977 0
-2.6483793 5.0278416 -0.14594482 0
-2.5376945 5.0343847 -0.14615984 0
-2.4279137 5.0391359 -0.14636511 0
-3.0996656 4.9829159 -0.14498341 0
-2.9856153 4.9970455 -0.14523926 0
-2.8723655 5.0092154 -0.14548464 0
-7.3805304 4.0144548 0.32483542 0
-7.1728044 4.0711679 0.32723516 0
-6.9724617 4.1258631 0.32915372 0
-2.6941895 6.0773177 -0.15073526 0
-2.5607853 6.066864 -0.15090938 0
-2.4290535 6.0546222 -0.15107247 0
-2.9660025 6.0926285 -0.15035264 0
-2.8292637 6.0859246 -0.1505498 0
-3.386131 6.1007032 -0.14968911 0
-3.2444463 6.1000795 -0.14992261 0
-3.1043997 6.0973663 -0.1501437 0
-5.9475055 5.500844 0.18967259 0
-2.8971248 7.5194893 -0.1570847 0
-3.2392793 7.5882516 -0.15683255 0
-3.0666838 7.5547185 -0.15696514 0
-3.4149547 7.6200132 -0.15668663 0
-3.593751 7.6499248 -0.15652709 0
-3.7757084 7.6779017 -0.15635318 0
-7.7927728 1.1277485 0.53335774 0
-7.7384272 1.2615311 0.52928746 0
-7.7162738 1.3995664 0.52275568 0
-4.8629236 2.2445374 0.21626423 0
-4.7585182 2.3025942 0.22048119 0
-7.7261033 1.5436139 0.51367569 0
-4.6783018 2.3693042 0.2205808 0
-4.6151624 2.4427094 0.21759543 0
-4.5660496 2.5223696 0.21191327 0
-4.5299039 2.6086807 0.20359358 0
-4.507194 2.7028265 0.19242078 0
-4.5003295 2.8071957 0.17780355 0
-4.5157456 2.9268658 0.15834939 0
-0.92209631 4.2782393 -0.14534913 0
-1.170819 4.2999659 -0.14503483 0
-1.0871876 4.293942 -0.14514653 0
-1.0042765 4.2866917 -0.14525129 0
-1.5122883 4.3112473 -0.14451735 0
-1.4259071 4.3104029 -0.14465761 0
-1.2976751 4.3064785 -0.14485343 0
-1.8197026 4.3031044 -0.14396667 0
-1.6869845 4.3088198 -0.14421466 0
-1.5993197 4.310729 -0.14436978 0
-1.0906411 4.9561014 -0.14821149 0
-1.2849696 4.9847078 -0.14801998 0
-1.1872702 4.9710522 -0.1481196 0
-1.584428 5.0175543 -0.14767253 0
-1.4835554 5.0079942 -0.14779659 0
-1.3837335 4.9970331 -0.14791217 0
-1.893254 5.0374675 -0.14724958 0
-1.7892877 5.0323277 -0.1473992 0
-1.6863419 5.0256782 -0.14754009 0
-2.104198 5.0430584 -0.14692345 0
-1.9982287 5.0410571 -0.14709099 0
-6.6283374 4.0902939 0.34609491 0
-6.4453068 4.1402602 0.34710437 0
-6.2681484 4.1886215 0.3477124 0
-6.0964823 4.2354813 0.34793812 0
-5.9299593 4.2809367 0.34779876 0
-5.8328323 4.5311351 0.3197681 0
-1.4353069 5.8986616 -0.15200748 0
-5.8932152 4.74158 0.29142985 0
-1.6737771 5.9466166 -0.15183184 0
-1.5537183 5.9233303 -0.15192424 0
-1.7954903 5.9684734 -0.15173018 0
-2.0439041 6.0077105 -0.15149765 0
-1.9188641 5.9888539 -0.15161875 0
-6.0253615 5.0165057 0.25257957 0
-2.2989967 6.0406461 -0.15122461 0
-2.1706138 6.024991 -0.15136629 0
-5.9594803 5.1415243 0.23773548 0
-5.9253612 5.2947803 0.21804272 0
-1.791615 7.231185 -0.15759245 0
-1.9411316 7.2763958 -0.15755254 0
-2.0933788 7.3203645 -0.15750238 0
-2.4062426 7.4043431 -0.15736981 0
-2.2484012 7.3630333 -0.1574416 0
-2.5669479 7.4442329 -0.15728658 0
-2.7305608 7.4826365 -0.15719175 0
-2.3486168 9.3142633 -0.16632313 0
-2.5499725 9.402812 -0.16639772 0
-2.7563884 9.4910145 -0.16646221 0
2.4364321 -6.4255004 -0.049591653 0
2.5515845 -6.3941255 -0.063517727 0
2.667079 -6.3626585 -0.077820085 0
2.8042018 -6.3846283 -0.10211854 0
2.888402 -6.2729921 -0.10277675 0
2.9701631 -6.1618323 -0.10342872 0
-1.6776447 -7.0733118 0.29775006 0
-1.7402781 -6.8304887 0.33083859 0
-2.2664647 -6.8264322 0.35792896 0
-2.1183152 -6.7860012 0.35579327 0
-1.9736269 -6.7465162 0.35336471 0
-1.8321955 -6.7079206 0.35065159 0
2.1087742 -5.5209894 -0.10496317 0
2.1880679 -5.438292 -0.10547902 0
2.2654178 -5.355423 -0.10599238 0
2.3408537 -5.2724075 -0.10650331 0
2.4144039 -5.1892715 -0.1070115 0
2.4860978 -5.1060371 -0.10751721 0
2.5899971 -4.9810429 -0.10827015 0
1.8070877 -4.6735148 -0.10838988 0
1.8765321 -4.6095572 -0.10880241 0
1.944465 -4.5451732 -0.10921432 0
2.0109005 -4.4803896 -0.10962564 0
2.0758538 -4.4152308 -0.11003614 0
2.1393394 -4.3497214 -0.11044586 0
2.2013726 -4.2838855 -0.11085468 0
2.2619684 -4.2177444 -0.11126257 0
2.3500261 -4.1179781 -0.11187217 0
1.6131599 -4.0165529 -0.11111291 0
1.7043073 -3.9388924 -0.11162509 0
1.7634592 -3.8864317 -0.11196711 0
1.8497877 -3.8067801 -0.11248061 0
1.9337347 -3.7262242 -0.11299424 0
2.0147333 -3.6446185 -0.11350782 0
2.0933967 -3.5622344 -0.11402115 0
2.1442957 -3.5068259 -0.11436301 0
2.1940479 -3.4510765 -0.11470462 0
-5.2070041 -4.2398658 0.63027692 0
-5.2916346 -4.1532536 0.63375241 0
-5.132802 2.3755467 0.3791073 0
-4.946373 2.4023199 0.3905966 0
-4.8399019 2.4608331 0.39205545 0
-2.6279914 3.0045776 0.14638728 0
-2.5503216 3.0257857 0.14793824 0
-4.7648783 2.5321462 0.38934141 0
-4.6773491 2.7042761 0.37482676 0
-2.1987636 3.3782434 0.087366164 0
0.14717376 4.0474982 -0.14606331 0
-4.6642327 2.8076158 0.36276421 0
0.0040040016 4.0921035 -0.14603123 0
0.07599622 4.0702391 -0.14604995 0
-4.6816988 2.9303513 0.34579062 0
-2.2630401 3.5917041 0.030329987 0
-0.21683544 4.1522336 -0.14594159 0
-0.10560781 4.1230969 -0.14599206 0
-0.44489479 4.2037125 -0.14579973 0
-0.33006936 4.1789675 -0.14587665 0
-4.7921863 3.1125996 0.31446251 0
-0.64046222 4.2394276 -0.14563903 0
-0.52249765 4.2188454 -0.14574037 0
-0.84065759 4.2686114 -0.1454403 0
-0.75996995 4.2578325 -0.14552496 0
-0.057319522 4.7011566 -0.14875337 0
-0.26965141 4.7685313 -0.14871147 0
-0.18385428 4.7423491 -0.14873326 0
-0.44449693 4.8178902 -0.14864862 0
-0.35653174 4.7937207 -0.14868331 0
-0.62368548 4.8630595 -0.14855911 0
-0.53354806 4.841013 -0.14860731 0
-0.80721861 4.9038062 -0.14844179 0
-0.71490932 4.8839998 -0.14850402 0
-0.94784951 4.9311666 -0.14833404 0
-0.28913498 5.5664482 -0.15237927 0
-0.44213223 5.6213207 -0.15237851 0
-0.65176332 5.6908264 -0.15235105 0
-0.54617333 5.6565871 -0.15236837 0
-5.7751484 4.3299661 0.34650233 0
-0.75891566 5.7240028 -0.15232602 0
-0.97795659 5.7870235 -0.15225276 0
-0.86764264 5.7560811 -0.15229337 0
-1.2033917 5.8453503 -0.15214708 0
-1.0898691 5.816793 -0.15220411 0
-1.3185341 5.8726535 -0.15208161 0
-0.68852848 6.8308325 -0.15757634 0
-0.5616281 6.776628 -0.15753676 0
-0.81777161 6.8842077 -0.1576082 0
-3.5434775 6.1700444 0.094916537 0
-3.4184175 6.2041483 0.086963132 0
-3.2945373 6.2379293 0.07874006 0
-3.1717455 6.2714124 0.070245579 0
-0.94939882 6.9367166 -0.15763213 0
-1.0834525 6.988318 -0.15764767 0
-1.2199748 7.0389695 -0.15765478 0
-1.3590087 7.0886292 -0.15765309 0
-1.644785 7.1847854 -0.15762211 0
-1.5005977 7.1372504 -0.15764228 0
-1.2385784 8.7777805 -0.16568746 0
-1.4125915 8.8676443 -0.16581371 0
-1.5908277 8.9573708 -0.16593245 0
-1.7734134 9.0469265 -0.16604309 0
-1.9604813 9.1362829 -0.16614528 0
-2.1521685 9.2254066 -0.16623868 0
3.5044739 -8.0655603 -0.095491856 0
3.6016319 -7.9036784 -0.096404716 0
3.6954255 -7.7437034 -0.097303048 0
3.7859602 -7.5855956 -0.098187298 0
3.8733373 -7.429317 -0.09905798 0
3.957655 -7.2748308 -0.099915087 0
4.0390058 -7.1220994 -0.10075907 0
4.1174808 -6.9710879 -0.10159037 0
4.1931658 -6.8217587 -0.10240915 0
3.0495391 -6.0511589 -0.10407439 0
3.1265826 -5.9409819 -0.10471387 0
3.201345 -5.8313098 -0.1053472 0
3.2738762 -5.7221479 -0.10597445 0
3.3442249 -5.6135058 -0.10659572 0
3.4124389 -5.5053868 -0.10721096 0
3.4785643 -5.3977957 -0.1078203 0
3.5426455 -5.2907376 -0.10842367 0
3.6047277 -5.1842155 -0.10902125 0
3.6648529 -5.0782299 -0.10961308 0
2.6903253 -4.8559575 -0.10901769 0
2.7548766 -4.7725391 -0.10951228 0
2.8177116 -4.6891217 -0.1100039 0
2.9085982 -4.5640397 -0.11073565 0
2.9961855 -4.4390407 -0.1114615 0
3.0524206 -4.3557878 -0.11194137 0
3.1070709 -4.2726121 -0.11241835 0
3.1601608 -4.1895261 -0.11289224 0
2.4352858 -4.0177083 -0.11247947 0
2.4902859 -3.9505584 -0.11288258 0
2.5439258 -3.8832054 -0.11328452 0
2.5962203 -3.8156667 -0.11368493 0
2.6720099 -3.7140288 -0.11428272 0
2.7451859 -3.6121027 -0.1148775 0
2.7922525 -3.5439849 -0.11527199 0
2.8380494 -3.4757609 -0.11566483 0
2.882592 -3.407444 -0.11605589 0
2.9258947 -3.3390481 -0.11644532 0
2.9679728 -3.2705858 -0.11683312 0
2.2664044 -3.366817 -0.11521613 0
3.0286746 -3.1677899 -0.11741109 0
2.3365104 -3.281966 -0.11572652 0
2.3817625 -3.2250316 -0.11606611 0
3.0869973 -3.0649204 -0.11798543 0
2.4259117 -3.1678431 -0.116405 0
2.4689672 -3.1104155 -0.11674316 0
3.1243162 -2.9963102 -0.11836589 0
2.5109382 -3.0527642 -0.11708062 0
2.5518339 -2.994904 -0.11741705 0
2.5916634 -2.9368486 -0.11775279 0
2.6492982 -2.8494096 -0.1182545 0
2.7048466 -2.7616475 -0.11875413 0
1.3990932 3.4367471 -0.14532006 0
-8.0960302 0.88752079 0.82153571 0
-7.9177866 1.0132005 0.8200978 0
1.3163478 3.4913285 -0.14543509 0
-7.8194408 1.1439852 0.81627005 0
1.2033528 3.5622411 -0.1455754 0
-7.7637491 1.2784749 0.8109861 0
1.0871385 3.6308267 -0.1456995 0
0.96768725 3.6969738 -0.14580694 0
-7.7414579 1.4174354 0.80442357 0
0.75091553 3.8065972 -0.14595357 0
0.84498352 3.7605662 -0.14589711 0
-7.7523527 1.5626962 0.79649419 0
0.62249112 3.8654239 -0.14601216 0
0.68711305 3.8363652 -0.14598511 0
-2.4740427 3.0466123 0.14913508 0
-2.3990729 3.0670803 0.14998765 0
-2.2890456 3.0971167 0.15059999 0
-2.1812651 3.1265373 0.15056533 0
-2.1404917 3.1846092 0.13878328 0
0.49078715 3.921345 -0.14605166 0
0.55704927 3.8937564 -0.14603429 0
1.179487 4.1284304 -0.14816123 0
-7.8052402 1.7179585 0.78680331 0
-4.7115264 2.6132543 0.38354164 0
0.35580081 3.9742196 -0.14607154 0
0.42370427 3.9481719 -0.14606412 0
1.1124839 4.1685658 -0.14823553 0
0.25230598 4.0116854 -0.14607269 0
1.0099837 4.2275372 -0.148338 0
-7.9372625 1.8939581 0.77394426 0
-2.7221293 3.3414381 0.22379063 0
-2.6640224 3.3912902 0.2165149 0
0.83444482 4.3228269 -0.14848693 0
0.90547138 4.2852368 -0.14843121 0
-2.5751462 3.4639993 0.20549652 0
-2.4845996 3.534601 0.19437902 0
0.6893211 4.3959494 -0.14858396 0
0.76239681 4.3597369 -0.14853789 0
-2.4231522 3.5802402 0.18690501 0
-2.3294132 3.6465139 0.17560743 0
0.54006362 4.4662027 -0.1486606 0
0.61521208 4.4314442 -0.14862487 0
0.42524922 4.5168157 -0.14870372 0
0.22897255 4.597456 -0.14875025 0
0.30833006 4.5658526 -0.14873606 0
0.067061186 4.6581101 -0.14876133 0
0.14855099 4.6282158 -0.14875862 0
0.94228518 4.9893026 -0.15175766 0
0.85975003 5.0365362 -0.15183899 0
0.69067788 5.1290946 -0.15198606 0
0.77588606 5.0831399 -0.15191513 0
0.60411048 5.1743779 -0.15205166 0
0.4268378 5.2628436 -0.15216604 0
0.51616895 5.2189689 -0.15211171 0
0.33610225 5.3059802 -0.15221472 0
0.19715238 5.3691449 -0.15227577 0
0.055318594 5.4307036 -0.15232454 0
-0.13916731 5.5096831 -0.15236631 0
-0.041184783 5.4706287 -0.15234874 0
-7.3507786 4.0238385 0.62673777 0
-7.1435928 4.0803814 0.62365937 0
-6.9437618 4.1349149 0.62038243 0
0.5872767 6.1962461 -0.15676241 0
0.48164105 6.2569857 -0.15686783 0
0.37404668 6.3171945 -0.15696749 0
0.15283835 6.4359221 -0.15714896 0
0.26445782 6.3768482 -0.15706131 0
0.039151788 6.49439 -0.15723038 0
-0.076640248 6.5522242 -0.15730532 0
-0.19457495 6.6093965 -0.15737365 0
-0.31469166 6.6658754 -0.15743516 0
-0.43702936 6.7216311 -0.1574896 0
-5.7870002 5.3932657 0.49220076 0
-5.82868 5.6209116 0.46661732 0
0.15646803 7.9663892 -0.16425249 0
0.015408158 8.0565557 -0.16443527 0
-0.12890971 8.1467552 -0.16461273 0
-0.27657866 8.2369747 -0.16478473 0
-0.42769396 8.3271971 -0.164951 0
-0.5823555 8.4174099 -0.16511112 0
-0.74066591 8.5075932 -0.16526522 0
-0.90273213 8.5977306 -0.16541286 0
-1.0686648 8.6878004 -0.16555364 0
5.5253897 -8.7146978 -0.095853806 0
5.5988636 -8.4954996 -0.096992895 0
4.2661448 -6.6740785 -0.1032158 0
4.3364968 -6.5280108 -0.10401055 0
4.4042988 -6.383523 -0.10479371 0
4.4696255 -6.240582 -0.10556559 0
4.532546 -6.0991535 -0.10632649 0
-1.6520636 -7.0652437 0.55733436 0
-2.2410989 -6.8184314 0.61532807 0
-2.0932503 -6.7780952 0.61014098 0
3.723063 -4.9727855 -0.11019924 0
4.2081833 -3.9480352 -0.11576089 0
4.2477598 -3.8485 -0.11628854 0
4.2858381 -3.7494884 -0.11681125 0
4.3224468 -3.6509974 -0.11732912 0
2.9983754 -3.8065243 -0.02922602 0
3.0065551 -3.6777828 -0.014818653 0
3.0379982 -3.5850787 -0.010281533 0
3.0822082 -3.5114818 -0.011196882 0
3.1364427 -3.4516826 -0.016302049 0
3.2003384 -3.4037969 -0.025287613 0
3.47857 -3.349308 -0.084183112 0
3.6104407 -3.3659012 -0.11746314 0
3.6478949 -3.2844503 -0.11790334 0
3.2751572 -3.3679576 -0.038458765 0
3.3645113 -3.3467696 -0.056954399 0
3.6840549 -3.2031932 -0.11834054 0
3.735755 -3.0817065 -0.11899017 0
3.7849607 -2.9606314 -0.1196337 0
3.8161325 -2.8801963 -0.12005876 0
3.8604946 -2.7599776 -0.1206903 0
3.902503 -2.6402009 -0.12131587 0
3.928967 -2.5606499 -0.12172894 0
3.9542949 -2.4813271 -0.1221391 0
2.912802 -2.6736972 -0.018884182 0
3.9785018 -2.4022353 -0.12254626 0
2.982038 -2.6005208 -0.027981609 0
3.049551 -2.5257378 -0.036959216 0
4.0016026 -2.3233759 -0.12295049 0
3.0933881 -2.4748359 -0.042861328 0
3.157346 -2.3969612 -0.051584676 0
2.5104239 -2.4479446 -0.01062195 0
3.2395623 -2.2906709 -0.062990516 0
3.318018 -2.1815462 -0.074113861 0
2.5124044 -2.3207154 0.0096021891 0
2.5924287 -2.2371213 -0.00088217854 0
3.3926163 -2.0697203 -0.084941044 0
3.5420473 -2.0047133 -0.12366146 0
2.6694841 -2.1507585 -0.011160061 0
2.7253685 -2.0843132 -0.018732503 0
3.5730503 -1.9029624 -0.12418506 0
2.7615843 -2.0391507 -0.023705199 0
2.8143148 -1.9701511 -0.031046271 0
3.6016414 -1.8014714 -0.12470341 0
2.8819132 -1.876128 -0.040630266 0
3.178252 -1.7528937 -0.12422216 0
3.6366045 -1.6665244 -0.12538762 0
2.9305406 -1.8041465 -0.047659695 0
2.9770544 -1.7307659 -0.054524273 0
3.1977456 -1.6932981 -0.12453103 0
3.2163618 -1.6337224 -0.12483846 0
3.6604929 -1.5656098 -0.12589541 0
3.2341075 -1.5741736 -0.12514417 0
3.6751924 -1.4984992 -0.12623119 0
3.688983 -1.4315174 -0.12656483 0
3.2509902 -1.5146568 -0.12544838 0
3.2670166 -1.4551783 -0.12575096 0
3.7078719 -1.331311 -0.12706102 0
3.2893615 -1.3660524 -0.12620157 0
3.3163638 -1.2473972 -0.12679684 0
3.3400617 -1.1289935 -0.12738553 0
3.3605042 -1.0108802 -0.1279673 0
3.3777399 -0.89309454 -0.12854229 0
3.3886857 -0.80497861 -0.12896927 0
3.397675 -0.71710449 -0.12939176 0
3.4070809 -0.60028368 -0.12994926 0
3.4134245 -0.48390317 -0.13049951 0
3.4167414 -0.36799097 -0.13104254 0
3.4173565 -0.28136444 -0.13144532 0
3.4161158 -0.19506055 -0.13184342 0
2.7667556 2.0131855 -0.14100051 0
2.7050056 2.1113372 -0.14135268 0
2.6404111 2.2083549 -0.14169486 0
2.5729554 2.3041959 -0.14202669 0
2.5205655 2.3753161 -0.14226912 0
2.4663677 2.4456506 -0.14250477 0
2.3916779 2.5383449 -0.14280999 0
2.3140593 2.6296914 -0.14310417 0
2.2334893 2.7196348 -0.14338678 0
2.1499453 2.8081157 -0.14365774 0
2.0413926 2.9166157 -0.14397976 0
2.0854161 2.873529 -0.14385343 0
2.5280666 2.9908197 -0.14513598 0
1.9966118 2.9593015 -0.14410295 0
2.414974 3.1182182 -0.14553809 0
2.4608843 3.0675323 -0.14537963 0
1.9047679 3.0434315 -0.1443398 0
1.9510715 3.0015764 -0.14422306 0
2.3682156 3.1685538 -0.14569345 0
1.8337789 3.1053524 -0.14450854 0
2.2963674 3.2433367 -0.14592044 0
1.7365553 3.1864285 -0.14472228 0
2.1976891 3.3418055 -0.14621234 0
1.6107514 3.2852187 -0.14497052 0
1.6616975 3.2460837 -0.1448741 0
2.1214976 3.414695 -0.14642325 0
1.5065026 3.3620083 -0.14515272 0
1.5590205 3.3238645 -0.1450634 0
2.0430965 3.4865835 -0.14662582 0
1.4531943 3.3996401 -0.14523821 0
1.9355783 3.5810447 -0.14688446 0
1.8526782 3.6508102 -0.1470696 0
1.7674882 3.7194486 -0.14724576 0
1.65081 3.8093989 -0.14746821 0
2.2770128 3.9945338 -0.14937168 0
1.560957 3.8756411 -0.14762548 0
2.2170489 4.0507202 -0.1495322 0
1.4376698 3.9620893 -0.14782064 0
1.4997916 3.9191267 -0.14772505 0
2.0938962 4.1619987 -0.14984275 0
2.156014 4.1065445 -0.14968926 0
1.310531 4.0463905 -0.14799944 0
1.3745852 4.0045152 -0.14791214 0
2.030684 4.217072 -0.14999267 0
1.2455004 4.0877004 -0.14808249 0
1.9336452 4.2988949 -0.15021019 0
1.8343546 4.3799028 -0.15042014 0
1.7666385 4.4333458 -0.15055498 0
1.6627406 4.51263 -0.15074933 0
1.5564857 4.591002 -0.1509355 0
1.4104118 4.6937447 -0.1511682 0
1.484055 4.6426182 -0.15105398 0
1.3355416 4.7443643 -0.15127802 0
1.1820636 4.8440223 -0.15148407 0
1.2594303 4.7944622 -0.15138328 0
1.1034268 4.8930273 -0.15158013 0
1.0235054 4.9414601 -0.15167135 0
1.8788221 5.301043 -0.15476614 0
1.7972491 5.3672757 -0.15493712 0
1.6294858 5.4988337 -0.15526727 0
1.7141459 5.4332094 -0.15510422 0
1.5432413 5.564136 -0.15542617 0
1.4553854 5.6291037 -0.15558091 0
1.3658893 5.6937227 -0.15573123 0
1.2747247 5.7579789 -0.15587708 0
1.1818618 5.821857 -0.15601833 0
0.99091852 5.9484172 -0.15628666 0
1.0872698 5.8853426 -0.15615496 0
0.89277613 6.0110636 -0.15641341 0
0.79281032 6.0732641 -0.15653507 0
-6.600728 4.0990019 0.62625992 0
-6.418149 4.1488256 0.62268817 0
-6.2414198 4.197052 0.61894399 0
-6.0701609 4.2437835 0.61503333 0
-5.9040256 4.2891164 0.6109612 0
-5.7495537 4.3380384 0.60622132 0
0.69098842 6.1349988 -0.15665147 0
-5.8066645 4.5393887 0.58530629 0
-5.8664393 4.7500253 0.56313896 0
-5.9212604 4.9645042 0.54026759 0
-5.8515649 5.0842991 0.52697563 0
1.406116 7.0686231 -0.16217442 0
-5.8042941 5.2242594 0.5112704 0
1.29319 7.1579752 -0.16240038 0
1.1777741 7.2474351 -0.16262265 0
1.0598032 7.3369999 -0.16284111 0
-3.5184426 6.1779404 0.34895748 0
-3.3935018 6.212007 0.33979636 0
0.93920982 7.4266634 -0.16305569 0
0.81592333 7.5164223 -0.16326621 0
0.68987167 7.6062694 -0.16347249 0
0.56097937 7.6961975 -0.16367446 0
0.42916882 7.7862 -0.16387191 0
0.29435968 7.876267 -0.16406466 0
0.51682353 10.122186 -0.17485119 0
0.34216905 10.273654 -0.17526221 0
5.6690407 -8.2805595 -0.098106772 0
5.7360535 -8.0697155 -0.099196345 0
5.8000269 -7.8628106 -0.10026269 0
5.873631 -7.6769638 -0.10389057 0
5.9567652 -7.5098939 -0.10996485 0
6.0126743 -7.3126583 -0.11097279 0
6.0659633 -7.1188359 -0.11196053 0
6.1167288 -6.9283009 -0.11292887 0
6.165062 -6.7409391 -0.11387837 0
6.21105 -6.5566354 -0.11480984 0
2.4872055 -6.4968853 0.18210241 0
2.6003437 -6.4555364 0.16966781 0
2.7127383 -6.4122038 0.15724483 0
-1.7154523 -6.8226585 0.58275843 0
-1.948848 -6.7387009 0.60480851 0
-1.807689 -6.700191 0.59933239 0
5.0478878 -4.7659593 -0.11451213 0
5.1056747 -4.6558576 -0.11935218 0
5.1545563 -4.5390463 -0.12240335 0
5.1917982 -4.413743 -0.12304658 0
5.2273741 -4.2895603 -0.12368181 0
5.2613225 -4.1664739 -0.1243093 0
5.2936816 -4.0444574 -0.12492916 0
5.3244882 -3.9234891 -0.12554154 0
5.3537774 -3.8035455 -0.12614664 0
5.3815832 -3.6846023 -0.12674466 0
5.407938 -3.566638 -0.12733558 0
5.4328732 -3.4496307 -0.12791985 0
4.3576126 -3.5530238 -0.11784214 0
4.3913631 -3.4555626 -0.11835042 0
4.4237247 -3.3586104 -0.11885406 0
4.4547215 -3.2621627 -0.11935306 0
4.4843779 -3.1662135 -0.11984748 0
4.5127187 -3.0707598 -0.1203375 0
4.5406332 -2.9764092 -0.12106043 0
4.5770073 -2.8891201 -0.12442698 0
4.6120167 -2.8016953 -0.12772787 0
4.6421771 -2.7119482 -0.13002141 0
4.664412 -2.618279 -0.1304929 0
4.6854491 -2.5250769 -0.13096026 0
4.705308 -2.4323366 -0.13142347 0
4.7240062 -2.3400524 -0.13188258 0
4.7497778 -2.2025242 -0.13256341 0
4.0236125 -2.2447515 -0.12335181 0
4.7733135 -2.0658803 -0.13323635 0
4.0445447 -2.1663632 -0.12375033 0
4.7875409 -1.9753644 -0.13367984 0
4.064414 -2.0882125 -0.12414585 0
4.8006902 -1.8852761 -0.13411963 0
4.092124 -1.9714655 -0.12473357 0
4.8127756 -1.7956096 -0.13455558 0
4.1177731 -1.8551989 -0.12531553 0
4.8288121 -1.6619391 -0.13520223 0
-5.1830182 -4.2323003 0.8736732 0
4.1408916 -1.739536 -0.12589046 0
4.8427892 -1.529084 -0.13584173 0
4.1620207 -1.6243576 -0.12645984 0
4.8507557 -1.4410474 -0.13626322 0
-5.267601 -4.1456733 0.87763184 0
4.1802206 -1.5501087 -0.12846713 0
4.1981692 -1.4761573 -0.13067783 0
4.8577237 -1.3534036 -0.13668129 0
4.2150202 -1.4021479 -0.13283467 0
4.2307768 -1.3280923 -0.13493781 0
4.2425365 -1.2530491 -0.13612013 0
4.2506351 -1.1773025 -0.13648489 0
3.7249854 -1.2313786 -0.12755305 0
4.2578092 -1.1017989 -0.136847 0
3.739908 -1.1318008 -0.1280397 0
4.2640676 -1.0265384 -0.13720649 0
4.2694187 -0.95151955 -0.13756335 0
3.7531006 -1.0325146 -0.12852213 0
3.7607543 -0.96652257 -0.12884097 0
4.2738709 -0.87674266 -0.1379175 0
3.7675605 -0.90068305 -0.12915763 0
4.2787704 -0.7650584 -0.13844362 0
3.7760916 -0.80223387 -0.1296284 0
4.281909 -0.653853 -0.13896459 0
3.7829599 -0.70410061 -0.13009498 0
4.2828388 -0.58003414 -0.13930845 0
3.7877731 -0.60636985 -0.13055621 0
4.2825103 -0.46978021 -0.13981923 0
3.7914824 -0.4766103 -0.13116416 0
4.2804728 -0.35999811 -0.14032489 0
3.7922535 -0.37970871 -0.1316148 0
4.2779846 -0.28712308 -0.14065871 0
4.2746558 -0.21448135 -0.14099005 0
3.7910357 -0.28323221 -0.13206023 0
4.2704921 -0.14207196 -0.14131889 0
3.7905841 -0.18726057 -0.13328795 0
4.2654967 -0.069894195 -0.14164525 0
3.7894206 -0.091639996 -0.13493115 0
4.2563539 0.037912488 -0.14213002 0
3.4120085 -0.080436468 -0.13236822 0
3.7864199 0.0038027763 -0.13647966 0
3.7831995 0.067297757 -0.13744882 0
4.2455692 0.14526182 -0.1426098 0
3.4049816 0.033627927 -0.13288541 0
3.779068 0.13068098 -0.13837051 0
4.232748 0.25204295 -0.14308357 0
3.3950598 0.14710855 -0.13339514 0
3.771054 0.22551042 -0.13965806 0
4.2183065 0.35837263 -0.14355257 0
3.3858218 0.23184127 -0.1337727 0
3.76123 0.32007164 -0.14085062 0
4.2018504 0.46414191 -0.14401561 0
3.3747983 0.31618339 -0.13414542 0
3.7491539 0.41426492 -0.14192437 0
4.1837897 0.5694654 -0.14447397 0
3.3623538 0.40020436 -0.13451429 0
3.3531132 0.4559994 -0.13475759 0
3.7300639 0.53931355 -0.14319742 0
4.1706829 0.63938534 -0.14477628 0
3.3378427 0.53935504 -0.13511865 0
3.7133675 0.63263589 -0.14398189 0
4.1567788 0.70908475 -0.1450763 0
3.3211665 0.62236643 -0.13547583 0
3.0835764 0.68487871 -0.052781016 0
3.1337926 0.64163399 -0.067489505 0
3.0453634 0.75633019 -0.045573264 0
3.0327048 0.83390224 -0.048898846 0
3.0430279 0.89151752 -0.05896166 0
3.080862 0.95895636 -0.080423594 0
3.2052345 1.0580295 -0.13730268 0
3.1876163 1.111617 -0.13752185 0
3.5509984 1.2421545 -0.1465376 0
3.995903 1.3265637 -0.14767146 0
3.1693053 1.1650004 -0.13773888 0
3.5306599 1.3019717 -0.14678101 0
3.9627397 1.4277475 -0.1480853 0
3.0842366 2.2140598 -0.14246184 0
3.0343385 2.2971311 -0.14276382 0
2.9652152 2.4070106 -0.14315803 0
3.4607558 2.540658 -0.15240875 0
2.9114146 2.4887424 -0.14344731 0
3.405021 2.6357884 -0.15275687 0
2.5682471 2.5016992 -0.053035587 0
2.6664584 2.5156813 -0.081988037 0
2.855639 2.5697765 -0.14373 0
3.366714 2.6988974 -0.15298563 0
2.496649 2.5575211 -0.045633942 0
3.3075094 2.7930856 -0.15332362 0
2.4797809 2.6770701 -0.066088378 0
3.2465448 2.8867922 -0.15365644 0
3.1619928 3.010833 -0.15409058 0
3.2047172 2.9489369 -0.15387487 0
2.5935805 2.9134412 -0.14488649 0
3.1183636 3.0724764 -0.15430363 0
3.0738227 3.1338639 -0.15451398 0
2.9801035 3.253659 -0.15409847 0
3.028362 3.1949914 -0.15472163 0
2.9289021 3.3094525 -0.15253836 0
2.8237448 3.4192417 -0.14924873 0
2.8767817 3.3646507 -0.15092187 0
3.5072443 3.5939789 -0.15737101 0
2.7703409 3.4739594 -0.14778078 0
3.4567122 3.6659276 -0.15762034 0
2.6936221 3.5624297 -0.14806303 0
3.4051213 3.7377074 -0.15786719 0
2.614944 3.6503062 -0.14833929 0
3.3255816 3.8450365 -0.15823215 0
2.5337791 3.7374172 -0.14860785 0
3.2438536 3.9520221 -0.15859193 0
2.4505949 3.8238955 -0.14887001 0
3.1878867 4.0231133 -0.15882824 0
2.3937745 3.8811131 -0.14904058 0
3.1307886 4.0940266 -0.15906176 0
2.3359175 3.9379954 -0.14920777 0
3.0725448 4.1647615 -0.15929259 0
2.9828467 4.2704978 -0.15963328 0
2.8907743 4.3758597 -0.15996821 0
2.8277812 4.4458451 -0.16018772 0
2.763557 4.5156345 -0.16040418 0
2.6980832 4.5852232 -0.16061762 0
2.5597601 4.7165971 -0.15916902 0
2.6313405 4.6546049 -0.16082798 0
2.4851813 4.7741323 -0.15647434 0
2.4094956 4.8308582 -0.15371007 0
2.3375144 4.897944 -0.15366225 0
2.1903121 5.0333362 -0.15404445 0
2.2646058 4.9657607 -0.15385503 0
2.1146107 5.1006603 -0.15423034 0
2.0374775 5.1677256 -0.1544126 0
1.9588897 5.2345233 -0.15459126 0
2.9375777 5.6917028 -0.16614848 0
2.8566518 5.7798147 -0.16642204 0
2.7740166 5.8680291 -0.1666933 0
2.6896343 5.9563498 -0.16696206 0
2.6034656 6.0447793 -0.16722837 0
2.5154698 6.1333189 -0.16749214 0
2.4256048 6.2219729 -0.16775329 0
2.3338265 6.3107414 -0.1680118 0
2.2400897 6.3996277 -0.16826761 0
2.1443477 6.4886322 -0.1685206 0
2.0428908 6.5644288 -0.16627489 0
1.9371681 6.6299348 -0.16216923 0
1.8341563 6.7123504 -0.16123648 0
1.7305778 6.8012438 -0.16147585 0
1.6247501 6.8902555 -0.16171205 0
1.5166156 6.979382 -0.1619449 0
-3.2697318 6.2457533 0.33045352 0
-3.1470418 6.2792039 0.32092559 0
2.0292249 8.763175 -0.17887656 0
1.8959743 8.8985538 -0.17928201 0
1.7591486 9.0353765 -0.17968822 0
1.6186166 9.1736946 -0.18009514 0
1.4742401 9.3135643 -0.18050286 0
1.3258734 9.4550409 -0.18091142 0
1.1693726 9.5567436 -0.17596115 0
1.0115454 9.6794434 -0.17362358 0
0.85132003 9.8251495 -0.17403182 0
0.6864748 9.9727077 -0.17444107 0
6.2547727 -6.3752828 -0.11572385 0
6.2963085 -6.1967793 -0.11662093 0
6.3357329 -6.0210238 -0.11750177 0
6.3731146 -5.8479242 -0.11836693 0
6.4085207 -5.6773882 -0.11921689 0
6.4420137 -5.5093293 -0.1200521 0
6.4736547 -5.3436627 -0.12087312 0
6.5035009 -5.1803093 -0.1216805 0
6.5316067 -5.0191917 -0.12247458 0
6.558023 -4.8602347 -0.12325585 0
6.5828004 -4.7033677 -0.12402463 0
6.6059852 -4.5485215 -0.12478137 0
6.6276217 -4.3956294 -0.12552652 0
6.6477532 -4.244628 -0.12626037 0
5.4564185 -3.3335581 -0.12849742 0
5.4786043 -3.2183995 -0.12906855 0
3.0152016 -3.8012176 0.14151488 0
5.4994555 -3.1041343 -0.12963322 0
3.0230341 -3.6725852 0.15240164 0
5.519001 -2.9907413 -0.13019168 0
3.0542874 -3.5799408 0.15501168 0
5.5372648 -2.8782005 -0.1307441 0
3.0983939 -3.5063767 0.15304665 0
3.1525903 -3.4465895 0.14755702 0
3.2165079 -3.3986969 0.1387915 0
3.4952774 -3.3440385 0.085353017 0
5.5542727 -2.7664933 -0.13129053 0
3.2914112 -3.3628311 0.12647849 0
3.3809285 -3.3415916 0.10963772 0
5.5700474 -2.6555996 -0.13183105 0
5.5846109 -2.545501 -0.13236594 0
5.5979862 -2.4361782 -0.13289529 0
5.6101933 -2.3276134 -0.1334191 0
5.6212511 -2.2197895 -0.13393757 0
5.6311808 -2.1126873 -0.13445082 0
5.6399975 -2.0062907 -0.13495898 0
5.6477213 -1.9005828 -0.13546208 0
5.6543665 -1.7955468 -0.13596019 0
5.6599503 -1.6911662 -0.13645363 0
5.6644869 -1.5874255 -0.13694221 0
5.6679916 -1.4843084 -0.13742632 0
5.6704774 -1.3817996 -0.13790584 0
5.6719565 -1.2798841 -0.13838097 0
5.6724429 -1.1785467 -0.1388517 0
5.6719465 -1.0777732 -0.13931817 0
4.8637056 -1.2661474 -0.13709596 0
5.6704788 -0.97754824 -0.13978052 0
4.8707314 -1.1360226 -0.13771108 0
5.6680508 -0.87785876 -0.14023882 0
4.8758368 -1.0066437 -0.13831967 0
5.6646724 -0.7786901 -0.1406931 0
4.8779764 -0.92087817 -0.13872096 0
5.6603513 -0.68002892 -0.14114335 0
4.879179 -0.83547199 -0.13911894 0
5.6550975 -0.58186138 -0.14158979 0
4.8791318 -0.70806551 -0.13970968 0
5.6489182 -0.48417437 -0.14203256 0
4.877254 -0.5813483 -0.14029431 0
4.8747935 -0.49732041 -0.14067981 0
4.8714361 -0.41362357 -0.14106235 0
4.867188 -0.33025217 -0.14144191 0
4.8590498 -0.20583272 -0.14200529 0
4.8491592 -0.082037687 -0.14256287 0
4.8414068 8.4877014e-05 -0.14293084 0
4.8327904 0.081908107 -0.14329588 0
4.8181486 0.20405716 -0.14383793 0
4.8018003 0.32563263 -0.14437446 0
4.7897673 0.40630883 -0.14472842 0
4.7768893 0.48671055 -0.14507982 0
4.7558851 0.60677576 -0.14560163 0
4.7332001 0.72631538 -0.1461181 0
4.7169576 0.80566549 -0.14645898 0
4.6998773 0.88476384 -0.14679727 0
3.1868758 0.59888417 0.03418991 0
4.6819601 0.963615 -0.14713305 0
3.0792329 0.68490648 0.063114941 0
3.1199739 0.64002442 0.05326128 0
3.0446665 0.75684077 0.06827116 0
3.0335386 0.86169273 0.062073946 0
3.0580776 0.95159787 0.044990182 0
3.1219382 1.029377 0.015957266 0
4.544982 1.470378 -0.14925456 0
4.5084581 1.5860137 -0.14972988 0
4.4829817 1.6628202 -0.15004355 0
2.282558 1.5489603 0.10610315 0
3.9569061 2.865293 -0.15474209 0
3.9163325 2.9389176 -0.15501589 0
3.8535674 3.0490153 -0.15542164 0
4.6303515 3.2472701 -0.1576373 0
3.7888751 3.1587763 -0.15582272 0
4.586041 3.334549 -0.15796801 0
3.744446 3.2317274 -0.15608695 0
4.540689 3.4217715 -0.15829691 0
3.6990275 3.3045111 -0.15634871 0
4.4942832 3.5089452 -0.15862378 0
3.628895 3.4133534 -0.15673634 0
4.4468074 3.5960774 -0.1589486 0
3.5567303 3.5218627 -0.15711918 0
4.3982487 3.6831756 -0.15927148 0
4.3485899 3.770246 -0.15959233 0
4.2978168 3.8572958 -0.15991133 0
4.2459106 3.9443328 -0.1602284 0
4.1928549 4.0313625 -0.16054344 0
4.1386313 4.1183925 -0.16085654 0
4.083221 4.2054281 -0.16116768 0
4.0266047 4.2924767 -0.16147697 0
-8.216898 1.0610783 1.1090974 0
-8.0298233 1.1854 1.1016796 0
3.9687617 4.3795443 -0.16178414 0
-7.9521503 1.3206743 1.094851 0
3.9096708 4.4666376 -0.1620895 0
3.8493102 4.5537615 -0.1623928 0
-7.9294457 1.4634297 1.0881252 0
3.7876582 4.6409225 -0.16269413 0
-7.9615436 1.6166706 1.0813644 0
3.7246895 4.728127 -0.1629934 0
3.6603816 4.8153796 -0.16329074 0
-8.1044273 1.7951316 1.0745642 0
3.5947077 4.9026866 -0.16358608 0
3.5276427 4.9900522 -0.16387928 0
3.4591596 5.0774832 -0.16417044 0
3.3892298 5.1649833 -0.16445962 0
3.3178244 5.2525578 -0.16474652 0
3.2449138 5.3402114 -0.16503131 0
3.1704659 5.427948 -0.16531399 0
3.0944505 5.5157733 -0.16559446 0
3.0168319 5.6036901 -0.16587257 0
-6.5733547 4.1076365 0.90403259 0
-6.391223 4.1573181 0.89591873 0
-7.3212814 4.0331421 0.92606229 0
-7.1146307 4.0895162 0.91755229 0
-6.9153075 4.1438894 0.9091242 0
3.5800509 6.9936762 -0.17325845 0
3.4859905 7.1135077 -0.17365721 0
3.3896732 7.2342029 -0.17405617 0
3.2910292 7.3557963 -0.17445552 0
-5.9116488 4.9871054 0.81512517 0
3.1899872 7.4783196 -0.17485511 0
-5.8415699 5.1071777 0.80256993 0
3.0864713 7.6018105 -0.17525503 0
-5.7936687 5.2473288 0.78874362 0
2.9804027 7.726305 -0.17565536 0
-5.7752275 5.4162369 0.77311093 0
2.8716991 7.8518405 -0.17605612 0
-5.81356 5.6420894 0.75404799 0
2.7602744 7.978456 -0.17645741 0
2.6460385 8.1061916 -0.17685917 0
2.5288968 8.2350883 -0.17726144 0
2.4087501 8.3651905 -0.17766425 0
2.2854962 8.496541 -0.17806771 0
2.1590261 8.6291866 -0.17847186 0
8.4438267 -8.0740728 -0.11149856 0
8.4633751 -7.8133841 -0.11274016 0
8.4811134 -7.5588775 -0.11395001 0
8.4971209 -7.3102574 -0.11512971 0
6.6664195 -4.0954561 -0.12698334 0
6.6836586 -3.9480534 -0.12769565 0
6.6995077 -3.8023629 -0.12839773 0
6.7140017 -3.6583292 -0.1290898 0
6.7271733 -3.5158987 -0.12977237 0
6.7390537 -3.375021 -0.13044554 0
6.7496738 -3.2356439 -0.13110954 0
6.7590604 -3.0977204 -0.13176483 0
6.767242 -2.9612021 -0.13241154 0
3.0318422 -3.795969 0.31037754 0
6.7742434 -2.8260455 -0.13305005 0
6.7800894 -2.6922059 -0.13368049 0
6.7848034 -2.5596399 -0.13430312 0
3.5118008 -3.3388271 0.25302407 0
6.7884068 -2.4283078 -0.13491821 0
6.7909203 -2.2981677 -0.13552591 0
6.7923627 -2.1691818 -0.13612646 0
6.7927542 -2.041312 -0.13672009 0
6.7921114 -1.9145209 -0.13730705 0
6.790451 -1.7887733 -0.13788742 0
6.7877884 -1.6640341 -0.13846144 0
6.7841392 -1.5402696 -0.13902935 0
6.7795153 -1.4174467 -0.13959119 0
6.773931 -1.2955335 -0.14014718 0
6.7673984 -1.1744981 -0.1406976 0
-5.1592369 -4.2247996 1.1149912 0
6.7599282 -1.0543102 -0.1412425 0
6.7515306 -0.93493986 -0.14178208 0
-5.2437725 -4.1381574 1.1194289 0
6.7422171 -0.81635821 -0.14231643 0
6.7319937 -0.69853604 -0.14284578 0
6.720871 -0.58144581 -0.14337024 0
5.6418223 -0.38695467 -0.14247161 0
5.6338148 -0.29018986 -0.14290693 0
5.6249027 -0.19386685 -0.14333877 0
5.6150932 -0.097973347 -0.14376709 0
5.6043906 -0.002497077 -0.14419204 0
5.5927992 0.092574 -0.14461359 0
5.5803246 0.18725181 -0.14503178 0
5.5669699 0.28154838 -0.14544687 0
5.5527387 0.37547469 -0.14585865 0
5.5376339 0.46904254 -0.14626735 0
5.5216579 0.56226301 -0.14667302 0
5.4959555 0.70142651 -0.14727545 0
5.4685197 0.83995003 -0.14787209 0
5.4490733 0.93189001 -0.14826605 0
5.4287615 1.0235367 -0.14865711 0
5.4075828 1.1148998 -0.14904547 0
3.2506988 0.61221004 0.12938997 0
5.3855362 1.2059898 -0.14943111 0
3.1480188 0.67392004 0.15526396 0
5.3626223 1.2968171 -0.14981407 0
3.0811744 0.79378748 0.16556066 0
3.0975132 0.74378556 0.16480127 0
5.3388376 1.387391 -0.15019441 0
3.079531 0.87534755 0.159107 0
5.3141799 1.4777216 -0.15057218 0
3.1104174 0.9683156 0.14182091 0
5.2886477 1.5678184 -0.15094739 0
2.5089617 0.95976222 0.17391145 0
5.2622361 1.657691 -0.1513201 0
2.3467274 1.0067809 0.17682613 0
2.4235337 0.97171307 0.15464841 0
5.2349439 1.7473491 -0.15169036 0
2.2605302 1.0795414 0.196034 0
2.2899141 1.0485605 0.19057629 0
5.2067657 1.8368018 -0.15205815 0
2.2170794 1.1485875 0.19986674 0
5.1776967 1.9260581 -0.15242359 0
2.1838923 1.247474 0.19435398 0
5.1477332 2.0151272 -0.15278661 0
2.1817708 1.3447931 0.17760028 0
5.1009831 2.1483788 -0.15332651 0
2.205379 1.4383965 0.15240052 0
5.0524149 2.281301 -0.15386194 0
2.2920117 1.5519421 0.20203507 0
5.0188117 2.36971 -0.15421587 0
4.984282 2.4579756 -0.15456754 0
4.9488173 2.5461063 -0.15491715 0
4.9124098 2.6341102 -0.15526441 0
4.8750501 2.7219958 -0.1556097 0
4.83673 2.8097711 -0.15595281 0
4.7974386 2.897444 -0.15629378 0
4.7571664 2.9850225 -0.15663275 0
4.7159028 3.0725145 -0.15696964 0
4.673635 3.1599278 -0.15730453 0
5.50422 3.8756657 -0.16200969 0
5.454309 3.9821682 -0.16242024 0
5.4032516 4.0888443 -0.16282979 0
5.3510246 4.1957126 -0.1632382 0
5.2976074 4.3027945 -0.16364568 0
5.2429767 4.4101095 -0.16405219 0
5.1871076 4.5176783 -0.16445777 0
5.1299753 4.6255217 -0.1648626 0
5.0715542 4.7336597 -0.16526666 0
5.0118151 4.8421144 -0.16566983 0
4.9507313 4.9509068 -0.16607243 0
4.8882713 5.0600591 -0.1664744 0
4.8244047 5.1695929 -0.16687575 0
4.759099 5.2795305 -0.16727662 0
4.6923218 5.389895 -0.16767702 0
4.6240354 5.5007095 -0.16807699 0
4.5542045 5.6119976 -0.16847655 0
4.48279 5.723784 -0.16887578 0
4.4097533 5.8360925 -0.16927472 0
4.3350525 5.9489474 -0.16967338 0
4.2586436 6.062376 -0.1700719 0
4.1804819 6.1764026 -0.1704703 0
4.1005201 6.2910547 -0.17086864 0
4.0187097 6.4063597 -0.17126679 0
3.9349985 6.5223455 -0.17166492 0
3.8493342 6.6390395 -0.1720632 0
3.7616606 6.7564735 -0.17246148 0
3.6719198 6.8746748 -0.17285991 0
-6.2149191 4.20541 0.88785958 0
-6.0440645 4.2520142 0.87984788 0
-5.8783131 4.297226 0.87187648 0
-5.7241778 4.3460422 0.86372256 0
-5.7807198 4.5475717 0.84857702 0
-5.8398919 4.7583985 0.83252794 0
-3.4936213 6.1857691 0.60082924 0
-3.3687987 6.2197986 0.59047067 0
-3.2451382 6.25351 0.58001763 0
-3.1225491 6.2869291 0.56946516 0
3.615355 10.573738 -0.18991977 0
3.4752488 10.779746 -0.19064128 0
3.3306601 10.989945 -0.19137484 0
3.1813717 11.204547 -0.19212088 0
8.5114679 -7.0672426 -0.11628062 0
8.5242243 -6.8295755 -0.11740398 0
8.5354519 -6.5970073 -0.11850131 0
8.5452118 -6.3693051 -0.11957347 0
8.5535593 -6.1462488 -0.12062192 0
8.5605459 -5.9276295 -0.12164742 0
8.5662212 -5.7132516 -0.1226511 0
8.570631 -5.5029287 -0.12363374 0
8.5738182 -5.296483 -0.12459648 0
8.5758219 -5.0937471 -0.12553996 0
8.5766802 -4.8945618 -0.12646514 0
8.5764284 -4.6987762 -0.12737262 0
8.5750999 -4.5062447 -0.12826329 0
8.5727262 -4.3168316 -0.12913769 0
8.5693359 -4.1304045 -0.1299966 0
8.5649548 -3.9468398 -0.1308406 0
8.5596104 -3.7660179 -0.13167018 0
8.5533247 -3.5878251 -0.1324861 0
3.0393317 -3.6674449 0.31778234 0
3.0703971 -3.5748596 0.31848654 0
3.1144013 -3.501328 0.31548333 0
3.1685605 -3.4415524 0.30961359 0
3.2324994 -3.3936532 0.30106547 0
3.3074865 -3.3577609 0.28960142 0
3.3971648 -3.3364704 0.27439713 0
6.7088556 -0.46506071 -0.14388993 0
6.6959538 -0.34935355 -0.14440498 0
6.6821723 -0.23429859 -0.14491552 0
6.6675167 -0.11986971 -0.14542174 0
6.6519918 -0.0060421228 -0.14592367 0
-0.16150326 -1.7828974 0.65022993 0
-0.07478714 -1.759222 0.65134555 0
0.0082579255 -1.736553 0.65144426 0
6.6356006 0.10720873 -0.14642152 0
6.6183491 0.21990716 -0.14691541 0
6.6002369 0.33207703 -0.14740536 0
6.5812688 0.44374132 -0.14789152 0
6.5614452 0.55492353 -0.14837408 0
6.5407677 0.66564572 -0.14885297 0
6.5192366 0.77593046 -0.14932853 0
6.4968519 0.88579965 -0.14980066 0
6.4736128 0.99527478 -0.15026957 0
6.4495177 1.1043773 -0.15073532 0
6.4245653 1.2131282 -0.15119803 0
6.3987522 1.3215485 -0.1516577 0
6.372076 1.4296583 -0.15211457 0
3.2504611 0.72525257 0.23720855 0
6.3445334 1.5374784 -0.15256864 0
3.1878593 0.82232696 0.24649492 0
3.2070768 0.77119809 0.2452105 0
6.3161192 1.6450288 -0.15301996 0
3.2052972 0.91234791 0.23530442 0
6.2868295 1.7523296 -0.1534687 0
6.256659 1.8594004 -0.15391493 0
2.5224893 0.96402884 0.31118235 0
6.2256007 1.9662609 -0.15435863 0
2.3553689 1.0095065 0.26451588 0
2.4323871 0.97450548 0.24448772 0
6.1936488 2.0729308 -0.15479994 0
2.2689967 1.0822119 0.28194714 0
2.2984283 1.0512458 0.27697206 0
2.2255228 1.1512506 0.28554749 0
6.1607957 2.1794291 -0.15523908 0
2.1924129 1.2501614 0.28081656 0
6.1270332 2.2857754 -0.15567589 0
2.1904795 1.3475399 0.2659713 0
6.0923538 2.3919888 -0.15611055 0
2.2187743 1.4426215 0.28832883 0
6.0567479 2.4980884 -0.1565432 0
2.3013144 1.5548761 0.29643261 0
6.020206 2.6040933 -0.15697384 0
5.9827175 2.7100224 -0.15740249 0
5.9442716 2.8158948 -0.15782934 0
5.9048562 2.9217291 -0.15825433 0
5.8644595 3.0275445 -0.15867767 0
5.8230681 3.1333599 -0.15909931 0
5.7806673 3.2391942 -0.15951934 0
5.7372446 3.3450665 -0.15993786 0
5.6927834 3.4509954 -0.16035491 0
5.6472673 3.5570006 -0.16077054 0
5.6006804 3.6631014 -0.16118488 0
5.5530038 3.7693167 -0.16159788 0
5.5550594 7.396101 -0.17842042 0
5.4699364 7.5527754 -0.17900485 0
5.3826685 7.7112355 -0.1795941 0
5.2931757 7.8715687 -0.18018824 0
5.2013769 8.0338631 -0.18078774 0
5.1071839 8.1982145 -0.18139273 0
5.0105066 8.3647194 -0.1820035 0
4.9112487 8.5334806 -0.18262058 0
4.8093066 8.7046061 -0.18324405 0
4.7045746 8.8782072 -0.18387437 0
4.5969391 9.0544033 -0.18451181 0
4.48628 9.2333183 -0.18515694 0
4.3724699 9.415082 -0.18580991 0
4.2553759 9.5998325 -0.18647131 0
4.1348557 9.787714 -0.18714139 0
4.0107584 9.978878 -0.18782088 0
3.8829241 10.17349 -0.18851003 0
3.7511833 10.371715 -0.18920952 0
8.5461197 -3.4121523 -0.13328868 0
8.5380182 -3.2388954 -0.13407868 0
8.5290375 -3.0679541 -0.1348564 0
8.5191965 -2.8992329 -0.13562238 0
8.5085115 -2.7326398 -0.13637716 0
8.4969988 -2.5680876 -0.13712096 0
8.4846716 -2.4054902 -0.13785452 0
8.4715433 -2.2447667 -0.138578 0
8.4576263 -2.0858383 -0.1392917 0
8.4429312 -1.928629 -0.13999629 0
8.4274693 -1.7730663 -0.14069194 0
8.4112482 -1.6190797 -0.14137894 0
8.3942785 -1.4666014 -0.14205766 0
8.3765659 -1.3155649 -0.14272863 0
8.3581171 -1.165907 -0.14339191 0
8.3389387 -1.0175658 -0.14404786 0
8.3190346 -0.87048137 -0.14469665 0
8.2984104 -0.72459602 -0.14533877 0
8.2770681 -0.57985258 -0.1459744 0
8.2550116 -0.43619704 -0.14660376 0
8.2322426 -0.29357576 -0.14722729 0
8.2087622 -0.15193629 -0.14784491 0
8.1845713 -0.011228561 -0.14845705 0
8.1596699 0.12859762 -0.149064 0
8.1340561 0.26758981 -0.14966577 0
8.1077309 0.40579605 -0.15026271 0
-0.15474433 -1.7807655 0.7188161 0
-0.068168521 -1.7571344 0.71850806 0
0.014755309 -1.7345036 0.71737617 0
0.10738832 -1.7093625 0.68274844 0
0.21481571 -1.6800524 0.67936152 0
0.31872839 -1.6517075 0.67457741 0
0.40548781 -1.628047 0.66930145 0
0.50481564 -1.6009651 0.66177624 0
0.60294443 -1.5742164 0.65285915 0
0.70053816 -1.5476203 0.64235735 0
8.0806904 0.54326248 -0.15085512 0
8.0529327 0.68003452 -0.15144306 0
8.0244541 0.8161571 -0.15202689 0
7.9952507 0.95167351 -0.15260655 0
7.9653177 1.086627 -0.15318239 0
7.9346499 1.22106 -0.15375471 0
7.9032416 1.3550148 -0.15432352 0
7.8710861 1.4885322 -0.15488905 0
7.8381758 1.6216532 -0.15545142 0
7.8045034 1.7544186 -0.15601099 0
7.7700596 1.8868676 -0.15656763 0
7.7348361 2.0190406 -0.1571219 0
7.6988215 2.1509767 -0.1576736 0
2.6333892 1.0077713 0.37175256 0
7.6620054 2.2827153 -0.15822309 0
2.3638721 1.0121884 0.35080302 0
2.4410989 0.9772532 0.33288997 0
2.606993 1.0712488 0.37238082 0
7.6243782 2.4142954 -0.15877056 0
2.2773275 1.0848395 0.36648607 0
2.3068061 1.0538883 0.36198586 0
2.5693614 1.1548231 0.37349167 0
7.5859251 2.5457556 -0.15931594 0
2.2338314 1.1538711 0.36985779 0
2.528846 1.2370332 0.37492901 0
2.2007971 1.2528059 0.36589617 0
2.4854965 1.3177782 0.37669128 0
7.5466347 2.6771355 -0.15985972 0
2.199049 1.3502426 0.35292882 0
2.4030609 1.4553154 0.38054007 0
2.4393663 1.3969597 0.37877613 0
7.5064936 2.8084729 -0.16040176 0
2.3650806 1.5125883 0.38250273 0
7.465486 2.9398077 -0.16094244 0
2.3257833 1.5689601 0.3846232 0
7.4235978 3.0711782 -0.16148174 0
7.3808126 3.2026236 -0.16201991 0
7.3371129 3.334183 -0.16255713 0
7.2924805 3.4658961 -0.16309339 0
7.2468977 3.5978026 -0.16362911 0
6.7337966 3.6309922 -0.090734243 0
7.2003436 3.7299428 -0.16416419 0
6.6784668 3.7500663 -0.08950752 0
6.6424785 3.8811865 -0.091894865 0
6.6061263 4.0135846 -0.094426274 0
6.9522505 4.3955822 -0.1668371 0
6.8993988 4.5299921 -0.16737217 0
6.8454075 4.6649313 -0.16790783 0
6.7902489 4.8004441 -0.16844428 0
6.733891 4.9365759 -0.16898149 0
6.6763039 5.0733747 -0.1695199 0
6.6174536 5.2108874 -0.17005938 0
6.5573053 5.3491631 -0.17060024 0
6.4958229 5.4882522 -0.17114258 0
6.4329681 5.6282063 -0.17168671 0
6.3687019 5.7690783 -0.17223281 0
6.3029814 5.9109225 -0.17278099 0
6.2357631 6.0537949 -0.17333132 0
6.1670017 6.1977534 -0.17388421 0
6.0966487 6.3428574 -0.17443973 0
6.0246539 6.4891682 -0.17499804 0
5.950964 6.6367488 -0.17555946 0
5.8755245 6.7856665 -0.17612422 0
5.7982769 6.9359884 -0.17669243 0
5.7191601 7.0877857 -0.17726439 0
5.6381102 7.2411308 -0.17784017 0
-6.3707452 4.8393736 1.1271631 0
-6.2078457 4.8950949 1.1145492 0
-6.6336198 4.8490329 1.141186 0
-6.0858216 4.978281 1.102392 0
-5.9924355 5.0824828 1.0904064 0
-5.9249635 5.2079535 1.0784206 0
-5.8873558 5.3605313 1.0662854 0
-5.8991103 5.5606093 1.0538085 0
-3.4689517 6.1935501 0.85116673 0
-5.135601 -4.2173448 1.3548391 0
-5.2200894 -4.1306877 1.3597529 0
-0.144813 -1.7776333 0.81959474 0
-0.058443248 -1.7540671 0.81719488 0
0.024302363 -1.7314924 0.81425482 0
0.11993849 -1.7054042 0.81010151 0
0.22409824 -1.6771246 0.77355677 0
0.32787472 -1.6488228 0.76738924 0
0.4145478 -1.6251894 0.76123804 0
0.51380891 -1.5981286 0.75303501 0
0.61190361 -1.5713906 0.74377197 0
0.70949852 -1.5447941 0.7332828 0
-3.3442459 6.2275424 0.83961797 0
-3.2206943 6.26122 0.82806152 0
-3.0982056 6.2946072 0.81649065 0
11.445751 -3.9170382 -0.135786 0
11.402887 -3.6829422 -0.13679999 0
11.36025 -3.4531083 -0.13779473 0
11.317813 -3.2273138 -0.13877094 0
11.275554 -3.0053492 -0.13972992 0
11.233446 -2.7870147 -0.14067197 0
11.191468 -2.5721211 -0.14159858 0
11.149598 -2.3604872 -0.14251012 0
11.107814 -2.1519413 -0.14340764 0
11.066094 -1.946321 -0.1442914 0
11.02442 -1.743468 -0.14516264 0
-0.13504338 -1.7745519 0.91873091 0
-0.048876524 -1.7510498 0.91427332 0
0.03369385 -1.7285303 0.9095546 0
0.12914973 -1.7024989 0.90357256 0
0.23317298 -1.6742624 0.86564219 0
0.33681613 -1.6460027 0.85812223 0
0.4234049 -1.6223959 0.85111535 0
0.52260071 -1.5953556 0.84224969 0
0.62066209 -1.5686282 0.83264852 0
0.71825826 -1.5420313 0.82217157 0
8.6205359 7.0629854 -0.1819908 0
8.5533657 7.2588792 -0.18278718 0
8.484827 7.4571791 -0.1835925 0
8.4148588 7.6580315 -0.18440706 0
8.3433952 7.861588 -0.18523192 0
8.2703676 8.0680065 -0.18606722 0
8.1957045 8.2774553 -0.18691403 0
8.1193275 8.4901066 -0.18777263 0
8.0411577 8.7061481 -0.18864417 0
7.9611073 8.9257698 -0.189529 0
7.879087 9.1491776 -0.19042832 0
-1.0308119 -6.8980474 1.2717036 0
-1.2768173 -6.8695889 1.2946801 0
-1.1404531 -6.8189325 1.2810402 0
-5.112051 -4.2099171 1.5938108 0
-5.1964931 -4.1232452 1.5991988 0
-0.12541276 -1.7715144 1.0164587 0
-0.039445698 -1.7480751 1.0099726 0
0.042951882 -1.7256103 1.0035005 0
0.1382302 -1.6996349 0.99571568 0
0.24508849 -1.6705042 0.98655444 0
0.34855658 -1.6422997 0.97725862 0
0.43503472 -1.6187277 0.96912825 0
0.5341447 -1.5917146 0.95939255 0
0.63216233 -1.5650009 0.94934732 0
0.72976011 -1.5384035 0.93888652 0
-6.3617086 5.4125299 1.3889883 0
0.32152271 -2.5244653 1.0813383 0
0.38877946 -2.5217891 1.0746272 0
0.47830188 -2.5155969 1.0656127 0
0.58977652 -2.5032761 1.0542442 0
0.70064384 -2.4863956 1.042794 0
0.7887094 -2.469265 1.0335829 0
0.87611502 -2.4490488 1.0243411 0
0.96275389 -2.4257724 1.0150796 0
1.0271956 -2.4064171 1.0081276 0
0.074829936 -2.5186453 1.1054682 0
0.16446835 -2.5234842 1.0967851 0
0.25421089 -2.525171 1.0879936 0
-1.0066144 -6.8904152 1.5172461 0
-1.2525455 -6.8619337 1.5409784 0
-1.116449 -6.8113613 1.524622 0
-8.1196098 -7.702014 -0.074968219 0
-8.2656031 -7.567852 -0.06680727 0
-8.3969278 -7.4200506 -0.058432817 0
-8.5256653 -7.2699718 -0.050375104 0
-8.6517754 -7.1176624 -0.042636991 0
-9.013958 -6.6478162 -0.02136302 0
-9.129179 -6.4870548 -0.014925718 0
-9.2415895 -6.3243017 -0.0088187456 0
-9.3511534 -6.1596069 -0.0030440092 0
-9.4578371 -5.993021 0.002396822 0
-9.5616074 -5.824595 0.0075019598 0
-9.6624327 -5.6543798 0.012269735 0
-9.7602844 -5.4824286 0.016699076 0
-9.8551302 -5.3087926 0.020788193 0
-9.9469414 -5.1335258 0.024536133 0
-10.03569 -4.9566822 0.027941585 0
-10.12135 -4.7783146 0.031003475 0
-10.203893 -4.5984783 0.03372097 0
-10.283297 -4.4172292 0.036093354 0
-10.359533 -4.234621 0.038119793 0
-10.432582 -4.0507116 0.039799571 0
-10.502419 -3.8655553 0.041132092 0
-10.569025 -3.6792102 0.042117238 0
-10.632377 -3.4917326 0.042754531 0
-10.692457 -3.3031802 0.043043852 0
-10.749248 -3.1136103 0.042985201 0
-10.802729 -2.9230812 0.04257834 0
-10.81211 -2.8882892 0.04246676 0
-10.861662 -2.6967015 0.041648626 0
-10.90787 -2.5042822 0.040482759 0
-10.950722 -2.31109 0.038969636 0
-10.990205 -2.1171842 0.037109733 0
-11.026305 -1.922624 0.034903407 0
-11.059013 -1.7274691 0.032351613 0
-11.088319 -1.5317791 0.029454947 0
-11.114213 -1.3356137 0.026214242 0
-11.136686 -1.1390332 0.022630692 0
-11.155735 -0.9420979 0.018705368 0
-11.17135 -0.74486756 0.014439225 0
-11.183529 -0.5474031 0.0098338127 0
-11.192266 -0.34976435 0.0048904419 0
-11.19756 -0.15201235 -0.00038933754 0
-11.199409 0.045792818 -0.0060038567 0
-11.197814 0.24359035 -0.011951566 0
-11.192772 0.4413197 -0.018230438 0
-11.184286 0.63892055 -0.024838805 0
-11.172359 0.8363328 -0.031774402 0
-11.156997 1.0334952 -0.03903532 0
-11.138202 1.2303476 -0.046618938 0
-11.115977 1.4268301 -0.054523349 0
-10.953733 2.4015939 -0.098767519 0
-10.894961 2.5909126 -0.10796535 0
-7.2558031 -7.6592789 -0.080719233 0
-6.9421029 -7.5957355 -0.080855489 0
-7.9073062 -7.7713242 -0.080498695 0
-7.5776072 -7.7179823 -0.080599606 0
-10.746271 2.7575219 -0.11425233 0
-10.434446 2.8771572 -0.11456567 0
-10.126753 2.9881887 -0.11485308 0
-9.8236294 3.0909617 -0.11511505 0
-6.6366558 -7.5278435 -0.081007242 0
-6.3395581 -7.4560676 -0.081173062 0
-6.050859 -7.3808432 -0.08135128 0
-9.5254555 3.1858265 -0.11535323 0
-9.2325468 3.2731376 -0.11556888 0
-8.9451637 3.3532441 -0.11576283 0
-5.7705636 -7.3025751 -0.081540704 0
-5.4986415 -7.2216434 -0.081740379 0
-5.2350311 -7.1383991 -0.081949115 0
-8.663516 3.4264965 -0.11593616 0
-4.9796433 -7.0531664 -0.082165658 0
-4.7323632 -6.9662471 -0.082389176 0
-4.4930592 -6.8779159 -0.082618833 0
-4.2615795 -6.7884274 -0.082853734 0
-4.9852624 -3.4359024 -0.09356451 0
-5.0918441 -3.3762255 -0.093774259 0
-5.1962171 -3.3128443 -0.093995273 0
-5.2981458 -3.2457736 -0.094227314 0
-5.3973913 -3.1750398 -0.094470322 0
-5.4937158 -3.100682 -0.094724298 0
-5.5868845 -3.0227537 -0.094988883 0
-5.6766644 -2.9413214 -0.095263779 0
-5.7628279 -2.8564644 -0.09554863 0
-5.8451543 -2.7682772 -0.095843136 0
-5.9234285 -2.676867 -0.09614712 0
-5.9974456 -2.582355 -0.096460044 0
-6.0670109 -2.4848747 -0.096781254 0
-6.1319418 -2.3845732 -0.097110629 0
-6.1920686 -2.2816091 -0.097447217 0
-6.2472343 -2.1761525 -0.097790778 0
-6.2973008 -2.0683846 -0.098140597 0
-6.3421431 -1.9584957 -0.098495901 0
-6.3816547 -1.8466854 -0.09885633 0
-6.4157486 -1.7331609 -0.099220872 0
-6.4213676 -1.7123213 -0.099287629 0
-6.448967 -1.5970454 -0.099656582 0
-6.4710207 -1.4805279 -0.10002822 0
-6.4875007 -1.3629917 -0.100402 0
-6.4983983 -1.2446626 -0.10077697 0
-6.503726 -1.1257677 -0.1011526 0
-6.5035119 -1.0065339 -0.10152841 0
-6.4978065 -0.88718635 -0.1019032 0
-6.4866762 -0.76794755 -0.10227674 0
-6.4702063 -0.64903677 -0.10264796 0
-6.4484963 -0.53066754 -0.10301656 0
-6.4216633 -0.41304719 -0.10338175 0
-6.3898387 -0.29637659 -0.10374302 0
-6.3531666 -0.18084836 -0.10409945 0
-6.3118038 -0.066645622 -0.10445082 0
-6.2659173 0.046056867 -0.10479659 0
-6.2156844 0.15709519 -0.10513628 0
-6.1612902 0.26631594 -0.10546941 0
-6.1029286 0.37357628 -0.10579544 0
-6.0407953 0.47874475 -0.10611415 0
-8.2888556 1.2353072 0.024194241 0
-8.1091099 1.3576761 0.022808254 0
-8.0862465 1.5017294 0.016242802 0
-8.2303972 1.677892 0.0037374496 0
-8.1553431 7.8025441 -0.12962145 0
-8.6691418 7.9970579 -0.13033885 0
-2.2391846 -9.7035561 -0.073256701 0
-4.0377626 -6.6980138 -0.083092988 0
-3.8214343 -6.6068883 -0.083336115 0
-3.6124101 -6.5152426 -0.083582342 0
-3.4105024 -6.4232531 -0.083831191 0
-3.2155166 -6.3310785 -0.084081888 0
-3.8475261 -3.8336592 -0.092079699 0
-3.9640472 -3.8094621 -0.092179686 0
-4.1966219 -3.7511239 -0.092410862 0
-4.080472 -3.7819762 -0.092289984 0
-4.42734 -3.6790457 -0.092684865 0
-4.3123093 -3.716835 -0.09254247 0
-4.5415082 -3.6376991 -0.092838466 0
-4.6546049 -3.5927463 -0.093003154 0
-4.8767076 -3.4918737 -0.093366086 0
-4.7664127 -3.5441482 -0.093178988 0
-5.9750934 0.5817014 -0.10642523 0
-5.9060287 0.68233752 -0.10672832 0
-5.8338084 0.78055608 -0.10702312 0
-5.7586408 0.87627137 -0.1073094 0
-5.6807342 0.96940792 -0.10758698 0
-5.6002936 1.0599028 -0.10785586 0
-5.5175257 1.1477023 -0.10811561 0
-5.4326305 1.2327634 -0.10836631 0
-5.3458052 1.3150529 -0.10860792 0
-5.2572432 1.3945475 -0.10884041 0
-6.817853 7.2773151 -0.12769422 0
-7.2330694 7.443563 -0.12830251 0
-7.6778517 7.6183624 -0.12894392 0
-3.027257 -6.2388659 -0.084334135 0
-2.8455238 -6.1467419 -0.084587455 0
-2.670119 -6.0548258 -0.084841371 0
-2.500845 -5.9632206 -0.085095525 0
-2.3375037 -5.8720217 -0.085349619 0
-2.9303999 -3.9193516 -0.091623038 0
-2.8195729 -3.9180036 -0.091604769 0
-3.2691193 -3.9082937 -0.091726869 0
-3.1552749 -3.9145954 -0.091683835 0
-3.0423331 -3.9182487 -0.091649264 0
-3.6148694 -3.872515 -0.091909915 0
-3.4990449 -3.8873491 -0.091839612 0
-3.3837507 -3.8992436 -0.091778666 0
-5.25525 -4.2064629 0.091409683 0
-3.7310801 -3.8546481 -0.091989905 0
-5.339572 -4.1195803 0.095337987 0
-3.2660661 -2.0587578 -0.097553968 0
-3.346139 -1.9839027 -0.097806126 0
-3.4220922 -1.9047401 -0.098070979 0
-3.4944942 -1.8222556 -0.098345697 0
-3.5621507 -1.7358015 -0.098631799 0
-3.625778 -1.6463358 -0.098926634 0
-3.702805 -1.5218867 -0.099334508 0
-3.6653874 -1.5847853 -0.099128693 0
-3.7379668 -1.45771 -0.099543869 0
-3.7708135 -1.3923295 -0.099756598 0
-3.8153183 -1.2920442 -0.10008159 0
-3.8549395 -1.1897482 -0.10041201 0
-3.8883057 -1.085258 -0.10074809 0
-3.9108081 -1.0018035 -0.1010156 0
-3.9344945 -0.89470351 -0.10135782 0
-3.9516704 -0.78635561 -0.10170272 0
-3.9636142 -0.67729056 -0.10204887 0
-3.9680884 -0.60425961 -0.10227984 0
-3.9699562 -0.53110582 -0.10251072 0
-3.9692309 -0.4579227 -0.10274121 0
-3.9659336 -0.384803 -0.10297093 0
-3.9559076 -0.27547771 -0.10331339 0
-3.9408846 -0.16673034 -0.10365301 0
-3.9197638 -0.059029043 -0.10398796 0
-3.893903 0.047586203 -0.10431871 0
-3.8623157 0.15254885 -0.10464299 0
-5.1671333 1.4712313 -0.10906366 0
-5.0756569 1.5450976 -0.10927776 0
-4.9829903 1.616148 -0.10948282 0
-4.8893042 1.6843908 -0.10967878 0
-4.7947607 1.7498418 -0.10986575 0
-4.6995163 1.8125212 -0.11004385 0
-4.6037207 1.872457 -0.11021325 0
-4.5075145 1.9296814 -0.11037394 0
-4.4110327 1.9842314 -0.11052626 0
-4.9766397 3.915724 -0.11672729 0
-5.3560691 3.9065371 -0.11677563 0
-5.1636882 3.912447 -0.1167551 0
-2.1799016 -5.7813101 -0.085603416 0
-2.0278478 -5.6911612 -0.085856497 0
-1.8811536 -5.6016407 -0.086108685 0
-1.6314386 -5.5111537 -0.092504025 0
-1.7428377 -5.5220351 -0.086978883 0
-1.5046611 -5.4451418 -0.094329238 0
-1.3750719 -5.3569107 -0.094580859 0
-2.0658722 -3.8999324 -0.097568899 0
-1.9256191 -3.8890493 -0.099317938 0
-1.8276168 -3.8680897 -0.099364161 0
-1.7313442 -3.845675 -0.099415123 0
-2.6015885 -3.908355 -0.091590792 0
-2.494585 -3.9002514 -0.091594487 0
-2.388998 -3.8900914 -0.091605037 0
-2.2848859 -3.8779709 -0.091622114 0
-2.1866322 -3.8711379 -0.092336029 0
-2.7099423 -3.9143052 -0.0915941 0
-2.0019097 -2.7247403 -0.10300219 0
-2.1739037 -2.689939 -0.10314688 0
-2.0706491 -2.7121818 -0.10305578 0
-2.3757801 -2.6295819 -0.10271969 0
-2.2771392 -2.6642106 -0.10324895 0
-2.5126872 -2.5388217 -0.098200858 0
-2.4595628 -2.5772777 -0.10013068 0
-2.6285856 -2.4688878 -0.096131951 0
-2.5650632 -2.4991229 -0.096326977 0
-2.7580833 -2.4067636 -0.096354067 0
-2.6936667 -2.4387662 -0.096240163 0
-2.8845742 -2.3370962 -0.096599311 0
-2.8217485 -2.3728745 -0.096473813 0
-3.0073483 -2.2598822 -0.096867651 0
-2.9464707 -2.2994301 -0.09673059 0
-3.0671165 -2.2184613 -0.097010255 0
-3.1543221 -2.1526215 -0.097235471 0
-2.2539604 -1.6459394 -0.1064527 0
-2.3328257 -1.5748093 -0.10669294 0
-2.2938623 -1.6109562 -0.10657105 0
-2.389272 -1.5183134 -0.10688245 0
-2.4783273 -1.4190211 -0.10721341 0
-2.4435995 -1.4595993 -0.10707852 0
-2.5280478 -1.3560874 -0.10742182 0
-2.5901747 -1.268894 -0.1077092 0
-2.6470163 -1.1780124 -0.10800713 0
-2.6982753 -1.0837567 -0.10831457 0
-2.7436857 -0.98647052 -0.1086303 0
-2.7830184 -0.88652205 -0.10895324 0
-2.816083 -0.78430229 -0.10928205 0
-2.832617 -0.72298312 -0.10947862 0
-2.8554225 -0.61799705 -0.10981411 0
-2.8716679 -0.51182365 -0.11015195 0
-2.8813212 -0.40489584 -0.11049086 0
-2.8843949 -0.29764804 -0.11082941 0
-2.8809466 -0.19051003 -0.11116627 0
-2.8710754 -0.083903491 -0.1115002 0
-2.8597331 -0.0045050383 -0.11174807 0
-2.8501122 0.048031151 -0.11191168 0
-2.8326657 0.1260978 -0.11215413 0
-2.8122728 0.20331234 -0.11239329 0
-2.7967629 0.25414711 -0.11255023 0
-2.7798564 0.30444783 -0.11270529 0
-3.8129065 0.28986502 -0.10506561 0
-3.7706211 0.39062017 -0.10537452 0
-3.7397776 0.45647293 -0.10557577 0
-3.7070336 0.52126461 -0.10577321 0
-3.6724629 0.58494145 -0.10596684 0
-3.6361401 0.64745373 -0.10615641 0
-3.5981419 0.70875496 -0.10634184 0
-3.5585454 0.76880294 -0.10652304 0
-3.5174291 0.82755923 -0.10669973 0
-3.4777167 0.88562775 -0.10717788 0
-3.4523947 0.94626397 -0.10937339 0
-3.4258006 1.0062016 -0.11161864 0
-3.3796649 1.0935187 -0.11465529 0
-3.3118026 1.173038 -0.11555046 0
-3.2354951 1.2471776 -0.11576852 0
-3.157419 1.3183134 -0.11597681 0
-3.1043108 1.3637259 -0.11610907 0
-8.1732321 0.93614078 0.33428094 0
-7.9538827 1.0569311 0.32742962 0
-4.3144035 2.0361481 -0.11067015 0
-7.8459849 1.1861575 0.32111162 0
-4.2177458 2.0854757 -0.1108059 0
-4.1211729 2.1322632 -0.11093363 0
-4.0247908 2.1765614 -0.11105362 0
-3.9286983 2.2184231 -0.111166 0
-3.8403263 2.2619059 -0.11199746 0
-7.7867899 1.3199154 0.3148753 0
-3.7504029 2.3474741 -0.11759695 0
-3.6236873 2.4085639 -0.11950693 0
-3.5284326 2.439713 -0.11958581 0
-3.4339414 2.4687347 -0.11965793 0
-7.7641001 1.4587413 0.30857831 0
-5.0827584 2.1717553 0.039316833 0
-7.7776899 1.6046364 0.30213106 0
-7.8393092 1.7621487 0.29544887 0
-8.012845 1.9486996 0.28840417 0
-4.564714 3.2376938 -0.04722482 0
-4.2866344 3.9121261 -0.11722305 0
-4.0420761 3.9653492 -0.12449753 0
-3.8856964 3.9542248 -0.12443063 0
-4.6180363 3.9150505 -0.11665225 0
-4.4462223 3.9114106 -0.11660576 0
-4.1848569 3.9586892 -0.12286258 0
-4.7947989 3.9165392 -0.1166929 0
-6.1931033 5.2068257 0.035830647 0
-6.1406708 5.3486652 0.022242934 0
-6.188797 5.5797496 0.0037671924 0
-1.7075849 -7.0423155 0.034930587 0
-1.7710059 -6.7997961 0.052995145 0
-2.2961719 -6.7938304 0.090015441 0
-2.1484823 -6.7540331 0.082140565 0
-2.0042276 -6.7151618 0.074258745 0
-1.8632052 -6.6771622 0.06636548 0
-1.2500556 -5.2695436 -0.094830662 0
-1.1294479 -5.1830692 -0.095078558 0
-1.6368191 -3.8218875 -0.099470824 0
-1.5440552 -3.7968073 -0.099531025 0
-1.4530621 -3.7705112 -0.099595368 0
-1.3638456 -3.7430732 -0.09966363 0
-1.276408 -3.7145655 -0.099735677 0
-1.190747 -3.6850567 -0.099811256 0
-1.1068593 -3.6546125 -0.099890068 0
-0.98455358 -3.6072338 -0.10001448 0
-0.86574763 -3.5582914 -0.10014454 0
-0.78885478 -3.5247154 -0.10023464 0
-0.71367532 -3.4904952 -0.10032718 0
-5.2319012 -4.1993937 0.33278286 0
-5.3161769 -4.1124964 0.33719033 0
-1.429352 -2.7680676 -0.10274911 0
-1.3317215 -2.7652378 -0.10273816 0
-1.2356341 -2.7592416 -0.10273753 0
-1.1097531 -2.7472634 -0.10274966 0
-1.0171199 -2.735445 -0.10276808 0
-0.95635962 -2.7261348 -0.10278504 0
-1.7290519 -2.758734 -0.10283959 0
-1.62814 -2.7649379 -0.10279945 0
-1.5281125 -2.7682405 -0.10276875 0
-1.9333231 -2.7356381 -0.10295388 0
-1.830893 -2.7487545 -0.10289171 0
-1.189555 -2.1143785 -0.10476011 0
-1.0933585 -2.1262918 -0.10470295 0
-1.4800379 -2.0537071 -0.10501039 0
-1.4073689 -2.0726581 -0.10493588 0
-1.3104188 -2.0940933 -0.10484859 0
-1.6006279 -2.0158277 -0.10515425 0
-1.5283834 -2.0395098 -0.10506494 0
-1.7437198 -1.9605796 -0.10535748 0
-1.6724935 -1.9897312 -0.10525116 0
-1.8606952 -1.905815 -0.10555387 0
-1.9974338 -1.8301532 -0.10582006 0
-1.2492452 -1.6026261 -0.10638469 0
-2.1075406 -1.7588289 -0.10606724 0
-1.410972 -1.5238723 -0.10666579 0
-1.3397514 -1.5608797 -0.10653476 0
-2.2131691 -1.6797415 -0.1063379 0
-2.1715388 -1.7123468 -0.10622671 0
-1.4804826 -1.4826546 -0.10680981 0
-1.5816255 -1.4145637 -0.10704497 0
-1.693707 -1.3253136 -0.10734899 0
-1.6466715 -1.3650467 -0.1072142 0
-1.7979482 -1.2256289 -0.10768428 0
-1.7542648 -1.2695262 -0.10753709 0
-1.8531723 -1.1639349 -0.10788991 0
-1.9617436 -1.0593399 -0.1118241 0
-1.9057056 -1.0997106 -0.10810299 0
-2.0099609 -0.99018508 -0.11236973 0
-2.0526307 -0.91757238 -0.1126072 0
-2.1176224 -0.78507173 -0.11303797 0
-2.0912631 -0.84262007 -0.11285122 0
-2.1412857 -0.72632456 -0.11322786 0
-2.1751769 -0.62634063 -0.11354975 0
-2.1759844 -0.53155804 -0.10994816 0
-2.1967485 -0.42909148 -0.11027528 0
-2.2097952 -0.32542628 -0.11060461 0
-2.2160668 -0.22123209 -0.11093417 0
-2.2146397 -0.11702493 -0.11126222 0
-2.2065701 -0.013315082 -0.11158739 0
-2.1910806 0.089264095 -0.11190747 0
-2.1743574 0.17035747 -0.11215958 0
-2.1586637 0.23026496 -0.11234516 0
-2.1343603 0.30893385 -0.11258806 0
-2.1136754 0.36692685 -0.11276661 0
-2.0823398 0.44243175 -0.11299816 0
-2.7615879 0.35417449 -0.11285824 0
-2.741992 0.40328842 -0.11300907 0
-2.0291378 0.55213934 -0.113333 0
-2.7100365 0.47564316 -0.11323053 0
-1.9897707 0.62271416 -0.11354733 0
-1.9468087 0.69050926 -0.11375229 0
-2.6507113 0.59265208 -0.11358714 0
-1.8895577 0.77209616 -0.11399764 0
-2.570545 0.72679913 -0.11399353 0
-2.4969571 0.83294606 -0.11431302 0
-2.4500408 0.89395297 -0.11449572 0
-2.4010363 0.95264041 -0.1146706 0
-2.3504901 1.009431 -0.11483927 0
-2.3158352 1.0460082 -0.1149475 0
-2.2625437 1.0989226 -0.11510336 0
-2.1895113 1.1661909 -0.11530045 0
-2.0952287 1.244487 -0.11552799 0
-2.0180612 1.3031454 -0.11569709 0
-3.0504997 1.4076266 -0.11623642 0
-2.9685483 1.4704589 -0.11641774 0
-2.885529 1.5302832 -0.11658937 0
-2.8014145 1.5863767 -0.11674896 0
-2.7166061 1.6395168 -0.11689922 0
-2.631146 1.6890166 -0.11703771 0
-2.5453269 1.7356511 -0.11716719 0
-2.4592497 1.7787725 -0.11728559 0
-2.3444104 1.8317009 -0.11742897 0
-2.2583926 1.8680534 -0.11752607 0
-2.2011878 1.8905506 -0.11758529 0
-2.3756621 2.6733027 -0.12008719 0
-3.340271 2.4956918 -0.11972383 0
-3.2474728 2.5206451 -0.11978361 0
-3.1555943 2.5436573 -0.1198374 0
-3.0646777 2.5647895 -0.11988546 0
-2.9747608 2.5841029 -0.11992806 0
-2.8858764 2.6016574 -0.11996531 0
-2.7980549 2.6175122 -0.11999734 0
-2.6685095 2.6380413 -0.12003568 0
-2.5412035 2.6554594 -0.12006465 0
-2.457854 2.6650901 -0.12007804 0
-4.8728228 2.1904774 0.041373879 0
-4.7455525 2.2385612 0.039624214 0
-4.650281 2.2977009 0.036308646 0
-4.5749044 2.3640647 0.031921506 0
-4.4904394 2.4754705 0.02357617 0
-4.4301982 2.5987995 0.013521045 0
-4.4059033 2.6902609 0.0055680275 0
-4.3952913 2.7908356 -0.0035382211 0
-4.4026451 2.9042411 -0.014181376 0
-4.4393802 3.0392406 -0.027277201 0
-3.733705 3.9415493 -0.1243597 0
-3.5859735 3.9274282 -0.12428513 0
-6.0900526 4.2804594 0.1085811 0
-5.9241467 4.3251686 0.10098898 0
-5.7698464 4.3735189 0.093197763 0
-5.825736 4.5752454 0.07824555 0
-5.8842249 4.7862778 0.062398642 0
-3.2617996 5.7594557 -0.12999181 0
-3.4630017 5.8614221 -0.13035403 0
-3.6743953 5.966681 -0.13072872 0
-0.80797666 -2.698348 -0.10284238 0
-0.72120851 -2.67904 -0.10288554 0
-0.63652092 -2.6575511 -0.10293601 0
-0.52643728 -2.6262009 -0.1030124 0
-0.89637125 -2.7158008 -0.10280536 0
-0.56189996 -2.1177709 -0.10462166 0
-0.47471493 -2.1048574 -0.10464461 0
-0.38942802 -2.0890212 -0.10467716 0
-0.97431803 -2.134819 -0.10465187 0
-0.88023078 -2.1373169 -0.1046249 0
-0.76447999 -2.1350124 -0.10460863 0
-0.65087235 -2.1275795 -0.10460888 0
-1.0455583 -2.1305087 -0.10467997 0
-0.22891128 -1.7161915 -0.10581926 0
-0.16214794 -1.703481 -0.10584576 0
-0.65406626 -1.7403207 -0.10582972 0
-0.56265891 -1.7431895 -0.10580209 0
-0.45466411 -1.7409688 -0.10578713 0
-0.34895277 -1.7327375 -0.10579155 0
-0.27981967 -1.7243065 -0.10580406 0
-0.93332171 -1.7025769 -0.10600549 0
-0.87714589 -1.7136581 -0.10595918 0
-0.78377247 -1.7280484 -0.10589483 0
-0.70943063 -1.7363808 -0.10585342 0
-1.0829148 -1.6631621 -0.10616015 0
-0.9895066 -1.6894023 -0.10605846 0
-1.1942129 -1.6249764 -0.10630308 0
-1.1572701 -1.6386863 -0.10625239 0
-1.8532212 0.81908274 -0.11413829 0
-1.8281783 0.84950602 -0.1142291 0
-1.7762065 0.90804398 -0.11440293 0
-1.7086515 0.97768527 -0.11460863 0
-1.666706 1.0173194 -0.11472499 0
-1.6237155 1.0551393 -0.11483544 0
-1.5502335 1.1145197 -0.11500759 0
-1.4901576 1.1590958 -0.11513577 0
-1.4442787 1.1903343 -0.11522485 0
-1.366704 1.2387666 -0.11536169 0
-1.2722317 1.2911381 -0.11550751 0
-1.1767117 1.3371656 -0.11563308 0
-1.1127112 1.364632 -0.11570662 0
-1.0646241 1.3832099 -0.11575535 0
-1.0005207 1.4057856 -0.1158135 0
-1.9788601 1.3308206 -0.11577633 0
-1.9194435 1.3703606 -0.11588883 0
-1.8393657 1.4198195 -0.1160284 0
-1.7381465 1.4760177 -0.11618492 0
-1.636202 1.5267053 -0.11632383 0
-1.554359 1.5629542 -0.11642139 0
-1.4725001 1.595621 -0.11650766 0
-1.3704581 1.6313974 -0.11659963 0
-1.2689732 1.6622939 -0.11667638 0
-1.168437 1.6878487 -0.11673643 0
-1.0887276 1.7052183 -0.11677491 0
-2.144136 1.9117748 -0.11764054 0
-1.6426941 2.0496645 -0.11797298 0
-1.5620536 2.0640094 -0.11800174 0
-1.4823053 2.0764005 -0.11802458 0
-1.4037291 2.0864434 -0.11804023 0
-1.3005999 2.0968504 -0.11805204 0
-1.1995139 2.103848 -0.11805353 0
-2.0589495 1.9411254 -0.11771564 0
-1.9742362 1.9680544 -0.11778325 0
-1.8902254 1.9920528 -0.11784178 0
-1.7793032 2.0202935 -0.11790819 0
-1.6970208 2.0387549 -0.11794963 0
-1.5492947 2.6841128 -0.11995307 0
-1.4477125 2.6760535 -0.11990699 0
-1.3484027 2.666347 -0.11985627 0
-1.8702586 2.6954882 -0.12005423 0
-1.7605397 2.6939762 -0.12002715 0
-1.653754 2.6899788 -0.1199928 0
-2.2946379 2.6801498 -0.12009226 0
-2.1754553 2.6878164 -0.12009215 0
-2.0586374 2.6930027 -0.12008473 0
-1.9823385 2.6948864 -0.12007514 0
-5.0092096 2.2615948 0.23147759 0
-4.8385787 2.293406 0.22664446 0
-2.6194782 3.0407958 -0.03106229 0
-2.5422578 3.0616057 -0.034622446 0
-2.4664025 3.0820475 -0.038270175 0
-2.3918321 3.1021423 -0.042005435 0
-2.282356 3.1316423 -0.047783777 0
-2.175082 3.1605484 -0.053738296 0
-2.1337979 3.2186043 -0.06216225 0
-2.1887207 3.4132972 -0.085981101 0
-1.7067912 3.5703599 -0.12277763 0
-1.6143899 3.5428634 -0.12267217 0
-1.8991499 3.6241632 -0.12298629 0
-1.8016841 3.5974712 -0.12288237 0
-4.490314 2.9756505 0.17189409 0
-2.2492862 3.6279311 -0.11240116 0
-2.102138 3.6761379 -0.12319136 0
-1.9992723 3.650399 -0.12308934 0
-2.2078359 3.7013385 -0.1232923 0
-4.5723572 3.1428483 0.16100253 0
-2.0876493 5.1232138 -0.12774809 0
-2.2338626 5.2068424 -0.12804137 0
-2.3865027 5.2926712 -0.12834284 0
-2.5459805 5.3808241 -0.12865308 0
-2.7127423 5.4714308 -0.1289725 0
-2.8872726 5.5646343 -0.12930171 0
-3.0700998 5.6605873 -0.12964126 0
-2.9231734 8.5892096 -0.13883933 0
-3.2060194 8.8837814 -0.13982506 0
-3.5118492 9.2001858 -0.14088422 0
-1.6828349 -7.0348215 0.2907891 0
-2.2716303 -6.7863998 0.34372002 0
-2.1242313 -6.7466903 0.33283758 0
1.1784787 -2.8506961 -0.10195804 0
0.95910144 -2.2283318 -0.10396373 0
0.99024129 -2.1902678 -0.10407732 0
0.82936907 -1.8082539 -0.10531376 0
0.88179421 -1.7524452 -0.10547896 0
-0.21913207 -1.7702845 -0.050338343 0
-0.12597072 -1.7288095 -0.068922177 0
-0.049142838 -1.700271 -0.078649841 0
0.045592844 -1.6732117 -0.079722449 0
0.14263192 -1.6535405 -0.073484838 0
0.25784588 -1.641712 -0.062215958 0
0.34465933 -1.6183209 -0.067588463 0
0.44406247 -1.5915424 -0.075114891 0
0.54227889 -1.5650879 -0.083924085 0
0.63997453 -1.5387785 -0.094198368 0
0.73828638 -1.5140687 -0.10625928 0
0.79497415 -1.4596649 -0.10641915 0
0.16414294 -1.6039641 -0.10609287 0
0.22118613 -1.5794661 -0.10615851 0
0.31713116 -1.5332408 -0.10628462 0
0.40817803 -1.48321 -0.10642374 0
0.49381244 -1.4295017 -0.10657554 0
0.58551681 -1.36449 -0.10676171 0
0.67057002 -1.2960868 -0.1069599 0
0.72065324 -1.2519574 -0.10708873 0
0.74928916 -1.2249142 -0.10716814 0
0.027956486 1.450287 -0.11574434 0
-0.18378428 1.4886112 -0.11590824 0
-0.075872302 1.4722382 -0.11583465 0
-0.010392994 1.4592683 -0.11578041 0
-0.66842961 1.4837914 -0.11599165 0
-0.60680282 1.4912906 -0.11600278 0
-0.50062484 1.4995646 -0.11600724 0
-0.39676797 1.5020871 -0.11599404 0
-0.29574084 1.4987087 -0.11596284 0
-0.9525103 1.4211023 -0.11585195 0
-0.88871831 1.4390098 -0.11589536 0
-0.79362398 1.4616133 -0.11594728 0
-0.71512258 1.4765352 -0.1159783 0
-0.18947372 1.7080204 -0.11660074 0
-0.12691967 1.6947147 -0.11654605 0
-0.050565973 1.6761833 -0.1164721 0
-0.43752301 1.7422811 -0.11675918 0
-0.35267875 1.7335626 -0.11671444 0
-0.25373805 1.7194439 -0.11664981 0
-0.8552987 1.7393856 -0.11683504 0
-0.77973258 1.7452363 -0.11683816 0
-0.66850364 1.7497344 -0.11682968 0
-0.56015754 1.7490474 -0.11680546 0
-0.48948902 1.7460597 -0.11678167 0
-1.0492164 1.7126651 -0.11679031 0
-0.97096997 1.7251813 -0.11681386 0
-0.89355904 1.7353941 -0.11683025 0
-0.21486959 1.999963 -0.11752575 0
-0.12270223 1.972923 -0.11742179 0
-0.42925841 2.0507257 -0.11772939 0
-0.32980588 2.0292249 -0.11764138 0
-0.66076434 2.0869424 -0.1178906 0
-0.55335313 2.0724914 -0.11782322 0
-0.49060288 2.0622299 -0.11777812 0
-1.0276678 2.1085501 -0.11803339 0
-0.95617008 2.1076598 -0.11801599 0
-0.86270046 2.1041803 -0.11798601 0
-0.77148277 2.098094 -0.11794827 0
-1.1005428 2.1076269 -0.11804526 0
-0.24905923 2.4059165 -0.11881185 0
-0.41410786 2.4647541 -0.11903086 0
-0.31856531 2.4316244 -0.118907 0
-0.56410539 2.5116098 -0.11920905 0
-0.48797098 2.4886804 -0.11912131 0
-0.77720726 2.5680137 -0.11943014 0
-0.66873419 2.5407448 -0.11932214 0
-1.0061617 2.6162403 -0.1196287 0
-0.88964391 2.5932417 -0.11953251 0
-1.2836931 2.6588352 -0.11981938 0
-1.2200917 2.6505835 -0.11978047 0
-1.1268748 2.6368039 -0.11971805 0
-8.0215664 0.93164599 0.62180096 0
-7.8599205 1.0570908 0.61020428 0
-0.41835052 3.0714531 -0.12094336 0
-7.7663751 1.1870319 0.60134542 0
-0.51146328 3.1170766 -0.12110607 0
-7.7122393 1.320601 0.59398228 0
-0.74181372 3.2228947 -0.12148643 0
-0.64077663 3.1776714 -0.12132337 0
-0.88281631 3.2827754 -0.1217038 0
-0.81143361 3.2528987 -0.12159513 0
-7.6896386 1.4585921 0.5877353 0
-4.7274203 2.3473406 0.22122069 0
-0.99355459 3.3272953 -0.12186664 0
-7.6983542 1.6027484 0.58252883 0
-4.6440125 2.411726 0.21543987 0
-4.5793066 2.4837637 0.20933385 0
-1.1871091 3.4006715 -0.1221372 0
-1.1081028 3.3714762 -0.12202914 0
-4.5296559 2.5627773 0.20288427 0
-1.3513665 3.4583793 -0.12235248 0
-1.268175 3.429647 -0.12224501 0
-7.745801 1.7564483 0.57856297 0
-4.4938421 2.6491446 0.19604236 0
-1.5244021 3.5150149 -0.12256616 0
-1.4367521 3.4868441 -0.12245953 0
-7.8603044 1.9284868 0.57676303 0
-4.4724565 2.7442145 0.1887231 0
-4.4684744 2.8508554 0.18077743 0
-2.2346473 3.6323636 0.038931437 0
-0.72057164 4.2567825 -0.12473977 0
-0.81259811 4.3210053 -0.12496085 0
-0.90793335 4.3864651 -0.12518658 0
-1.0067488 4.4532175 -0.12541701 0
-1.1092267 4.5213213 -0.12565248 0
-1.2155631 4.5908384 -0.12589315 0
-1.3259674 4.6618361 -0.12613934 0
-1.4406644 4.7343845 -0.12639126 0
-1.5598953 4.8085604 -0.12664926 0
-1.6839192 4.8844419 -0.12691361 0
-1.8130151 4.9621158 -0.12718457 0
-1.9474838 5.0416732 -0.12746269 0
-6.4112563 4.1947708 0.39548606 0
-6.2352047 4.2422028 0.38354057 0
-6.0645862 4.2881699 0.37184265 0
-5.8990555 4.3327665 0.36037421 0
-5.7450838 4.3810167 0.34918898 0
-5.8004179 4.582911 0.33997238 0
-5.8583193 4.7941217 0.33020788 0
-5.9631076 5.0511827 0.32008377 0
-5.894258 5.1735101 0.30854249 0
-5.8513265 5.3195567 0.29683924 0
-5.8465004 5.502882 0.2848019 0
-3.5088952 6.2140512 0.087633595 0
-5.9608841 5.8030529 0.27196917 0
-1.590498 7.168478 -0.13409138 0
-1.7774559 7.3717761 -0.13477007 0
-1.9766395 7.5867314 -0.13548791 0
-2.1892869 7.8145185 -0.13624893 0
-2.4168084 8.0564699 -0.13705757 0
-2.6608186 8.3141146 -0.13791905 0
2.3788791 -6.2561798 -0.090983257 0
2.4232378 -6.0384812 -0.091660194 0
2.4645782 -5.8312435 -0.092304789 0
-1.7469866 -6.7925234 0.30129915 0
2.5031366 -5.6336575 -0.092919528 0
-1.9802536 -6.7079034 0.32209361 0
-1.8394947 -6.6699839 0.31147692 0
2.5391259 -5.4449944 -0.093506664 0
2.5727367 -5.2645969 -0.094068237 0
2.6041422 -5.0918703 -0.094606087 0
2.6334984 -4.9262767 -0.095121913 0
2.6609473 -4.7673264 -0.095617168 0
2.6866179 -4.6145725 -0.096093245 0
1.5582571 -3.9281104 -0.098485872 0
1.6013751 -3.8314257 -0.09878175 0
1.6425695 -3.7371173 -0.099070549 0
1.6819332 -3.645082 -0.099352524 0
1.719552 -3.5552194 -0.099628039 0
1.755507 -3.467437 -0.099897288 0
1.7898747 -3.3816464 -0.10016064 0
1.8227264 -3.2977645 -0.10041824 0
1.8541298 -3.2157114 -0.10067041 0
1.8841482 -3.1354132 -0.10091729 0
1.9128414 -3.0567985 -0.1011592 0
1.9533706 -2.9420784 -0.10151239 0
1.9915189 -2.8304029 -0.10185654 0
2.0268714 -2.722316 -0.10218991 0
1.2151055 -2.7941256 -0.10212883 0
2.0705361 -2.5826697 -0.10262103 0
1.2675569 -2.7106235 -0.10238127 0
2.100832 -2.4811013 -0.10293493 0
1.3335408 -2.6014757 -0.10271175 0
1.3802046 -2.5212078 -0.10295519 0
2.1197951 -2.4149842 -0.10313937 0
-5.2086945 -4.1923671 0.57268566 0
1.4241972 -2.442476 -0.10319432 0
1.4794815 -2.3394763 -0.1035076 0
-5.2929239 -4.1054564 0.57756931 0
1.5430351 -2.2140441 -0.10388991 0
1.6014005 -2.0917754 -0.10426331 0
1.0351979 -2.1334643 -0.10424715 0
1.6339049 -2.019973 -0.1044829 0
1.6644319 -1.9494152 -0.10469904 0
1.0923146 -2.0582368 -0.10447256 0
1.1461704 -1.9836493 -0.10469663 0
1.6934429 -1.8798213 -0.1049124 0
1.7118077 -1.8340509 -0.10505291 0
1.1846023 -1.928123 -0.10486379 0
1.2211485 -1.8730226 -0.10502996 0
1.7462118 -1.7440149 -0.10532961 0
1.2562358 -1.8182701 -0.10519533 0
1.30021 -1.7459723 -0.1054142 0
1.7858877 -1.6336428 -0.10566929 0
1.3419309 -1.6742706 -0.10563163 0
1.3712683 -1.6210345 -0.1057934 0
1.8146806 -1.5472862 -0.10593554 0
1.834775 -1.4835135 -0.1061324 0
0.91950315 -1.7104657 -0.10560355 0
0.97872257 -1.6403157 -0.10581253 0
1.3993514 -1.5681601 -0.10595428 0
1.4259155 -1.515738 -0.10611406 0
1.8474007 -1.4415116 -0.10626216 0
1.0560452 -1.5419734 -0.10610668 0
1.1069614 -1.4717379 -0.10631762 0
1.4593812 -1.4464451 -0.1063256 0
1.4905859 -1.3778721 -0.10653532 0
-0.20938116 -1.7673322 0.050463386 0
-0.1229347 -1.7440301 0.048261113 0
-0.040114164 -1.7217075 0.045510381 0
0.055609882 -1.6959095 0.041575842 0
0.15992543 -1.6678985 0.0052693039 0
0.26380038 -1.639909 -0.00066078082 0
0.35055763 -1.6165351 -0.006613763 0
0.44991726 -1.5897697 -0.014589721 0
0.5481115 -1.5633218 -0.023628334 0
0.64580792 -1.5370122 -0.033894289 0
0.82748598 -1.4266376 -0.10651661 0
1.1451244 -1.4156239 -0.10648665 0
1.1811626 -1.3596156 -0.10665581 0
1.5264404 -1.2931974 -0.10679483 0
0.84850526 -1.4044677 -0.10658218 0
0.89864749 -1.3485482 -0.10674818 0
0.94642854 -1.2921954 -0.10691601 0
1.2151419 -1.3037455 -0.10682493 0
1.2547181 -1.2341561 -0.10703616 0
1.5712619 -1.1765001 -0.1071534 0
0.98219723 -1.2467297 -0.10705198 0
1.0246698 -1.1896124 -0.10722334 0
1.2914972 -1.1648562 -0.10724702 0
1.3187592 -1.1096756 -0.10741535 0
1.6000246 -1.0942979 -0.10740656 0
1.6156524 -1.0455699 -0.10755692 0
0.78614199 -1.1883737 -0.10727577 0
0.82991421 -1.1419338 -0.10741319 0
1.0642345 -1.1321951 -0.10739619 0
1.1083329 -1.0630416 -0.10760511 0
1.3502369 -1.0410578 -0.10762516 0
1.3736894 -0.98642439 -0.10779253 0
1.6438053 -0.94927168 -0.10785462 0
0.86338133 -1.1043102 -0.10752493 0
0.91752851 -1.0373039 -0.10772506 0
1.1423476 -1.0052756 -0.10778022 0
1.1737154 -0.94744283 -0.10795607 0
1.4051306 -0.90510035 -0.10804238 0
1.672192 -0.83861643 -0.10819752 0
0.99453074 -0.93025661 -0.10804667 0
1.038121 -0.86118454 -0.10825544 0
1.2082815 -0.87803936 -0.10816769 0
1.2345978 -0.82025081 -0.10834444 0
1.4463456 -0.78421855 -0.1084149 0
1.07691 -0.79150307 -0.10846712 0
1.1074927 -0.73152483 -0.10864986 0
1.2672441 -0.73953128 -0.10859213 0
1.476432 -0.6780982 -0.10874312 0
1.1345162 -0.67131907 -0.10883408 0
1.3069826 -0.62470371 -0.10894588 0
1.500801 -0.57324624 -0.10906856 0
1.1593345 -0.61103147 -0.10901899 0
1.1807777 -0.55070263 -0.10920471 0
1.3330312 -0.53338701 -0.10922828 0
1.3466563 -0.47662681 -0.10940437 0
1.5197253 -0.46968254 -0.10939103 0
1.2084855 -0.4602865 -0.10948399 0
1.2237693 -0.40013552 -0.1096704 0
1.3621482 -0.39765823 -0.10965005 0
1.5346894 -0.35475102 -0.10975014 0
1.2379978 -0.33020359 -0.10988785 0
1.377157 -0.29689205 -0.1099645 0
1.3830789 -0.24132088 -0.11013839 0
1.541537 -0.27893707 -0.10998763 0
1.2528749 -0.23081213 -0.11019799 0
1.2588716 -0.17151141 -0.11038363 0
1.3868859 -0.1861403 -0.11031149 0
1.2620134 -0.11260328 -0.11056861 0
1.389612 -0.087632596 -0.11062134 0
1.2626011 -0.015165091 -0.11087552 0
1.3863714 0.020496458 -0.1109627 0
1.2569762 0.0811515 -0.11118016 0
1.3765808 0.12714362 -0.11130073 0
1.2436595 0.18562534 -0.11151206 0
1.3623762 0.22183266 -0.11160198 0
1.2233344 0.28847298 -0.11184027 0
1.3428543 0.31518009 -0.11190008 0
1.1985599 0.38035411 -0.11213482 0
1.3153049 0.41735217 -0.1122276 0
1.1644258 0.47947842 -0.11245409 0
1.2852526 0.5078603 -0.11251894 0
1.1234161 0.57648516 -0.1127681 0
1.2499294 0.59685504 -0.11280652 0
1.0798578 0.6625737 -0.11304823 0
1.2047788 0.69396794 -0.11312173 0
1.0303652 0.74650848 -0.11332276 0
1.153221 0.78906906 -0.11343188 0
0.96303898 0.84409976 -0.11364396 0
0.99803472 0.79585201 -0.11348481 0
1.1013422 0.87285328 -0.11370642 0
0.90021211 0.92253953 -0.11390391 0
1.0372546 0.96370161 -0.11400572 0
1.0703107 0.91864026 -0.11385701 0
1.188379 1.0308175 -0.11418647 0
0.80930448 1.020153 -0.11423001 0
0.85275584 0.97583914 -0.11408152 0
0.97362268 1.0432634 -0.11426938 0
1.144346 1.0929123 -0.11439107 0
0.69103295 1.1257551 -0.11458681 0
0.7398982 1.0843838 -0.11444649 0
0.88021845 1.1459563 -0.11461195 0
0.92053139 1.1037395 -0.11447074 0
1.0736315 1.1847417 -0.1146948 0
0.63927078 1.1653938 -0.11472224 0
0.81179374 1.2117996 -0.11483337 0
1.0052086 1.2647537 -0.11496085 0
0.52905381 1.240327 -0.11498078 0
0.58564347 1.2038535 -0.11485434 0
0.71971536 1.2910848 -0.11510191 0
0.93143117 1.343142 -0.11522286 0
0.38808656 1.3188584 -0.11525692 0
0.46049216 1.281063 -0.11512309 0
0.59911376 1.3811762 -0.11541033 0
0.65091467 1.3444506 -0.11528408 0
0.85207391 1.4197526 -0.1154804 0
0.18721379 1.4033874 -0.11556414 0
0.26770687 1.3726848 -0.11545102 0
0.47815269 1.4580189 -0.11567709 0
0.53434241 1.4237949 -0.11555783 0
0.75567544 1.5035291 -0.115764 0
1.0199592 1.5803142 -0.11595216 0
0.078183591 1.4372262 -0.11569296 0
0.13936892 1.4190865 -0.11562334 0
0.34682238 1.5284653 -0.11592577 0
0.4197084 1.4908547 -0.11579242 0
0.63987374 1.593461 -0.11607094 0
0.68761277 1.5580232 -0.11594956 0
0.93979138 1.6616995 -0.11622491 0
0.21832626 1.5862328 -0.11613394 0
0.28375578 1.5582097 -0.11603235 0
0.52685982 1.6709485 -0.11633809 0
0.57816696 1.6369531 -0.11622053 0
0.82903713 1.7650576 -0.11657313 0
0.86704326 1.7307913 -0.11645742 0
0.023457885 1.6553794 -0.11639148 0
0.094915271 1.6322473 -0.11630405 0
0.1645494 1.6075541 -0.11621207 0
0.39103165 1.7526259 -0.1166231 0
0.46022749 1.7123654 -0.11648215 0
0.76284826 1.8216577 -0.11676493 0
-0.0058576465 1.6639776 -0.11642455 0
0.27426133 1.8141398 -0.11684068 0
0.33357108 1.7838407 -0.11673316 0
0.66543591 1.9000037 -0.11703165 0
0.13373801 1.8785806 -0.11707234 0
0.21306142 1.8434622 -0.11694553 0
0.53042543 1.9987663 -0.11737031 0
0.59187359 1.9551758 -0.11722045 0
-0.069000661 1.955591 -0.11735624 0
0.017457575 1.9247206 -0.11724137 0
0.4173438 2.0738044 -0.11762974 0
0.46666077 2.0418427 -0.11751901 0
0.86832839 2.1895666 -0.11790273 0
0.31436223 2.1366651 -0.11784878 0
0.36648604 2.1053936 -0.11773965 0
0.7868681 2.2645545 -0.1181556 0
0.8362987 2.2195282 -0.11800367 0
0.16789159 2.2180645 -0.11813507 0
0.24225068 2.1776736 -0.11799267 0
0.71856469 2.3247304 -0.1183591 0
0.050742209 2.2770152 -0.11834468 0
0.11003488 2.2477565 -0.11824041 0
0.62878013 2.4001956 -0.11861518 0
-0.094447047 2.343097 -0.11858243 0
-0.010394484 2.3056941 -0.11844747 0
0.51489115 2.491065 -0.11892465 0
0.55377638 2.4607313 -0.11882119 0
-0.18164012 2.3794136 -0.1187146 0
0.39296597 2.582288 -0.1192369 0
0.45482612 2.5366411 -0.11908051 0
0.32877076 2.6280169 -0.11939408 0
0.21684963 2.7043703 -0.11965744 0
0.098853052 2.7808502 -0.11992242 0
-0.00071781874 2.8420956 -0.12013567 0
-0.15901864 2.9339681 -0.12045737 0
-0.078327388 2.8880391 -0.12029624 0
0.61441129 3.1680217 -0.12103745 0
-0.27092931 2.9951489 -0.12067293 0
0.56478012 3.2156432 -0.12119763 0
-0.35824937 3.0409641 -0.12083505 0
0.48753011 3.2882133 -0.12144199 0
0.37958056 3.3869793 -0.12177517 0
0.29468215 3.4626427 -0.12203088 0
0.20556307 3.5400021 -0.12229275 0
0.11285514 3.6187973 -0.12255992 0
-0.017787278 3.7266533 -0.12292634 0
0.048529983 3.6723304 -0.12274167 0
-4.9539804 2.4672537 0.4160409 0
-4.8220572 2.5130479 0.40717 0
-2.605619 3.044992 0.11220822 0
-2.5285232 3.0657642 0.1073621 0
-2.452786 3.0861702 0.10249399 0
-2.3783274 3.1062312 0.097601496 0
-2.2690077 3.135684 0.090208136 0
-2.1618786 3.1645463 0.082754239 0
-2.1205192 3.2226248 0.075107113 0
-0.086183786 3.7817967 -0.123114 0
-4.7114134 2.6199136 0.39599931 0
-0.15675205 3.8377931 -0.12330482 0
-4.6515708 2.7521689 0.38583294 0
-2.1747973 3.4175129 0.05795528 0
-0.3048017 3.9524858 -0.12369635 0
-0.22959012 3.8946779 -0.12349886 0
-4.6464906 2.8607955 0.37958139 0
-0.38249701 4.0112553 -0.12389733 0
-0.46279326 4.0710263 -0.12410201 0
-4.6921034 3.0019436 0.37402579 0
-0.54581499 4.1318417 -0.12431051 0
-0.63169396 4.1937447 -0.12452303 0
-0.0013850927 5.3544044 -0.12805194 0
-0.10036898 5.473547 -0.1284475 0
-0.20400548 5.5971532 -0.12885809 0
-0.31263036 5.7255421 -0.12928471 0
-0.42661232 5.859067 -0.12972865 0
-0.54635745 5.9981141 -0.13019115 0
-0.67231357 6.1431112 -0.13067366 0
-0.80497682 6.2945299 -0.13117778 0
-0.94489676 6.4528937 -0.13170522 0
-1.0926849 6.618783 -0.132258 0
-1.2490234 6.7928457 -0.13283829 0
-3.3840635 6.2476749 0.076370046 0
-3.2603865 6.2809863 0.065096289 0
-3.1377735 6.3140106 0.053805575 0
-1.4146757 6.9758067 -0.13344851 0
2.7106276 -4.4676075 -0.096551441 0
2.7330832 -4.3260593 -0.09699288 0
2.7540834 -4.1895876 -0.097418629 0
2.7737174 -4.0578766 -0.097829662 0
2.792068 -3.9306386 -0.09822683 0
2.8092108 -3.8076081 -0.098611012 0
2.8252158 -3.6885386 -0.098982923 0
2.8401468 -3.573204 -0.099343307 0
2.854063 -3.4613929 -0.099692777 0
2.8670201 -3.352911 -0.10003197 0
2.8790679 -3.2475758 -0.10036142 0
2.890254 -3.1452198 -0.10068165 0
2.9006219 -3.0456853 -0.10099317 0
2.910212 -2.9488258 -0.10129644 0
2.5161104 -2.423202 -0.044049539 0
2.137876 -2.3500094 -0.10334042 0
2.1633124 -2.2547295 -0.10363548 0
2.187139 -2.1615355 -0.10392429 0
2.2019975 -2.1007347 -0.10411282 0
2.2228243 -2.0114243 -0.10439001 0
2.2422514 -1.9239228 -0.10466175 0
2.2600143 -1.8385671 -0.1049271 0
2.2816007 -1.7274534 -0.10527284 0
2.3008041 -1.6193851 -0.10560943 0
2.3177648 -1.5141637 -0.10593753 0
2.3291531 -1.4369247 -0.10617859 0
2.3392735 -1.3612683 -0.10641491 0
1.8652251 -1.3792528 -0.10645472 0
2.3511546 -1.2623838 -0.10672407 0
1.887199 -1.2974404 -0.10670803 0
2.358902 -1.1896416 -0.1069517 0
2.3634696 -1.1418684 -0.10710131 0
-0.19978917 -1.764428 0.14962226 0
-0.11354184 -1.7411861 0.14536178 0
-0.030893385 -1.7189157 0.14083195 0
0.064653695 -1.6931711 0.1350683 0
0.16883519 -1.6652008 0.09737578 0
0.27257925 -1.637251 0.090092942 0
0.35925376 -1.6139021 0.08328414 0
0.45854926 -1.5871561 0.074645348 0
0.55671078 -1.5607182 0.065268487 0
0.6544084 -1.5344082 0.05501486 0
1.9116721 -1.1971823 -0.10701898 0
2.3694563 -1.0712385 -0.10732263 0
1.9371557 -1.0794733 -0.10738467 0
2.377358 -0.95595419 -0.10768428 0
1.9585181 -0.96451223 -0.10774255 0
2.3829408 -0.84332812 -0.10803802 0
1.9760015 -0.85211492 -0.10809316 0
2.3856354 -0.75520158 -0.10831515 0
1.9898194 -0.74210715 -0.10843696 0
2.3868916 -0.6473152 -0.10865484 0
1.6954126 -0.72995615 -0.10853517 0
1.9987478 -0.65209234 -0.10871879 0
2.0029836 -0.59878981 -0.10888588 0
2.386116 -0.54153579 -0.10898832 0
1.7141856 -0.62303442 -0.10886826 0
2.0071874 -0.52861208 -0.10910614 0
2.3831072 -0.43796843 -0.10931525 0
1.7283065 -0.51793993 -0.10919654 0
2.0110459 -0.42482162 -0.1094324 0
2.3782122 -0.33617622 -0.109637 0
1.7372864 -0.42908382 -0.10947469 0
1.7414838 -0.37054411 -0.10965829 0
2.0118592 -0.32281375 -0.10975367 0
2.3712251 -0.23624063 -0.10995332 0
1.744833 -0.29810175 -0.10988587 0
2.0097332 -0.22245562 -0.11007032 0
2.3624544 -0.13778746 -0.11026531 0
1.5442818 -0.22887561 -0.1101448 0
1.7462018 -0.19794568 -0.11020117 0
2.0047569 -0.12362131 -0.11038274 0
2.3516893 -0.040875554 -0.11057286 0
1.5463313 -0.14200884 -0.1104181 0
1.7432616 -0.085157037 -0.11055716 0
1.997004 -0.026190549 -0.11069132 0
2.3418987 0.035808325 -0.11081648 0
2.3336821 0.092737079 -0.11099754 0
1.5444412 -0.04388392 -0.11072768 0
1.7368538 0.012148827 -0.11086507 0
1.9865327 0.069951147 -0.11099639 0
2.321763 0.16804725 -0.11123728 0
1.5380458 0.053004742 -0.11103427 0
1.7267013 0.10815519 -0.11116965 0
1.9733877 0.16491309 -0.11129829 0
2.305186 0.2612344 -0.11153427 0
1.5254812 0.16052592 -0.11137561 0
1.710894 0.21648462 -0.11151421 0
1.9546278 0.27431929 -0.11164682 0
2.2829976 0.37190574 -0.11188751 0
1.5076363 0.26659602 -0.11171349 0
1.6934261 0.31012678 -0.11181281 0
1.9324673 0.38248265 -0.11199217 0
2.2625904 0.46329194 -0.1121796 0
1.487131 0.35961226 -0.11201072 0
1.6723462 0.4026961 -0.11210878 0
1.910561 0.47424346 -0.11228574 0
2.2402527 0.55396694 -0.11246985 0
1.4623618 0.45147368 -0.11230523 0
1.64413 0.50734133 -0.11244425 0
1.8860229 0.56524765 -0.11257749 0
2.2111032 0.66207349 -0.11281642 0
1.433326 0.54218978 -0.11259697 0
1.6158156 0.59796 -0.11273555 0
1.8588295 0.65558296 -0.11286767 0
2.1848285 0.75168687 -0.11310414 0
1.3954281 0.6428529 -0.11292185 0
1.5838397 0.68769026 -0.1130248 0
1.8236097 0.76022506 -0.11320455 0
2.1565275 0.84094465 -0.11339115 0
1.352236 0.74211586 -0.11324343 0
1.5430442 0.78928196 -0.11335319 0
1.7848256 0.86423194 -0.11354017 0
2.1200709 0.94776887 -0.11373517 0
1.3090563 0.82908618 -0.11352627 0
1.5035561 0.87737858 -0.11363883 0
1.7484491 0.95292997 -0.11382706 0
2.0875535 1.0366579 -0.11402189 0
1.2613605 0.91486037 -0.11380623 0
1.4601773 0.96471572 -0.11392286 0
1.7091683 1.0413036 -0.1141135 0
2.0384803 1.1610944 -0.11442393 0
2.0599968 1.1077516 -0.11425149 0
1.2159188 0.98892188 -0.11404883 0
1.4060173 1.0636936 -0.11424574 0
1.6668897 1.129425 -0.11439978 0
2.0083928 1.2323053 -0.11465444 0
1.3544834 1.1495854 -0.1145269 0
1.6215049 1.2173638 -0.11468611 0
1.9689789 1.3214927 -0.11494348 0
1.2821119 1.2590188 -0.11488643 0
1.3151696 1.2105243 -0.1147269 0
1.5728903 1.305187 -0.11497274 0
1.9270658 1.4110094 -0.1152341 0
1.2296791 1.3313158 -0.1151249 0
1.5209054 1.3929586 -0.11525986 0
1.8828659 1.500911 -0.11552636 0
1.1646388 1.4150658 -0.11540203 0
1.4653919 1.4807403 -0.11554776 0
1.8359241 1.5913663 -0.11582093 0
1.0946584 1.4980567 -0.11567777 0
1.3960199 1.5832399 -0.11588485 0
1.4264779 1.5392922 -0.11574017 0
1.7864592 1.6824071 -0.11611787 0
1.3430493 1.6565645 -0.11612668 0
1.7339517 1.7742379 -0.1164179 0
1.2758008 1.744714 -0.11641811 0
1.6786287 1.8668687 -0.11672103 0
1.2041826 1.8330864 -0.11671114 0
1.631996 1.9416949 -0.11696629 0
1.1279222 1.921725 -0.11700596 0
1.5705502 2.0362475 -0.11727673 0
1.0467179 2.0106673 -0.11730275 0
1.5057634 2.1319325 -0.11759141 0
0.97516 2.0850322 -0.11755162 0
1.4371158 2.2289801 -0.11791116 0
1.4650809 2.1899788 -0.1177826 0
0.91503561 2.1447077 -0.11775188 0
1.3938494 2.2879672 -0.11810584 0
1.3338672 2.3674748 -0.11836857 0
1.2384096 2.4888322 -0.11877039 0
1.2870843 2.4277883 -0.11856814 0
1.1708508 2.5712643 -0.11904387 0
1.0999219 2.6550298 -0.11932227 0
1.0254022 2.7402296 -0.11960588 0
0.9671368 2.8050854 -0.11982207 0
0.90635395 2.8709595 -0.12004203 0
1.6433687 3.1078997 -0.12063864 0
0.80004156 2.9827831 -0.12041603 0
0.84345162 2.9376941 -0.1202651 0
1.5869033 3.1990733 -0.12093742 0
0.73259342 3.0513666 -0.12064584 0
1.5478094 3.2611809 -0.12114105 0
0.66270548 3.120944 -0.12087928 0
1.4868505 3.3564758 -0.12145374 0
1.423445 3.454036 -0.12177405 0
1.3794508 3.5206802 -0.12199301 0
1.3106933 3.623234 -0.12233012 0
1.2390046 3.7285399 -0.12267652 0
1.1891401 3.8006968 -0.12291402 0
1.1376259 3.8744135 -0.12315679 0
1.084379 3.9497716 -0.12340507 0
1.0293109 4.0268583 -0.12365919 0
0.91332626 4.1865973 -0.1241861 0
0.97232717 4.1057673 -0.12391941 0
0.85219967 4.2694554 -0.12445964 0
-2.7341106 3.3133118 0.24532716 0
-2.6480899 3.388406 0.23480669 0
-2.5603428 3.4614601 0.22417895 0
0.78883046 4.3544555 -0.12474036 0
-2.4705057 3.5319085 0.21342534 0
-2.3790507 3.6002288 0.20257758 0
0.72309327 4.4417186 -0.1250287 0
-2.2856441 3.6658375 0.19162042 0
0.65485311 4.5313778 -0.1253251 0
0.58396447 4.6235723 -0.12563002 0
0.51027024 4.7184558 -0.12594399 0
0.43360078 4.8161917 -0.12626755 0
0.35377216 4.9169569 -0.12660131 0
0.2705853 5.0209436 -0.12694588 0
0.18382382 5.1283598 -0.12730201 0
0.09325242 5.2394314 -0.12767041 0
4.8655252 -8.6308632 -0.082994729 0
4.8215342 -8.2005463 -0.084359586 0
4.7803793 -7.8025117 -0.085622132 0
4.7417355 -7.4330692 -0.086794123 0
4.7053232 -7.0890698 -0.087885424 0
4.6709056 -6.7678113 -0.088904694 0
4.6382751 -6.4669585 -0.089859322 0
4.6072531 -6.1844845 -0.090755701 0
2.4518709 -6.3937912 0.13819633 0
2.5672824 -6.362711 0.12594526 0
2.6830659 -6.3315306 0.11361785 0
-1.6581752 -7.0273552 0.54571283 0
-1.7230551 -6.7852774 0.54869604 0
-2.2471781 -6.7789965 0.59649771 0
-2.1000693 -6.7393746 0.58261865 0
-1.9563673 -6.7006707 0.56902295 0
-1.8158709 -6.6628304 0.55569285 0
4.3586807 -4.0684195 -0.097473875 0
4.3381429 -3.9069564 -0.097986817 0
4.3181562 -3.751997 -0.098479152 0
4.2986798 -3.6030836 -0.098952323 0
3.0103097 -3.7801025 0.043953151 0
4.2796755 -3.4597981 -0.099407673 0
3.0171859 -3.6519156 0.041258633 0
4.2611084 -3.3217604 -0.099846408 0
3.0479908 -3.5595934 0.036518991 0
3.0919304 -3.4862835 0.030635715 0
3.1461763 -3.4267006 0.023831591 0
3.2103415 -3.378968 0.016118884 0
3.4914465 -3.3244679 -0.015343457 0
4.2429476 -3.1886227 -0.10026963 0
3.2857037 -3.3432176 0.0073612332 0
3.3759449 -3.3220406 -0.0027991831 0
4.225163 -3.0600662 -0.10067831 0
4.2077279 -2.9357979 -0.10107343 0
4.1906176 -2.8155491 -0.10145579 0
4.1738095 -2.6990709 -0.10182621 0
4.1572814 -2.5861347 -0.10218544 0
4.1410141 -2.4765284 -0.10253415 0
4.1249886 -2.370055 -0.10287291 0
4.1091881 -2.2665331 -0.10320231 0
4.0935955 -2.1657934 -0.10352288 0
4.0781965 -2.067678 -0.1038352 0
4.0629759 -1.9720397 -0.10413964 0
2.4559991 -2.2755842 -0.034741282 0
4.0479212 -1.8787417 -0.10443667 0
-5.1855726 -4.1853662 0.81171203 0
2.4434075 -2.1826789 -0.032303944 0
2.4514072 -2.0756817 -0.032616198 0
-5.2697563 -4.0984416 0.81707013 0
2.4743483 -1.9864283 -0.035173014 0
2.4967864 -1.9348917 -0.037964374 0
2.5237408 -1.8878865 -0.041446745 0
2.5728929 -1.8250276 -0.048002079 0
2.6312852 -1.7691529 -0.05595845 0
2.6773257 -1.7365561 -0.062329665 0
2.760891 -1.6959057 -0.074027508 0
2.8663228 -1.6668801 -0.088906303 0
2.9735842 -1.6343259 -0.10417628 0
2.9825599 -1.5083582 -0.10582054 0
2.9818377 -1.4125065 -0.1061227 0
2.9802551 -1.3191583 -0.10641716 0
2.9770486 -1.1977923 -0.10680023 0
2.9738531 -1.1089483 -0.10708083 0
2.9698977 -1.0221291 -0.10735521 0
-0.19033349 -1.761565 0.24737239 0
-0.10428238 -1.7383826 0.24108292 0
-0.021803677 -1.7161635 0.23479927 0
0.073569119 -1.6904716 0.2272325 0
0.18053418 -1.6616586 0.21831569 0
0.28410637 -1.6337608 0.2092566 0
0.37067217 -1.6104449 0.20132406 0
0.46988344 -1.5837244 0.19181502 0
0.56800205 -1.5572995 0.18199402 0
0.66570121 -1.5309891 0.17175651 0
2.9636483 -0.90887737 -0.10771333 0
2.9562678 -0.79842049 -0.10806288 0
2.9477949 -0.69053072 -0.10840456 0
2.9382634 -0.584997 -0.108739 0
2.9277015 -0.48162341 -0.10906689 0
2.9161313 -0.38022697 -0.10938874 0
2.9035718 -0.28063661 -0.10970509 0
2.8900366 -0.18269157 -0.11001647 0
2.8755357 -0.08624047 -0.11032334 0
2.8600748 0.008859992 -0.11062612 0
2.8436563 0.10274625 -0.1109253 0
2.8262787 0.1955485 -0.11122124 0
2.8079367 0.28739083 -0.11151434 0
2.7886219 0.37839347 -0.11180505 0
2.7630394 0.49111131 -0.11216542 0
2.7359908 0.60297751 -0.11252339 0
2.7131526 0.69193226 -0.11280836 0
2.6892593 0.78054595 -0.11309244 0
2.6642818 0.86892384 -0.11337598 0
2.5016117 0.97718197 -0.094612479 0
2.6381886 0.95717072 -0.11365935 0
2.3412879 1.0252342 -0.073641255 0
2.4192362 0.99032772 -0.083228886 0
2.2542813 1.0979303 -0.064816788 0
2.2838507 1.0669488 -0.067459047 0
2.2109063 1.1670651 -0.062314034 0
2.1784754 1.2661953 -0.063196763 0
2.1777601 1.3638701 -0.068713829 0
2.2032428 1.4579027 -0.077836752 0
2.2835655 1.5691175 -0.095757902 0
2.3649333 1.7170088 -0.11610916 0
2.3257236 1.8094133 -0.11640832 0
2.2847512 1.9028819 -0.11671118 0
2.2419131 1.9975529 -0.11701818 0
2.197098 2.0935729 -0.11732988 0
2.1501837 2.1910975 -0.11764671 0
2.1010346 2.290292 -0.11796926 0
2.0495024 2.3913338 -0.11829814 0
2.0092754 2.4683728 -0.11854906 0
1.9673738 2.5467808 -0.11880463 0
1.9091322 2.6533072 -0.11915215 0
1.863572 2.7347975 -0.11941819 0
1.8160093 2.8180196 -0.11969011 0
1.7497389 2.9314864 -0.12006111 0
1.6977689 3.0186007 -0.12034617 0
2.5507584 3.6737752 -0.122237 0
2.5168693 3.7619948 -0.12252189 0
-8.1681128 0.95875716 0.92219162 0
-7.9376831 1.0784868 0.90018582 0
2.4819469 3.8523207 -0.12281361 0
-7.8278751 1.207865 0.88739455 0
2.4459333 3.9448781 -0.12311257 0
2.4087682 4.0398006 -0.12341926 0
-7.7680078 1.3420463 0.87836814 0
2.3703842 4.1372337 -0.12373406 0
-7.7452207 1.4814954 0.87207222 0
2.3307109 4.2373304 -0.12405753 0
-7.759285 1.6282592 0.86842275 0
2.2896712 4.3402576 -0.12439017 0
-7.8226142 1.7871178 0.86824995 0
2.2471831 4.4461942 -0.1247326 0
2.2031567 4.5553331 -0.12508549 0
-8.007637 1.9778146 0.87666249 0
2.1574955 4.6678839 -0.12544943 0
2.1100943 4.7840719 -0.12582515 0
2.0608399 4.9041429 -0.12621354 0
2.0096078 5.0283637 -0.12661536 0
1.9562632 5.1570244 -0.12703162 0
1.9006585 5.2904406 -0.12746331 0
1.8426323 5.4289598 -0.1279116 0
1.7820079 5.5729623 -0.12837768 0
1.7185904 5.7228632 -0.1288629 0
1.6521658 5.8791223 -0.1293688 0
1.5824969 6.0422463 -0.12989697 0
1.5093224 6.2127938 -0.13044924 0
-6.5665045 4.153831 0.68283355 0
-6.3850765 4.2026968 0.6661219 0
-6.2094383 4.2500038 0.6499024 0
-6.0392132 4.2958522 0.6341424 0
-5.8740559 4.3403349 0.61881179 0
-5.7204113 4.3884869 0.60424495 0
1.4323512 6.3913894 -0.13102767 0
-7.3105607 4.0828743 0.74611741 0
-7.104763 4.1383042 0.72730058 0
-6.9062462 4.1917734 0.70910537 0
-5.7751927 4.5905485 0.600743 0
1.3512592 6.578723 -0.13163444 0
-5.8325076 4.8019366 0.59703863 0
1.2656857 6.775568 -0.13227211 0
-5.8823519 5.015121 0.5926019 0
-5.8117781 5.1344924 0.58190185 0
1.1752249 6.9827876 -0.13294342 0
-5.7626877 5.2737055 0.57214379 0
1.0794226 7.2013555 -0.13365163 0
-5.7417994 5.4410253 0.56355077 0
-5.7733278 5.6621418 0.55709386 0
-3.4847622 6.2213583 0.33711353 0
-3.3600452 6.2549467 0.32466388 0
-3.2364745 6.2882261 0.31229049 0
-3.1139598 6.3212214 0.29998484 0
0.97776532 7.432364 -0.13440022 0
0.86967206 7.6770535 -0.13519323 0
0.75448275 7.9368329 -0.13603522 0
0.63144386 8.2133083 -0.13693139 0
0.49969196 8.5083237 -0.13788778 0
0.35823178 8.8239975 -0.13891126 0
0.20590997 9.1627893 -0.14000976 0
0.041384935 9.5275593 -0.14119262 0
-0.13691735 9.9216595 -0.14247067 0
4.0330191 -1.7876557 -0.10472673 0
4.010942 -1.6551538 -0.1051487 0
3.9891129 -1.5265045 -0.10555854 0
3.9747078 -1.4431367 -0.10582413 0
3.9604013 -1.3614492 -0.10608445 0
3.9461837 -1.281354 -0.10633971 0
3.9250135 -1.1641893 -0.10671322 0
3.9039774 -1.0498104 -0.10707787 0
3.8900297 -0.97529459 -0.10731551 0
3.869199 -0.86592573 -0.10766435 0
3.8484416 -0.75880504 -0.10800615 0
-0.18093932 -1.7587208 0.34448761 0
-0.095083117 -1.7355973 0.33618236 0
-0.012772918 -1.7134292 0.3281562 0
0.082426488 -1.6877899 0.31879807 0
0.18922818 -1.6590263 0.30819184 0
0.29267269 -1.6311672 0.29781276 0
0.37915772 -1.6078756 0.28904513 0
0.47830647 -1.5811741 0.2788893 0
0.57639313 -1.5547589 0.26873827 0
0.67409348 -1.5284481 0.25851274 0
3.8277478 -0.65427649 -0.1083397 0
3.807085 -0.55165809 -0.10866722 0
3.7933195 -0.48443389 -0.10888186 0
3.7726657 -0.38523531 -0.10919863 0
3.751991 -0.28756148 -0.10951062 0
3.7312672 -0.19163197 -0.1098171 0
3.7035341 -0.065815747 -0.11021917 0
3.682636 0.027122438 -0.11051628 0
3.661613 0.11879539 -0.11080942 0
3.6404722 0.20955986 -0.11109971 0
3.6191621 0.29931289 -0.11138685 0
3.590487 0.41782045 -0.11176611 0
3.5687609 0.50594378 -0.11204821 0
3.5467889 0.59344018 -0.11232838 0
3.2861934 0.63621438 -0.083964497 0
3.1436632 0.69055849 -0.069491148 0
3.0799887 0.78424907 -0.065355048 0
3.0730531 0.89141226 -0.068197489 0
3.11537 0.98772544 -0.0763181 0
2.5100479 0.97973627 -0.0074013323 0
3.3849769 1.1983404 -0.11426729 0
3.4011257 1.1408389 -0.11408284 0
2.3492854 1.0276556 0.0090344101 0
2.4274297 0.99280852 0.0014734417 0
3.3686435 1.2559251 -0.11445206 0
2.2621167 1.1003027 0.016183838 0
2.2917302 1.0693345 0.013996676 0
2.2187204 1.1694312 0.018467546 0
2.1863608 1.2685828 0.018321902 0
2.1858199 1.3663104 0.014604181 0
2.2115519 1.4604185 0.008058548 0
2.2923148 1.5717666 -0.0053112954 0
3.0636356 2.2443399 -0.11762857 0
3.03162 2.3404748 -0.11793798 0
3.0097246 2.4055068 -0.11814734 0
2.9759977 2.5046029 -0.11846647 0
2.589519 2.5263546 -0.077010959 0
2.6894948 2.5405798 -0.088522643 0
2.9413373 2.6053655 -0.11879104 0
2.5178959 2.5823309 -0.071564794 0
2.9175725 2.6737351 -0.11901127 0
2.5030649 2.702455 -0.075039297 0
2.7631326 3.1062188 -0.12040545 0
2.7351573 3.1826043 -0.12065186 0
2.7064581 3.2604113 -0.12090282 0
2.6769996 3.3397202 -0.12115875 0
2.6311946 3.461905 -0.12155303 0
2.5836673 3.5875444 -0.12195861 0
6.527257 -3.1080313 -0.10786262 0
6.4558315 -2.9366107 -0.10841736 0
3.0263314 -3.7752512 0.20958193 0
3.0328774 -3.6471643 0.20347217 0
6.387692 -2.7719953 -0.10894984 0
3.0635014 -3.5548971 0.1968632 0
3.1073427 -3.481617 0.1899617 0
3.1615524 -3.4220448 0.1827846 0
3.2257383 -3.3743062 0.17528528 0
3.5073555 -3.3196511 0.14911659 0
6.322598 -2.6136656 -0.10946199 0
3.3011811 -3.3385315 0.16736016 0
3.3915772 -3.3173072 0.15880501 0
6.2603302 -2.4611502 -0.10995528 0
6.2006912 -2.3140194 -0.11043096 0
6.1434994 -2.1718836 -0.11089051 0
6.0885906 -2.0343845 -0.11133492 0
6.0358138 -1.9011939 -0.1117653 0
5.9850326 -1.7720118 -0.11218274 0
5.9361191 -1.6465608 -0.11258796 0
5.8889561 -1.5245851 -0.11298189 0
5.8434381 -1.4058484 -0.11336532 0
-5.1624789 -4.1783743 1.0504472 0
5.7994652 -1.2901312 -0.11373886 0
5.7569451 -1.177231 -0.1141032 0
-5.2466168 -4.0914354 1.0562791 0
5.715795 -1.0669571 -0.1144591 0
5.6759338 -0.95913327 -0.11480692 0
5.63729 -0.85359478 -0.11514732 0
5.5997958 -0.75018644 -0.11548081 0
5.5633864 -0.6487633 -0.1158078 0
5.5280037 -0.54918873 -0.11612874 0
5.4935923 -0.45133376 -0.11644408 0
5.4601002 -0.35507715 -0.1167542 0
-0.17156398 -1.755882 0.44140548 0
-0.085902572 -1.7328176 0.43108851 0
-0.0037605166 -1.7107004 0.42132345 0
0.091266036 -1.6851134 0.41017759 0
0.19790453 -1.6563994 0.39788535 0
0.30122161 -1.6285787 0.38618898 0
0.38762605 -1.6053116 0.3765879 0
0.48671234 -1.578629 0.36578667 0
0.58476716 -1.5522234 0.35530624 0
0.68246865 -1.5259123 0.34509268 0
5.4274788 -0.26030338 -0.11705947 0
5.3956833 -0.16690314 -0.11736029 0
5.3646688 -0.074772239 -0.11765683 0
5.3343978 0.016188145 -0.1179496 0
5.3048306 0.10607326 -0.11823887 0
5.2617993 0.23897517 -0.11866641 0
5.2200046 0.37016642 -0.11908826 0
5.192914 0.45662427 -0.1193662 0
5.1663666 0.54242861 -0.11964199 0
5.1403346 0.62765604 -0.11991581 0
5.1147923 0.71238077 -0.120188 0
5.0897141 0.79667532 -0.12045866 0
5.0650778 0.880611 -0.12072819 0
3.2055273 0.62243009 0.033692926 0
3.0941813 0.70773339 0.040347219 0
3.1361961 0.66311234 0.038148344 0
3.059057 0.77953064 0.041334122 0
3.0490556 0.88461983 0.039535344 0
3.076158 0.97514701 0.035178483 0
3.1435423 1.0537922 0.027913988 0
2.5184739 0.98228747 0.079703599 0
2.3526115 1.0351962 0.11949067 0
2.4356132 0.99528629 0.086072549 0
4.838357 1.7152719 -0.12340429 0
2.2738602 1.1038585 0.13758612 0
2.3035398 1.0729102 0.13608097 0
4.8172421 1.7997558 -0.12367481 0
2.2304323 1.1729772 0.13954148 0
2.1981797 1.2721612 0.14050059 0
2.1952777 1.3603908 0.12566589 0
2.2198505 1.4629312 0.093849137 0
2.3010533 1.5744123 0.085025072 0
4.4986238 3.268466 -0.12836742 0
4.4791512 3.3723304 -0.12869868 0
4.4596376 3.4783092 -0.12903658 0
4.440064 3.5865498 -0.12938163 0
4.420413 3.6972094 -0.12973431 0
4.4006648 3.8104563 -0.13009518 0
4.3807998 3.9264693 -0.13046473 0
4.3607984 4.0454416 -0.13084373 0
4.3406372 4.1675787 -0.13123271 0
4.3202929 4.2931037 -0.1316323 0
4.2997427 4.422255 -0.13204345 0
4.2789593 4.5552907 -0.13246691 0
4.2579136 4.6924906 -0.13290343 0
4.2365785 4.8341589 -0.13335419 0
4.21492 4.9806232 -0.13382012 0
4.1929045 5.1322441 -0.13430232 0
4.1704931 5.2894125 -0.13480213 0
4.1476474 5.4525576 -0.13532081 0
4.1243215 5.6221495 -0.13585991 0
4.1004686 5.7987065 -0.13642117 0
4.0760355 5.9827967 -0.13700613 0
-3.3360562 6.2622099 0.57265514 0
-3.2125916 6.2954574 0.55918348 0
-3.0901752 6.3284225 0.54586416 0
8.4808435 -7.5553865 -0.093451738 0
8.2832079 -7.11759 -0.094871461 0
8.1014576 -6.7135048 -0.096181691 0
7.9337082 -6.3391132 -0.09739548 0
7.778358 -5.9910059 -0.098523915 0
7.6340446 -5.6662726 -0.099576503 0
7.4995947 -5.3624125 -0.10056135 0
7.3739972 -5.0772672 -0.10148534 0
7.2563734 -4.80896 -0.10235474 0
7.145957 -4.5558553 -0.10317472 0
7.0420761 -4.3165178 -0.10394999 0
6.9441395 -4.0896835 -0.10468471 0
6.8516264 -3.8742363 -0.10538232 0
6.7640715 -3.6691856 -0.10604626 0
6.6810641 -3.4736464 -0.10667932 0
6.6022363 -3.2868309 -0.10728401 0
-0.16215825 -1.7530341 0.53863925 0
-0.073599219 -1.7290925 0.558276 0
0.0083172917 -1.7070435 0.54618055 0
0.1031121 -1.6815269 0.53263885 0
0.20953208 -1.6528788 0.51808721 0
0.3126784 -1.6251098 0.50462538 0
0.39897478 -1.6018754 0.49390745 0
0.49797738 -1.5752182 0.48224121 0
0.59598953 -1.5488255 0.47131932 0
0.69369251 -1.5225139 0.46112189 0
3.251585 0.63222694 0.13881174 0
3.1198397 0.71425653 0.14322475 0
3.166028 0.67021483 0.14193901 0
3.0829048 0.78602844 0.14368111 0
3.0701408 0.86357564 0.14303493 0
3.0789735 0.9206807 0.1417883 0
3.1090734 0.98543525 0.13949728 0
2.5311437 0.98612356 0.21068022 0
2.3779492 1.0298009 0.22928151 0
2.4479184 0.99901211 0.21328132 0
2.2856421 1.1074257 0.25938413 0
2.315388 1.0764976 0.25856322 0
2.2421825 1.1765349 0.26101005 0
2.210037 1.2757514 0.2630775 0
2.2086005 1.3819911 0.23681518 0
2.2323294 1.4667094 0.22284956 0
2.3098025 1.5770614 0.17547169 0
-8.0940151 1.4076228 1.1979921 0
-8.0711088 1.5534401 1.1915293 0
4.0509639 6.1750536 -0.13761705 0
4.0251899 6.3761749 -0.13825601 0
3.9986434 6.586937 -0.13892549 0
3.9712455 6.8082094 -0.13962829 0
-6.5399222 4.1618795 0.95763314 0
-6.3589292 4.2106142 0.93642801 0
-6.1837039 4.2577953 0.91593969 0
-6.0138707 4.3035254 0.89612257 0
-5.8490868 4.3478956 0.87693447 0
-5.6957688 4.3959479 0.85899007 0
3.9429085 7.0409603 -0.14036751 0
-5.7499981 4.598177 0.86119592 0
3.9135346 7.2862806 -0.14114639 0
-5.8067274 4.8097425 0.86354434 0
3.8830137 7.5453992 -0.14196911 0
-5.8852558 5.0470948 0.8678689 0
-5.8152814 5.1679273 0.8579632 0
3.8512211 7.8197041 -0.14283988 0
-5.7685771 5.3103662 0.85027599 0
-5.7538881 5.4847498 0.84558654 0
3.8180161 8.1107731 -0.14376375 0
-3.4606586 6.2286563 0.58628947 0
-5.8092613 5.7303715 0.84738535 0
3.7832394 8.4204073 -0.14474651 0
3.7467065 8.7506685 -0.14579454 0
3.7082067 9.1039333 -0.1469155 0
3.6674967 9.4829512 -0.14811808 0
3.6242929 9.8909245 -0.14941239 0
3.578263 10.331604 -0.15081036 0
3.5290172 10.809413 -0.15232587 0
3.0423727 -3.7703946 0.37541276 0
3.048588 -3.6424079 0.36588356 0
3.079031 -3.550195 0.35740295 0
3.1227736 -3.4769449 0.34948197 0
3.1769474 -3.4173837 0.34193152 0
3.2411537 -3.3696387 0.33464581 0
3.5232835 -3.3148284 0.31377721 0
3.3166771 -3.3338397 0.32755429 0
3.4072289 -3.3125684 0.32060635 0
-0.15265608 -1.7501571 0.63686937 0
-0.064267695 -1.7262671 0.65474254 0
0.01747787 -1.7042699 0.64087969 0
0.11209685 -1.6788064 0.62552083 0
0.21835107 -1.6502086 0.60925543 0
0.32136792 -1.6224788 0.59445459 0
0.40758234 -1.5992693 0.58288956 0
0.50940943 -1.5717568 0.60042191 0
0.60737818 -1.5453773 0.58905196 0
0.70508277 -1.5190651 0.57887071 0
3.2286243 0.7393592 0.24647912 0
3.1727769 0.80909294 0.24649841 0
3.1653581 0.8903777 0.24602091 0
3.2067447 0.95878619 0.24515858 0
2.5438964 0.98998481 0.34251311 0
2.3813734 1.0373712 0.34075129 0
2.4603043 1.0027622 0.34132177 0
2.2935545 1.1098214 0.34118003 0
2.3233447 1.0789068 0.3408187 0
2.2500734 1.1789241 0.34258485 0
2.2179999 1.2781624 0.34539664 0
2.2181573 1.3761014 0.34889826 0
2.2448895 1.4705124 0.35269332 0
2.3230014 1.5810578 0.3119173 0
-5.1393571 -4.1713734 1.2894735 0
-5.2234492 -4.0844212 1.2957798 0
-0.1430288 -1.7472423 0.73639464 0
-0.054762363 -1.7233891 0.75300628 0
0.026809156 -1.7014446 0.73734295 0
0.12124902 -1.6760354 0.72013307 0
0.22733444 -1.6474886 0.70212215 0
0.33021927 -1.6197989 0.68595737 0
0.41635019 -1.5966146 0.67352945 0
0.51815212 -1.5691097 0.6908015 0
0.61608779 -1.5427402 0.67908907 0
0.71379358 -1.5164278 0.66892034 0
2.3673863 1.0527364 0.4243665 0
2.3015351 1.1122377 0.42368042 0
2.3313701 1.0813366 0.42378259 0
2.2580323 1.181334 0.42486215 0
2.2260315 1.2805941 0.4284246 0
-6.0898495 5.0634375 1.1739534 0
-5.9941902 5.1668596 1.1611155 0
-5.9301815 5.2969236 1.1528785 0
-3.4365253 6.2359633 0.83576941 0
-3.3120379 6.2694826 0.82094896 0
-3.1886797 6.3026977 0.80637771 0
-3.0663614 6.3356328 0.79204345 0
10.111923 -1.060184 -0.11358577 0
9.9790955 -0.87235928 -0.11420459 0
9.8538809 -0.69037151 -0.11480355 0
9.7357426 -0.51366043 -0.1153844 0
9.624197 -0.34171367 -0.11594886 0
9.5188093 -0.17406297 -0.11649859 0
9.4191885 -0.010274649 -0.11703497 0
9.3249779 0.15005064 -0.11755931 0
9.2358589 0.30728579 -0.11807293 0
9.1515379 0.46177733 -0.11857682 0
9.0717554 0.61385167 -0.11907232 0
-0.13318068 -1.7442604 0.83820003 0
-0.045066714 -1.7204535 0.8532359 0
0.036327064 -1.6985629 0.83573616 0
0.1305843 -1.6732088 0.81663823 0
0.2364974 -1.6447142 0.79684675 0
0.3392477 -1.6170653 0.77929074 0
0.42529351 -1.5939068 0.76598263 0
0.52410215 -1.5673082 0.75231057 0
0.62201518 -1.5409455 0.74036491 0
0.71972185 -1.5146328 0.73020464 0
8.9962702 0.76381624 -0.11956012 0
8.9248657 0.91196191 -0.12004137 0
8.8573475 1.0585668 -0.12051719 0
8.7935371 1.2038962 -0.12098807 0
8.7332716 1.3482062 -0.12145519 0
8.6764069 1.4917439 -0.12191898 0
8.2999783 2.7876563 -0.12607878 0
8.271842 2.9363842 -0.12655324 0
8.2462797 3.0869503 -0.12703294 0
8.2042952 6.0146227 -0.13626629 0
-6.4155684 4.954474 1.2189553 0
-6.2214594 4.9871082 1.1919882 0
-5.9063044 5.4641566 1.1504567 0
-6.0030298 5.7463837 1.1652726 0
11.107884 -2.3492808 -0.1093213 0
10.913924 -2.1108751 -0.11011195 0
10.732467 -1.8831894 -0.11086619 0
10.562437 -1.6651669 -0.11158782 0
10.402884 -1.4558711 -0.11227977 0
10.252962 -1.2544613 -0.11294496 0
-5.1161504 -4.1643467 1.5293764 0
-5.2001963 -4.0773802 1.5361588 0
8.228548 6.2534685 -0.13701403 0
8.2568932 6.5029454 -0.13779426 0
8.2896013 6.764082 -0.13861042 0
8.3269787 7.0380278 -0.13946593 0
8.3693752 7.3260727 -0.140365 0
8.4171915 7.6296697 -0.14131194 0
-5.0928016 -4.1572771 1.7707493 0
-7.0050197 -7.9673262 -0.078570545 0
-7.2071571 -7.9101753 -0.078560412 0
-7.4087491 -7.8476868 -0.078572273 0
-7.6095734 -7.7797899 -0.078606904 0
-7.8093987 -7.7064195 -0.078664899 0
-8.0079861 -7.6275182 -0.078746438 0
-8.1692591 -7.5108299 -0.074056149 0
-8.3103962 -7.3747497 -0.067198753 0
-8.4379234 -7.2264786 -0.059180975 0
-8.5628557 -7.0759978 -0.051484823 0
-8.9217052 -6.6117573 -0.030348659 0
-9.0358829 -6.4529033 -0.023961306 0
-9.1472816 -6.2920756 -0.017906308 0
-9.2558689 -6.129324 -0.012185693 0
-9.3616104 -5.9646978 -0.00680089 0
-9.4644737 -5.7982473 -0.0017538071 0
-9.5644283 -5.6300249 0.0029542446 0
-9.6614408 -5.4600797 0.0073215961 0
-9.7554855 -5.2884655 0.011347055 0
-9.8465319 -5.1152344 0.015029311 0
-9.9345512 -4.9404387 0.018367171 0
-10.019517 -4.764133 0.021359921 0
-10.101403 -4.5863705 0.024006248 0
-10.180186 -4.4072061 0.026305676 0
-10.25584 -4.2266936 0.028257251 0
-10.328343 -4.0448895 0.029860616 0
-10.397672 -3.8618486 0.031114936 0
-8.2859116 -3.2499199 -0.096047878 0
-10.463806 -3.6776273 0.032020211 0
-8.3529167 -3.1069012 -0.096544266 0
-10.526724 -3.4922819 0.032575846 0
-8.415493 -2.9618475 -0.097054064 0
-10.586409 -3.3058691 0.032781959 0
-8.4735622 -2.8148994 -0.097576797 0
-8.5270538 -2.6662002 -0.098111987 0
-10.642839 -3.1184459 0.032638192 0
-8.5759058 -2.5158966 -0.098659456 0
-10.696 -2.9300694 0.032144904 0
-8.6200628 -2.36414 -0.099218309 0
-10.705327 -2.8956699 0.03201735 0
-8.6275949 -2.3363621 -0.099321306 0
-8.6661425 -2.1830845 -0.099892557 0
-10.754603 -2.7062418 0.031110883 0
-8.6999054 -2.0286903 -0.10047424 0
-10.800574 -2.5159867 0.029855132 0
-8.7288542 -1.8733366 -0.10106558 0
-10.843226 -2.3249624 0.028250456 0
-8.7529669 -1.7171819 -0.10166603 0
-10.882548 -2.1332283 0.026297688 0
-8.772234 -1.5603862 -0.10227466 0
-10.918526 -1.9408426 0.023996949 0
-8.7866488 -1.4031088 -0.10289097 0
-10.951151 -1.7478644 0.021349311 0
-10.980409 -1.5543522 0.01835525 0
-11.006295 -1.3603657 0.015016079 0
-11.028799 -1.165964 0.011332393 0
-11.047916 -0.97120726 0.0073058605 0
-11.06364 -0.77615404 0.0029371977 0
-11.075964 -0.58086467 -0.0017720461 0
-11.084886 -0.38539886 -0.0068204403 0
-11.090401 -0.18981647 -0.012206554 0
-11.092511 0.0058231354 -0.017928362 0
-11.091212 0.20145965 -0.023984671 0
-11.086507 0.39703321 -0.030373335 0
-11.078395 0.59248447 -0.037092328 0
-11.06688 0.78775263 -0.044139504 0
-11.051967 0.98277855 -0.051512957 0
-11.033656 1.1775024 -0.05921042 0
-10.75808 2.5153327 -0.11632907 0
-10.626548 2.6837392 -0.11716402 0
-10.491152 2.8479977 -0.1179865 0
-10.35213 3.0080364 -0.11879635 0
-10.209713 3.1637952 -0.1195932 0
-10.064129 3.3152235 -0.12037611 0
-5.9934311 -8.1760139 -0.078932941 0
-6.1952167 -8.1442404 -0.078820884 0
-6.3974562 -8.107583 -0.07872808 0
-6.5999651 -8.0659418 -0.078655064 0
-6.8025537 -8.0192204 -0.078602254 0
-6.8209047 -5.0713725 -0.090453625 0
-6.9410257 -4.972115 -0.090710521 0
-7.0585365 -4.869379 -0.090984583 0
-7.1732922 -4.7632179 -0.091275632 0
-7.2851467 -4.6536884 -0.091583788 0
-7.3939605 -4.5408568 -0.091909051 0
-7.4995923 -4.4247952 -0.092250824 0
-7.6019077 -4.305582 -0.092609406 0
-7.7007713 -4.1833014 -0.092984319 0
-7.7960548 -4.0580459 -0.093375385 0
-7.8876333 -3.9299126 -0.093782723 0
-7.9753866 -3.7990057 -0.094205379 0
-8.0591965 -3.6654348 -0.09464401 0
-8.138957 -3.5293155 -0.095097244 0
-8.2145605 -3.3907683 -0.095565557 0
-8.7962179 -1.2455096 -0.10351443 0
-8.8009539 -1.0877484 -0.10414404 0
-8.8008766 -0.92998302 -0.10477972 0
-8.7960167 -0.77237058 -0.10542005 0
-8.7864084 -0.61506641 -0.10606533 0
-8.7720976 -0.45822382 -0.10671395 0
-8.7531347 -0.30199277 -0.10736585 0
-8.7295799 -0.14652133 -0.10802007 0
-8.7014971 0.008046627 -0.10867596 0
-8.6689587 0.16157007 -0.10933316 0
-8.6320438 0.31391263 -0.10999042 0
-8.5908356 0.46494174 -0.11064774 0
-8.5454235 0.61452937 -0.11130428 0
-8.4959021 0.76255226 -0.11195934 0
-8.4423714 0.9088912 -0.11261249 0
-9.9156046 3.4622798 -0.12114507 0
-9.7643633 3.6049347 -0.12189955 0
-9.6106243 3.7431643 -0.12263906 0
-9.4545994 3.8769569 -0.12336344 0
-9.2965002 4.0063066 -0.12407249 0
-4.9971161 -8.2654505 -0.079757452 0
-5.392498 -8.2431126 -0.079377234 0
-5.1941862 -8.256444 -0.079559267 0
-5.5919099 -8.2253399 -0.079211652 0
-5.7922735 -8.2030106 -0.079063356 0
-5.508502 -5.8658099 -0.088814497 0
-5.6466508 -5.8027897 -0.088904023 0
-5.7836466 -5.7361169 -0.089009643 0
-5.9193487 -5.6657829 -0.089131594 0
-6.053616 -5.591785 -0.089269876 0
-6.1863022 -5.5141249 -0.089424908 0
-6.3172631 -5.4328098 -0.089596748 0
-6.4463515 -5.3478546 -0.089785516 0
-6.3739853 -2.6380775 -0.10078591 0
-6.4273882 -2.5273895 -0.10116816 0
-6.4777026 -2.4152086 -0.10156 0
-6.5248771 -2.3016262 -0.10196149 0
-6.5688639 -2.1867356 -0.10237199 0
-6.6096172 -2.0706327 -0.10279113 0
-6.6471004 -1.9534148 -0.10321862 0
-6.6812763 -1.8351815 -0.10365433 0
-6.6871414 -1.8135509 -0.10373443 0
-6.71737 -1.6942472 -0.10417897 0
-6.7442317 -1.5741498 -0.10463077 0
-6.7677078 -1.4533621 -0.10508937 0
-6.7877808 -1.3319881 -0.10555434 0
-6.8044424 -1.2101327 -0.10602522 0
-6.8176856 -1.0879009 -0.10650194 0
-6.8275099 -0.96539754 -0.10698372 0
-8.3849344 1.0534337 -0.11326295 0
-8.323699 1.1960719 -0.11391032 0
-8.2587776 1.3367023 -0.11455399 0
-8.1902828 1.4752282 -0.11519337 0
-8.1183338 1.6115576 -0.11582798 0
-8.0430489 1.745605 -0.11645734 0
-7.9645495 1.8772897 -0.11708117 0
-7.8829608 2.006537 -0.11769879 0
-7.7984066 2.1332779 -0.11830986 0
-7.7110128 2.2574496 -0.11891389 0
-4.0571699 -11.052717 -0.069648743 0
-3.8476014 -8.2353745 -0.081245422 0
-4.4146342 -8.2677126 -0.080440938 0
-4.2237706 -8.2606163 -0.080696523 0
-4.0347281 -8.2497959 -0.080964863 0
-4.8014193 -8.2702513 -0.079970777 0
-4.6072202 -8.2709656 -0.080198824 0
-4.3778057 -6.2411318 -0.088647366 0
-4.6629496 -6.1683455 -0.08860141 0
-4.5204425 -6.2064471 -0.088617384 0
-4.8052101 -6.1267824 -0.088599682 0
-4.9471035 -6.0817199 -0.088612497 0
-5.0885086 -6.0331211 -0.088639975 0
-5.369339 -5.9251924 -0.088740706 0
-5.2292967 -5.9809551 -0.088682771 0
-4.8670259 -4.3589101 -0.095646679 0
-4.9648981 -4.2896647 -0.095809281 0
-5.0612254 -4.2178259 -0.095984042 0
-5.1559124 -4.1434183 -0.096171081 0
-5.2488637 -4.0664697 -0.096370399 0
-5.3399863 -3.9870119 -0.096582115 0
-5.6843295 -3.6448574 -0.097550869 0
-5.764926 -3.5534644 -0.097823143 0
-5.8431516 -3.4598343 -0.098107219 0
-5.918921 -3.3640256 -0.098403096 0
-5.9921527 -3.2661014 -0.098710239 0
-6.0627666 -3.1661277 -0.099028945 0
-6.1306858 -3.0641742 -0.099358857 0
-6.1958365 -2.9603143 -0.099699736 0
-6.2581477 -2.8546243 -0.10005128 0
-6.3175521 -2.7471845 -0.1004135 0
-6.8339195 -0.84272784 -0.1074701 0
-6.8369231 -0.71999598 -0.10796082 0
-6.836534 -0.59730637 -0.10845542 0
-6.8327694 -0.47476161 -0.10895354 0
-6.8256531 -0.3524636 -0.10945451 0
-6.8152108 -0.23051322 -0.10995811 0
-6.8014741 -0.10900939 -0.11046398 0
-6.7844782 0.011950254 -0.11097133 0
-6.7642627 0.13227034 -0.11148 0
-6.7408705 0.25185764 -0.1119895 0
-6.7143478 0.37062001 -0.11249936 0
-6.6847467 0.4884702 -0.11300933 0
-6.6521187 0.60532022 -0.11351871 0
-6.6165228 0.72108734 -0.1140272 0
-6.5780172 0.83569086 -0.11453456 0
-6.5366659 0.94905281 -0.11504036 0
-6.4925332 1.0610982 -0.11554426 0
-6.4456873 1.171755 -0.11604565 0
-6.3961978 1.2809547 -0.11654431 0
-7.6209054 2.3789935 -0.11951053 0
-7.5282106 2.4978573 -0.12009954 0
-7.4330559 2.6139946 -0.12068045 0
-7.335566 2.7273641 -0.12125307 0
-7.2358685 2.8379288 -0.12181687 0
-7.1340866 2.945658 -0.12237185 0
-2.4028802 -10.391339 -0.074279845 0
-3.2985289 -8.1716957 -0.082154989 0
-3.1198478 -8.144062 -0.082478821 0
-2.9434416 -8.1134205 -0.082811892 0
-3.6624737 -8.2174702 -0.081537783 0
-3.4794259 -8.1962042 -0.081841111 0
-3.5252795 -6.38026 -0.089100778 0
-3.3846636 -6.3924685 -0.089218795 0
-3.8081477 -6.3466659 -0.088899612 0
-3.6664703 -6.3650136 -0.088994265 0
-3.9502192 -6.3251595 -0.088817358 0
-4.2351503 -6.2724452 -0.088690877 0
-4.0925865 -6.300437 -0.08874768 0
-3.8239903 -4.906117 -0.094683111 0
-3.7152708 -4.9462919 -0.094650388 0
-3.932173 -4.8633184 -0.094726741 0
-4.146584 -4.7698021 -0.094848394 0
-4.0397329 -4.817884 -0.094781816 0
-4.252635 -4.7190666 -0.094926715 0
-4.3577967 -4.6656723 -0.095016658 0
-4.461977 -4.6096191 -0.095118642 0
-4.6160536 -4.5202279 -0.09529537 0
-4.7677021 -4.4255433 -0.095496416 0
-5.0389013 -3.6327584 -0.017835319 0
-5.0685005 -3.5194786 -0.0077700019 0
-6.3441362 1.3886323 -0.11703992 0
-6.261086 1.5469503 -0.11777633 0
-6.1732664 1.7019267 -0.118505 0
-6.1116686 1.8029268 -0.118985 0
-6.0478811 1.9021279 -0.11946046 0
-5.9819832 1.9994838 -0.11993086 0
-5.9140539 2.0949531 -0.1203962 0
-5.8441763 2.1884964 -0.12085611 0
-5.7724285 2.2800784 -0.12131041 0
-6.6326098 5.4929042 -0.13322788 0
-7.3167467 7.7318964 -0.14143246 0
-8.0520782 7.64573 -0.14021099 0
-7.8035946 7.6787343 -0.14063936 0
-7.5584707 7.7074032 -0.14104629 0
-2.5575235 -6.4054265 -0.090150237 0
-2.4230888 -6.3981509 -0.090339452 0
-2.289799 -6.3883581 -0.09053728 0
-2.9670968 -6.4114771 -0.089638829 0
-2.8295903 -6.4121566 -0.089799643 0
-2.6930442 -6.4101176 -0.089970171 0
-3.2447081 -6.4016976 -0.089348137 0
-3.1054931 -6.4080124 -0.089488178 0
-2.6162105 -5.2083869 -0.09490186 0
-2.8359456 -5.1756425 -0.094772369 0
-2.7259688 -5.1931973 -0.09483251 0
-3.0562909 -5.1333017 -0.094680846 0
-2.9460764 -5.1556883 -0.094721884 0
-3.2766919 -5.0811081 -0.094629049 0
-3.1665204 -5.1084509 -0.09465 0
-3.4965591 -5.018836 -0.09461838 0
-3.3867307 -5.0512447 -0.09461844 0
-3.6060996 -4.9838586 -0.094629049 0
-5.2609296 -4.2366643 0.12977397 0
-5.345511 -4.14994 0.13227731 0
-5.0977931 -3.4075813 0.0016642213 0
-8.0571871 1.0282676 0.22666174 0
-7.920578 1.1555493 0.23237085 0
-7.8527832 1.5767243 0.21263605 0
-7.9437499 1.7405081 0.19317663 0
-5.7933078 4.012105 -0.12826169 0
-5.6749773 4.082149 -0.12868452 0
-5.5561023 4.1493621 -0.12909657 0
-5.4367723 4.2137685 -0.12949789 0
-5.3170748 4.2753949 -0.12988845 0
-5.197093 4.3342714 -0.13026819 0
-6.4654317 5.5518909 -0.13366431 0
-6.2988987 5.6072788 -0.13408551 0
-6.1331024 5.6591401 -0.13449141 0
-5.9681277 5.707552 -0.13488266 0
-5.8040566 5.7525902 -0.13525906 0
-5.640965 5.7943316 -0.13562116 0
-6.1599207 7.7969909 -0.14307034 0
-6.6122341 7.7818422 -0.14247131 0
-6.3843365 7.7911386 -0.1427798 0
-7.0784521 7.7523661 -0.1417982 0
-6.8436089 7.7689676 -0.14214438 0
-1.7760389 -7.8240576 -0.085365623 0
-1.8973187 -6.3445525 -0.091180563 0
-1.7691125 -6.325366 -0.09141019 0
-1.6422876 -6.3039985 -0.091647089 0
-1.5200214 -6.2917538 -0.093920082 0
-1.4036529 -6.2960839 -0.099594533 0
-2.1577072 -6.3761158 -0.090743721 0
-2.0268648 -6.3614907 -0.090958118 0
-1.7598687 -5.2669864 -0.099594563 0
-1.6606331 -5.2802248 -0.10355279 0
-1.555486 -5.2738585 -0.1037035 0
-1.4511358 -5.2655602 -0.103861 0
-2.0728483 -5.2501488 -0.09537971 0
-1.9656578 -5.2519379 -0.095500022 0
-1.8590832 -5.2516346 -0.095628023 0
-2.397603 -5.2318144 -0.095067441 0
-2.2888737 -5.2401276 -0.095163167 0
-2.180604 -5.2462254 -0.095267385 0
-2.5067348 -5.2212472 -0.094980121 0
-7.8532228 1.2891827 0.23081034 0
-5.0843992 2.1314836 -0.0004773736 0
-7.8306952 1.428766 0.22427541 0
-4.5636969 3.1893704 -0.092786252 0
-4.6162786 3.3437662 -0.12696937 0
-4.525918 3.4037189 -0.12731829 0
-4.4349017 3.4615345 -0.12765938 0
-4.3432956 3.5172224 -0.12799266 0
-4.251164 3.5707948 -0.12831807 0
-4.173285 3.6341319 -0.1325762 0
-4.0943203 3.6956568 -0.13681141 0
-4.0003581 3.7432752 -0.137115 0
-3.9061074 3.7888222 -0.13741049 0
-5.0769081 4.3904276 -0.13063735 0
-4.9565978 4.4438977 -0.13099566 0
-4.8362374 4.4947152 -0.13134369 0
-4.715898 4.5429163 -0.13168082 0
-4.5956497 4.5885377 -0.13200754 0
-4.4839396 4.6397161 -0.13442484 0
-4.385685 4.7021937 -0.14034683 0
-6.2858639 4.2004957 0.073152572 0
-4.2659721 4.7412415 -0.1408186 0
-4.1459208 4.7771754 -0.14110622 0
-5.9100094 4.7528343 0.016905516 0
-5.4789228 5.8328524 -0.13596901 0
-5.317996 5.8682303 -0.13630292 0
-5.1582451 5.9005418 -0.13662297 0
-4.9997263 5.929863 -0.13692966 0
-4.8500986 5.9650645 -0.13899937 0
-4.7194705 6.0192118 -0.14542666 0
-4.5639162 6.0401549 -0.14569604 0
-5.5075216 7.7952218 -0.14383888 0
-5.3137255 7.8119287 -0.14767656 0
-5.1254091 7.8305335 -0.15223959 0
-5.9389839 7.7995362 -0.14334315 0
-5.7215214 7.7989039 -0.14359921 0
-1.7133706 -7.0688524 0.030356973 0
-1.7748461 -6.8257079 0.071312964 0
-2.3015819 -6.8209395 0.092609406 0
-2.1530597 -6.7806659 0.093655765 0
-2.0080152 -6.7413368 0.094257891 0
-1.3476222 -5.2553725 -0.10402504 0
-1.2449813 -5.2433405 -0.10419556 0
-1.1432482 -5.2295084 -0.1043722 0
-4.8896551 2.1581576 0.024575144 0
-4.7663012 2.2090197 0.035560876 0
-4.672946 2.2698236 0.040427953 0
-4.5986323 2.3372817 0.041217387 0
-4.5148253 2.4495459 0.036057472 0
-4.4545584 2.573024 0.025113344 0
-4.4297991 2.6640499 0.01380688 0
-4.418272 2.7636364 -0.001059711 0
-4.4239407 2.8751748 -0.0205715 0
-4.4570637 3.0064108 -0.04736504 0
-3.8116245 3.8323169 -0.13769796 0
-3.7169633 3.8737793 -0.13797751 0
-3.6221762 3.9132297 -0.1382491 0
-6.1137085 4.2471905 0.07767275 0
-5.9467173 4.2924824 0.081618994 0
-5.791481 4.3413534 0.083909541 0
-5.8493862 4.5424585 0.051385224 0
-3.6616836 6.1114955 -0.14705625 0
-3.5167572 6.114995 -0.14724265 0
-4.2571211 6.0739918 -0.1461972 0
-4.1059484 6.0870323 -0.14642951 0
-3.9563012 6.0975833 -0.14664988 0
-3.8082051 6.1057143 -0.14685881 0
-4.4097877 6.0583906 -0.14595276 0
-4.7186699 7.8035398 -0.15261453 0
-4.9203372 7.8183374 -0.15243435 0
-1.8662429 -6.7028971 0.094431013 0
-5.236454 -4.2291036 0.37925819 0
-5.3209867 -4.1423645 0.38225669 0
-8.051239 0.89453769 0.52772975 0
-7.8840022 1.0202442 0.5315057 0
-5.006464 2.2202792 0.20385776 0
-7.7709556 1.7197679 0.49885094 0
-7.8915997 1.892158 0.48106781 0
-4.5672064 3.0942371 0.12959343 0
-2.0340073 4.2999969 -0.14169559 0
-1.943988 4.3075986 -0.14183325 0
-2.584456 4.2212076 -0.14072362 0
-2.4916179 4.2384319 -0.14090347 0
-2.3991809 4.2539811 -0.14107597 0
-2.3071737 4.2678838 -0.1412414 0
-2.215625 4.2801685 -0.1413998 0
-2.1245613 4.290863 -0.14155114 0
-2.3081772 5.0558949 -0.14441413 0
-2.2002637 5.0570054 -0.14454702 0
-2.7491026 5.0339737 -0.14380153 0
-2.6375232 5.0421596 -0.14396711 0
-2.5268276 5.0485134 -0.14412445 0
-2.4170384 5.0530787 -0.14427331 0
-3.0888858 4.9980016 -0.14325249 0
-2.9748116 5.0119376 -0.14344436 0
-2.8615413 5.0239139 -0.14362729 0
-7.3716221 4.03655 0.32389557 0
-7.1638012 4.0929079 0.32643086 0
-6.9633665 4.1472607 0.32848006 0
-2.6815434 6.0917139 -0.14814222 0
-2.548157 6.0810337 -0.14825782 0
-2.4164462 6.0685673 -0.14836413 0
-2.95333 6.1074882 -0.14788249 0
-2.8166027 6.1005516 -0.14801723 0
-3.3734446 6.1162786 -0.14741834 0
-3.231761 6.1154132 -0.14758325 0
-3.0917192 6.1124616 -0.14773789 0
-5.9360018 5.5205784 0.19033301 0
-2.882019 7.5342331 -0.15371394 0
-3.2240558 7.6035781 -0.15358648 0
-3.0515172 7.5697513 -0.15365547 0
-3.3996768 7.6356392 -0.15350673 0
-3.5784221 7.6658545 -0.15341584 0
-3.7603314 7.6941419 -0.1533135 0
-7.7888832 1.1504242 0.53046322 0
-7.7343073 1.2841169 0.52650046 0
-7.7119164 1.4221181 0.52006352 0
-4.8569813 2.2624125 0.21547332 0
-4.7524796 2.3202887 0.21977638 0
-7.7214961 1.5661876 0.51106632 0
-4.6721501 2.3868618 0.21995555 0
-4.6088839 2.4601607 0.21704552 0
-4.5596323 2.5397413 0.21143566 0
-4.5233359 2.6259956 0.20318602 0
-4.5004601 2.7201095 0.19208139 0
-4.4934111 2.8244755 0.17753103 0
-4.5086141 2.9441833 0.15814205 0
-0.91252017 4.2896166 -0.14298737 0
-1.1612055 4.3117666 -0.14278086 0
-1.0775846 4.3056006 -0.14285557 0
-0.99468577 4.2982092 -0.14292434 0
-1.5026553 4.3236299 -0.14242257 0
-1.4162757 4.322638 -0.14252141 0
-1.2880504 4.3184953 -0.14265709 0
-1.8100834 4.31601 -0.14202628 0
-1.6773553 4.3214998 -0.14220628 0
-1.5896875 4.3232594 -0.1423177 0
-1.0799086 4.9677668 -0.14551978 0
-1.274188 4.9967046 -0.1454054 0
-1.1765121 4.982882 -0.14546581 0
-1.5735902 5.0300608 -0.1451837 0
-1.4727342 5.020328 -0.14526442 0
-1.3729309 5.0091972 -0.14533813 0
-1.8823822 5.050499 -0.14489882 0
-1.7784247 5.0451827 -0.14500107 0
-1.6754904 5.0383573 -0.14509584 0
-2.0933161 5.0564499 -0.14467189 0
-1.9873505 5.0542679 -0.14478904 0
-6.6193118 4.1110954 0.34556696 0
-6.4361973 4.160749 0.34669575 0
-6.2589569 4.2088075 0.34741941 0
-6.0872116 4.2553754 0.34775701 0
-5.9206109 4.3005466 0.34772637 0
-5.8230438 4.5505958 0.31989497 0
-1.4229664 5.9109149 -0.14891067 0
-5.8830552 4.7611604 0.29165524 0
-1.6613547 5.9592762 -0.14882189 0
-1.5413357 5.9357848 -0.14887005 0
-1.7830305 5.9813399 -0.14876613 0
-2.0313773 6.0209999 -0.1486306 0
-1.9063694 6.0019307 -0.14870238 0
-6.0147138 5.036335 0.25290769 0
-2.2864134 6.0543699 -0.1484616 0
-2.1580575 6.038496 -0.14855032 0
-5.9486127 5.1612501 0.23817164 0
-5.9142227 5.3144593 0.21858867 0
-1.7770015 7.2440462 -0.15385917 0
-1.926441 7.2895117 -0.15386446 0
-2.078613 7.3337398 -0.15386169 0
-2.3913336 7.4182515 -0.1538303 0
-2.2335625 7.3766727 -0.15385044 0
-2.5519705 7.4584146 -0.15380102 0
-2.7155175 7.4970975 -0.1537624 0
-2.3304501 9.3280754 -0.1615949 0
-2.5316546 9.4169674 -0.16171369 0
-2.7379198 9.5055208 -0.161825 0
2.4277241 -6.4198847 -0.05210061 0
2.5429366 -6.3886981 -0.065951623 0
2.6584916 -6.3574195 -0.080178671 0
2.7955885 -6.3796082 -0.10442379 0
2.8799791 -6.268115 -0.10497317 0
2.9619296 -6.157094 -0.10551783 0
-1.687619 -7.0608974 0.29284635 0
-1.7498548 -6.8179879 0.32605195 0
-2.2760468 -6.8130517 0.35288894 0
-2.1278276 -6.7728715 0.35084981 0
-1.9830712 -6.7336316 0.34851557 0
-1.841573 -6.6952763 0.34589478 0
2.1016345 -5.5147839 -0.10708186 0
2.1810691 -5.4322214 -0.10750887 0
2.2585604 -5.349484 -0.10793424 0
2.3341374 -5.2665973 -0.10835806 0
2.4078298 -5.1835856 -0.10877998 0
2.4796658 -5.1004734 -0.10920019 0
2.5837779 -4.975656 -0.1098267 0
1.8013935 -4.6667943 -0.11014035 0
1.8709471 -4.6029549 -0.11048025 0
1.9389899 -4.5386868 -0.11081995 0
2.0055358 -4.4740157 -0.11115959 0
2.0706 -4.4089675 -0.11149896 0
2.1341972 -4.3435669 -0.11183798 0
2.1963427 -4.2778354 -0.11217659 0
2.2570515 -4.2117982 -0.11251478 0
2.345279 -4.1121817 -0.11302095 0
1.6085865 -4.0095015 -0.11255846 0
1.6998663 -3.9319961 -0.11297911 0
1.7591076 -3.8796358 -0.11326054 0
1.845572 -3.8001316 -0.11368357 0
1.9296563 -3.7197185 -0.11410744 0
2.0107942 -3.6382506 -0.11453204 0
2.0895977 -3.5560002 -0.11495709 0
2.1405914 -3.5006781 -0.11524047 0
2.1904387 -3.4450138 -0.115524 0
-5.2123084 -4.2216449 0.62537825 0
-5.296793 -4.1348906 0.6288653 0
-5.1267157 2.3937829 0.37826473 0
-4.9402471 2.4202311 0.38986096 0
-4.8336768 2.4785619 0.39140716 0
-2.6207242 3.0186865 0.14714527 0
-2.5430193 3.0397613 0.14874689 0
-4.7585306 2.5497489 0.38877299 0
-4.6707015 2.7217386 0.3744055 0
-2.1908319 3.3916559 0.088560022 0
0.15635568 4.057055 -0.14332166 0
-4.6574035 2.8250625 0.3624121 0
0.013262093 4.1019039 -0.14333218 0
0.085216999 4.079917 -0.1433291 0
-4.6746521 2.9478381 0.34550464 0
-2.2547169 3.6052606 0.031622291 0
-0.20747471 4.1624098 -0.14331335 0
-0.096296847 4.1330843 -0.14332743 0
-0.43544596 4.2142773 -0.14325118 0
-0.32066292 4.1893368 -0.14328721 0
-4.7848134 3.1302934 0.31423348 0
-0.63095236 4.2503252 -0.14316386 0
-0.5130229 4.2295423 -0.14322034 0
-0.83109784 4.27985 -0.1430448 0
-0.75042868 4.2689338 -0.14309672 0
-0.047022581 4.7110624 -0.14571401 0
-0.25923938 4.7787986 -0.14573443 0
-0.17348701 4.7524705 -0.14573039 0
-0.43400073 4.8284554 -0.14572668 0
-0.34607661 4.8041353 -0.14573327 0
-0.61311203 4.873929 -0.14569683 0
-0.52301216 4.8517299 -0.14571458 0
-0.79657555 4.914989 -0.14564405 0
-0.70429993 4.8950253 -0.14567342 0
-0.93715954 4.9425888 -0.14558806 0
-0.27736199 5.5767493 -0.14892687 0
-0.43026549 5.6318827 -0.14896715 0
-0.63977802 5.7017455 -0.14899942 0
-0.53424644 5.6673265 -0.14898622 0
-5.7657161 4.3493123 0.346535 0
-0.74687356 5.7351041 -0.14900634 0
-0.96580684 5.7984982 -0.14900135 0
-0.85554576 5.7673674 -0.14900708 0
-1.1911423 5.8572087 -0.14896983 0
-1.0776687 5.8284583 -0.14898902 0
-1.3062382 5.8847079 -0.14894374 0
-0.67459869 6.841815 -0.15354984 0
-0.547791 6.7873945 -0.15348148 0
-0.80375063 6.8954105 -0.15361217 0
-3.5307918 6.1857386 0.097152822 0
-3.4056702 6.219635 0.089280985 0
-3.2817287 6.2532101 0.081138663 0
-3.1588759 6.2864885 0.072724305 0
-0.93528843 6.9481435 -0.15366817 0
-1.0692537 6.9999728 -0.15371758 0
-1.2056894 7.0508575 -0.15376028 0
-1.3446386 7.1007538 -0.15379608 0
-1.6302508 7.1973963 -0.15384564 0
-1.4861447 7.1496167 -0.15382461 0
-1.2213275 8.7897015 -0.16074541 0
-1.3951873 8.8798628 -0.1609017 0
-1.5732701 8.9698915 -0.16105261 0
-1.755703 9.0597591 -0.16119765 0
-1.9426184 9.1494331 -0.16133651 0
-2.1341536 9.238884 -0.16146898 0
3.4929934 -8.0617342 -0.098477945 0
3.5904272 -7.9000182 -0.099245131 0
3.6844935 -7.740202 -0.10000066 0
3.7752976 -7.5822477 -0.10074482 0
3.8629413 -7.4261179 -0.10147803 0
3.9475219 -7.2717752 -0.10220024 0
4.0291338 -7.1191826 -0.10291186 0
4.1078663 -6.9683037 -0.1036132 0
4.1838064 -6.8191037 -0.10430447 0
3.0414944 -6.046556 -0.10605768 0
3.1187258 -5.9365091 -0.10659277 0
3.1936753 -5.8269644 -0.10712305 0
3.2663925 -5.7179265 -0.10764869 0
3.3369265 -5.6094036 -0.10816976 0
3.4053249 -5.5014009 -0.10868609 0
3.4716334 -5.3939223 -0.1091979 0
3.5358977 -5.2869735 -0.10970505 0
3.5981615 -5.1805563 -0.1102077 0
3.6584673 -5.0746732 -0.11070588 0
2.6843195 -4.8507414 -0.11044939 0
2.7490129 -4.7674332 -0.11086193 0
2.8119903 -4.6841221 -0.11127223 0
2.90309 -4.559195 -0.11188385 0
2.9908905 -4.4343448 -0.11249115 0
3.0472677 -4.3511877 -0.11289304 0
3.1020598 -4.268105 -0.11329293 0
3.1552911 -4.1851091 -0.11369044 0
2.4307098 -4.0120564 -0.11352586 0
2.4858246 -3.9450011 -0.1138614 0
2.5395792 -3.8777392 -0.11419638 0
2.5919888 -3.8102891 -0.11453027 0
2.6679521 -3.7087803 -0.11502944 0
2.7413015 -3.6069787 -0.11552668 0
2.7884841 -3.5389409 -0.1158569 0
2.8343976 -3.4707947 -0.116186 0
2.8790565 -3.4025533 -0.11651388 0
2.9224763 -3.3342314 -0.11684065 0
2.9646707 -3.2658405 -0.11716641 0
2.2629385 -3.3608775 -0.11594912 0
3.0255477 -3.1631479 -0.11765242 0
2.3331895 -3.2761452 -0.11637384 0
2.3785386 -3.2192879 -0.11665682 0
3.0840459 -3.0603776 -0.11813584 0
2.4227853 -3.1621747 -0.1169395 0
2.4659388 -3.1048205 -0.11722185 0
3.1214821 -2.9918306 -0.11845645 0
2.508008 -3.0472405 -0.11750381 0
2.5490022 -2.9894497 -0.11778526 0
2.5889308 -2.9314623 -0.11806634 0
2.6467147 -2.8441212 -0.11848686 0
2.7024131 -2.7564538 -0.11890617 0
1.4072323 3.4441714 -0.14234066 0
-8.0926895 0.91053891 0.81834757 0
-7.9142318 1.0359155 0.81707275 0
1.3245802 3.4988937 -0.14246276 0
-7.8156619 1.1665347 0.81337231 0
1.2117063 3.5699992 -0.14261493 0
-7.759738 1.3009329 0.80819714 0
1.0956089 3.6387825 -0.1427539 0
0.97627074 3.705133 -0.14287926 0
-7.7372069 1.4398592 0.80172992 0
0.75968605 3.8151255 -0.14306471 0
0.85367548 3.7689345 -0.14299044 0
-7.7478504 1.5851429 0.7938835 0
0.63136208 3.874171 -0.14314996 0
0.6959343 3.8450024 -0.14310919 0
-2.4667053 3.0604572 0.14999352 0
-2.3917012 3.0807967 0.15089501 0
-2.2816234 3.1106455 0.15157908 0
-2.1737928 3.1398823 0.15161474 0
-2.132915 3.1978917 0.13988777 0
0.49975359 3.9303164 -0.14321955 0
0.56596875 3.9026148 -0.14318673 0
1.1888063 4.1362295 -0.14486828 0
-7.8004684 1.7405008 0.78426117 0
-4.7050381 2.6307693 0.38304847 0
0.36485755 3.9834211 -0.14327297 0
0.43271649 3.9572577 -0.14324832 0
1.1218716 4.1764789 -0.14495081 0
0.26142681 4.0210629 -0.14330168 0
1.0194719 4.2356248 -0.14506733 0
-7.9321842 1.9167328 0.77144492 0
-2.7143259 3.3556597 0.22470751 0
-2.6561306 3.4054172 0.21749033 0
0.84409577 4.3312135 -0.14524367 0
0.91505826 4.2935028 -0.14517631 0
-2.5671256 3.4779813 0.20655937 0
-2.4764533 3.5484352 0.19552881 0
0.69909692 4.404583 -0.14536691 0
0.77211088 4.3682461 -0.14530727 0
-2.4149246 3.5939744 0.18811242 0
-2.3210671 3.6600955 0.17690071 0
0.5499593 4.475091 -0.14547345 0
0.6250484 4.4402041 -0.14542229 0
0.43523127 4.5258999 -0.14554168 0
0.23909253 4.606874 -0.1456347 0
0.31839609 4.5751352 -0.14560106 0
0.077284575 4.6678038 -0.14568764 0
0.15872347 4.6377711 -0.14566344 0
0.95307267 4.9975066 -0.14805704 0
0.87061822 5.0448804 -0.14814979 0
0.70170414 5.1377268 -0.14832288 0
0.78683388 5.0916271 -0.14823842 0
0.61521399 5.1831579 -0.14840299 0
0.43809247 5.2719259 -0.14854988 0
0.52734864 5.2278981 -0.14847878 0
0.34743059 5.3152165 -0.14861652 0
0.20858848 5.3786178 -0.14870676 0
0.066859841 5.4404182 -0.14878704 0
-0.12749124 5.5197287 -0.14887545 0
-0.029575467 5.4805079 -0.14883396 0
-7.3420019 4.0457001 0.62581795 0
-7.1347189 4.1018915 0.62287474 0
-6.9347935 4.1560869 0.61972815 0
0.60012329 6.2050557 -0.15250105 0
0.49459124 6.265975 -0.15262091 0
0.38709962 6.3263669 -0.15273635 0
0.16609395 6.4454718 -0.15295324 0
0.27761257 6.3862081 -0.15284722 0
0.052507043 6.5041332 -0.15305445 0
-0.06318593 6.5621648 -0.15315051 0
-0.18102336 6.6195383 -0.15324149 0
-0.30104351 6.6762218 -0.15332714 0
-0.42328608 6.7321849 -0.15340719 0
-5.7758279 5.4125419 0.49287379 0
-5.8171072 5.6402745 0.46740839 0
0.17233431 7.9759345 -0.15912503 0
0.031428218 8.0663424 -0.15932158 0
-0.11273587 8.1567869 -0.15951443 0
-0.26025069 8.2472572 -0.15970343 0
-0.41121197 8.3377371 -0.15988837 0
-0.56571949 8.4282131 -0.16006893 0
-0.72387612 8.5186672 -0.1602452 0
-0.88578868 8.6090803 -0.16041684 0
-1.0515676 8.6994333 -0.16058366 0
5.5128002 -8.7143135 -0.098251373 0
5.586648 -8.4952402 -0.099221617 0
4.2570367 -6.6715474 -0.10498587 0
4.3276377 -6.5256 -0.10565764 0
4.3956861 -6.381227 -0.10632001 0
4.461256 -6.2383966 -0.10697332 0
4.5244184 -6.0970755 -0.10761759 0
-1.6621506 -7.05303 0.55244792 0
-2.250793 -6.8052506 0.61030513 0
-2.1028731 -6.7651629 0.60521448 0
3.716857 -4.9693274 -0.11119963 0
4.2037244 -3.9454024 -0.11590269 0
4.2434711 -3.8459346 -0.11635056 0
4.2817183 -3.7469876 -0.1167946 0
4.3184948 -3.6485591 -0.11723484 0
2.9941177 -3.8018832 -0.029870257 0
3.0025096 -3.6731646 -0.015380695 0
3.0341086 -3.5805168 -0.01077193 0
3.078444 -3.5069947 -0.011621073 0
3.1327829 -3.4472852 -0.016663477 0
3.1967645 -3.3995028 -0.025588855 0
3.4751177 -3.3454523 -0.084315911 0
3.6069756 -3.3622494 -0.11754185 0
3.6445684 -3.2808628 -0.11791441 0
3.2716508 -3.3637829 -0.038701817 0
3.3610497 -3.3427358 -0.057141185 0
3.6808677 -3.1996672 -0.1182846 0
3.7327743 -3.0782685 -0.11883533 0
3.7821867 -2.9572766 -0.11938134 0
3.8134959 -2.8768947 -0.11974232 0
3.858063 -2.7567515 -0.12027924 0
3.9002757 -2.6370461 -0.12081158 0
3.9268754 -2.5575399 -0.12116347 0
3.9523382 -2.4782605 -0.12151304 0
2.9104691 -2.6689184 -0.018881589 0
3.9766803 -2.3992095 -0.12186041 0
2.9798341 -2.5958545 -0.027900904 0
3.0474787 -2.5211809 -0.036800236 0
3.9999156 -2.3203893 -0.12220547 0
3.0914054 -2.4703503 -0.042650089 0
3.1554999 -2.3925798 -0.051294997 0
2.508472 -2.4424856 -0.010677978 0
3.2379026 -2.2864223 -0.062596247 0
3.3165493 -2.1774249 -0.073615149 0
2.5106597 -2.3152721 0.009624511 0
2.5908313 -2.2318079 -0.00077015162 0
3.3913434 -2.0657196 -0.084338084 0
3.5409038 -2.0009441 -0.12294631 0
2.6680386 -2.1455705 -0.010958076 0
2.7240396 -2.079216 -0.018462971 0
3.5720801 -1.8992457 -0.12339306 0
2.760335 -2.0341125 -0.023390606 0
2.8131864 -1.965198 -0.030664071 0
3.6008446 -1.7978034 -0.12383585 0
2.880949 -1.8712844 -0.040158063 0
3.1775384 -1.7485046 -0.12353098 0
3.6360378 -1.6629159 -0.12442102 0
2.9297028 -1.7993819 -0.047120094 0
2.9763451 -1.7260765 -0.053917453 0
3.1971335 -1.688942 -0.12379414 0
3.2158513 -1.6293983 -0.12405629 0
3.6600986 -1.5620418 -0.12485588 0
3.2336986 -1.5698794 -0.12431715 0
3.6749125 -1.4949558 -0.12514371 0
3.688817 -1.4279975 -0.12542991 0
3.2506826 -1.510391 -0.12457699 0
3.2668109 -1.4509401 -0.12483567 0
3.7078772 -1.3278229 -0.12585601 0
3.2893076 -1.361852 -0.12522122 0
3.3165123 -1.2432427 -0.12573129 0
3.3404119 -1.1248791 -0.1262365 0
3.3610561 -1.0068008 -0.12673655 0
3.3784924 -0.88904405 -0.12723158 0
3.3895888 -0.80094677 -0.1275997 0
3.3987281 -0.71308786 -0.12796444 0
3.4083331 -0.59628296 -0.12844634 0
3.4148753 -0.47991282 -0.12892279 0
3.4183898 -0.36400622 -0.12939382 0
3.4191525 -0.27738082 -0.12974362 0
3.4180591 -0.19107455 -0.13008992 0
2.7724657 2.0182796 -0.13822097 0
2.7108836 2.1165366 -0.13854352 0
2.6464543 2.2136643 -0.13885814 0
2.5791624 2.3096204 -0.13916457 0
2.5268936 2.3808298 -0.13938923 0
2.4728158 2.4512565 -0.13960852 0
2.398284 2.5440779 -0.13989374 0
2.3208213 2.6355569 -0.14017016 0
2.2404048 2.7256374 -0.1404373 0
2.157012 2.814261 -0.14069512 0
2.0486441 2.9229462 -0.14100397 0
2.0925941 2.8797841 -0.14088243 0
2.5354445 2.9963214 -0.1418784 0
2.0039363 2.9657078 -0.14112301 0
2.4225695 3.1239126 -0.14225817 0
2.4683931 3.0731483 -0.14210816 0
1.912236 3.0499945 -0.14135349 0
1.9584681 3.0080605 -0.14123963 0
2.3758969 3.1743279 -0.14240569 0
1.8413525 3.1120362 -0.14151913 0
2.3041761 3.249233 -0.14262216 0
1.7442675 3.1932778 -0.1417309 0
2.2056658 3.3478699 -0.14290227 0
1.618632 3.2922826 -0.14198026 0
1.6695113 3.2530608 -0.14188279 0
2.1295986 3.4208894 -0.14310592 0
1.5145142 3.3692498 -0.1421665 0
1.5669672 3.3310163 -0.14207487 0
2.0513201 3.4929113 -0.14330287 0
1.4612701 3.4069724 -0.14225505 0
1.9439633 3.5875556 -0.14355642 0
1.8611822 3.6574621 -0.14373952 0
1.7761095 3.7262461 -0.14391537 0
1.6595845 3.8163953 -0.1441399 0
2.2861028 4.000464 -0.14562634 0
1.5698447 3.8827901 -0.1443007 0
2.2262347 4.0567522 -0.1457819 0
1.4467049 3.9694486 -0.14450327 0
1.5087533 3.9263802 -0.14440359 0
2.103272 4.168241 -0.14608474 0
2.1652951 4.1126809 -0.14593467 0
1.3197104 4.0539665 -0.14469266 0
1.3836929 4.011982 -0.14459965 0
2.040154 4.2234221 -0.14623189 0
1.2547503 4.095387 -0.14478227 0
1.9432547 4.3054099 -0.1464469 0
1.8441024 4.3865871 -0.14665593 0
1.7764771 4.4401455 -0.14679125 0
1.6727147 4.5196066 -0.14698797 0
1.5665936 4.5981598 -0.14717814 0
1.4206949 4.7011509 -0.14741945 0
1.494251 4.6498995 -0.14730051 0
1.3459113 4.7518983 -0.14753497 0
1.1926033 4.8518176 -0.14775509 0
1.2698853 4.8021255 -0.14764681 0
1.1140503 4.9009566 -0.14785959 0
1.0342114 4.9495258 -0.14796025 0
1.8901408 5.307653 -0.15042059 0
1.8086809 5.3740244 -0.150591 0
1.6411419 5.5058689 -0.15092281 0
1.7256904 5.4401002 -0.15075842 0
1.5550091 5.5713172 -0.15108393 0
1.4672639 5.6364346 -0.15124191 0
1.3778782 5.7012062 -0.15139651 0
1.2868234 5.7656174 -0.15154767 0
1.1940691 5.8296542 -0.15169528 0
1.0033419 5.9565396 -0.15197957 0
1.0995855 5.8933005 -0.1518393 0
0.90530658 6.0193529 -0.15211594 0
0.80544698 6.0817237 -0.15224844 0
-6.5918245 4.1195865 0.6257506 0
-6.4091587 4.1691012 0.62229794 0
-6.2323461 4.2170281 0.61866909 0
-6.0610065 4.2634702 0.61487001 0
-5.8947916 4.3085222 0.61090636 0
-5.7402344 4.3571835 0.60627127 0
0.70373034 6.1436315 -0.15237685 0
-5.7969913 4.5586438 0.58545077 0
-5.8563972 4.7693954 0.56338239 0
-5.9108419 4.9839811 0.54061472 0
-5.8409357 5.1036649 0.52742946 0
1.42045 7.0760393 -0.15698464 0
-5.7934189 5.2435541 0.5118323 0
1.3076762 7.1655841 -0.15721126 0
1.1924132 7.2552409 -0.15743525 0
1.0745951 7.3450065 -0.15765668 0
-3.5058675 6.1934381 0.35121065 0
-3.3808641 6.2272978 0.34213105 0
0.95415461 7.4348755 -0.15787548 0
0.83102143 7.5248442 -0.15809134 0
0.70512295 7.6149063 -0.15830442 0
0.57638419 7.7050538 -0.15851438 0
0.44472742 7.7952809 -0.15872127 0
0.31007171 7.8855777 -0.15892488 0
0.53636599 10.13112 -0.16823849 0
0.36197019 10.282887 -0.16864231 0
5.6571913 -8.2804193 -0.10017067 0
5.7245636 -8.0696878 -0.10109958 0
5.7888904 -7.8628941 -0.10200901 0
5.8628125 -7.6771693 -0.10548821 0
5.9462342 -7.5102377 -0.11142051 0
6.0024791 -7.313097 -0.11228141 0
6.0560989 -7.1193643 -0.11312547 0
6.1071897 -6.9289165 -0.11395335 0
6.1558423 -6.7416363 -0.11476547 0
6.2021441 -6.5574112 -0.11556259 0
2.4782631 -6.491497 0.1795747 0
2.5914774 -6.4503331 0.16722026 0
2.7039518 -6.4071841 0.15487829 0
-1.7251384 -6.8103528 0.57798856 0
-1.9584016 -6.7260113 0.59997612 0
-1.8171744 -6.6877394 0.59459209 0
5.0420341 -4.7647567 -0.11474246 0
5.1000109 -4.6547503 -0.11948755 0
5.1490927 -4.5380206 -0.12244394 0
5.1865492 -4.4127803 -0.12299293 0
5.2223363 -4.2886581 -0.12353539 0
5.2564945 -4.1656289 -0.1240716 0
5.2890615 -4.0436683 -0.12460157 0
5.320075 -3.9227521 -0.12512544 0
5.3495684 -3.8028579 -0.1256434 0
5.3775773 -3.6839619 -0.12615561 0
5.4041333 -3.5660424 -0.12666211 0
5.4292684 -3.4490776 -0.12716314 0
4.353828 -3.5506454 -0.11767119 0
4.3877449 -3.4532409 -0.1181038 0
4.4202714 -3.3563437 -0.11853281 0
4.4514327 -3.2599483 -0.11895813 0
4.4812527 -3.1640496 -0.11937985 0
4.5097566 -3.0686443 -0.11979805 0
4.5378318 -2.9743409 -0.12045009 0
4.5743561 -2.8871117 -0.12374593 0
4.6095161 -2.7997451 -0.12697667 0
4.6398306 -2.710048 -0.12920095 0
4.6622252 -2.6164165 -0.12960477 0
4.6834211 -2.5232501 -0.13000524 0
4.7034378 -2.4305434 -0.13040245 0
4.7222939 -2.3382912 -0.1307964 0
4.7482996 -2.2008069 -0.13138106 0
4.0220594 -2.2418022 -0.12254839 0
4.772069 -2.0642028 -0.13195956 0
4.0431256 -2.1634498 -0.12288897 0
4.7864504 -1.9737111 -0.13234115 0
4.063128 -2.0853329 -0.12322743 0
4.7997532 -1.8836449 -0.13271976 0
4.0910368 -1.9686327 -0.12373069 0
4.8119922 -1.7939987 -0.13309532 0
4.1168842 -1.8524096 -0.12422952 0
4.8282561 -1.6603554 -0.13365296 0
-5.1884284 -4.2142682 0.86879075 0
4.1401997 -1.7367859 -0.12472296 0
4.8424597 -1.5275241 -0.13420489 0
4.1615257 -1.6216434 -0.12521209 0
4.8505764 -1.439501 -0.13456905 0
-5.2728653 -4.1274996 0.87276089 0
4.179853 -1.5474246 -0.12716542 0
4.1979284 -1.4735024 -0.12932238 0
4.8576946 -1.3518691 -0.13493049 0
4.2149067 -1.3995204 -0.13142607 0
4.2307906 -1.3254905 -0.13347653 0
4.2426786 -1.2504668 -0.13460755 0
4.2509065 -1.1747339 -0.13492237 0
3.7251608 -1.2279201 -0.12627898 0
4.2582088 -1.0992427 -0.13523509 0
3.7402534 -1.1283672 -0.12669791 0
4.264596 -1.0239923 -0.13554573 0
4.2700748 -0.94898283 -0.13585447 0
3.7536154 -1.0291034 -0.12711358 0
3.7613816 -0.96312451 -0.1273886 0
4.2746549 -0.87421328 -0.136161 0
3.7683001 -0.89729637 -0.12766199 0
4.2797446 -0.76253718 -0.13661684 0
3.776999 -0.79886156 -0.12806876 0
4.2830729 -0.65133697 -0.13706875 0
3.784035 -0.70073998 -0.12847233 0
4.2841287 -0.57751983 -0.13736734 0
3.7890148 -0.60301727 -0.12887187 0
4.283988 -0.46726501 -0.13781127 0
3.7929454 -0.47326398 -0.12939917 0
4.2821379 -0.35747945 -0.13825122 0
3.7938814 -0.3763634 -0.12979057 0
4.2797737 -0.2845999 -0.13854194 0
4.2765694 -0.21195245 -0.13883072 0
3.7928281 -0.27988482 -0.1301779 0
4.2725286 -0.13953614 -0.1391176 0
3.792541 -0.1839118 -0.13134755 0
4.2676568 -0.067349553 -0.13940257 0
3.7915409 -0.088288486 -0.13293323 0
4.2586975 0.040472806 -0.13982624 0
3.4141474 -0.076443434 -0.13054706 0
3.7887037 0.007160306 -0.13442519 0
3.7855921 0.070661128 -0.13535734 0
4.2480965 0.1478405 -0.14024609 0
3.407315 0.037633002 -0.13099834 0
3.7815688 0.13405198 -0.13624254 0
4.2354569 0.25464356 -0.14066118 0
3.3975868 0.15113062 -0.13144387 0
3.7737169 0.2288956 -0.13747641 0
4.2211971 0.36099803 -0.1410726 0
3.3884933 0.23587918 -0.13177446 0
3.7640545 0.32347417 -0.13861625 0
4.2049212 0.46679533 -0.14147934 0
3.3776135 0.3202402 -0.13210133 0
3.7521393 0.41768843 -0.13963856 0
4.1870403 0.57214975 -0.14188251 0
3.3653126 0.40428245 -0.13242519 0
3.3561671 0.46009332 -0.13263911 0
3.733263 0.54277027 -0.14084491 0
4.1740527 0.64209211 -0.1421487 0
3.3410387 0.54347503 -0.13295695 0
3.7167261 0.63612133 -0.14158088 0
4.1602678 0.71181524 -0.14241308 0
3.3245041 0.62651491 -0.13327177 0
3.0869806 0.68938166 -0.05065456 0
3.1371303 0.64606041 -0.065364867 0
3.0488861 0.76089376 -0.043421984 0
3.036361 0.83848929 -0.046706557 0
3.046787 0.89609301 -0.056729376 0
3.0847466 0.96348029 -0.078131914 0
3.2093153 1.0623759 -0.1348903 0
3.1917887 1.1159934 -0.13508545 0
3.5553968 1.2459171 -0.14384507 0
4.0004449 1.3295691 -0.14471126 0
3.173569 1.1694081 -0.13527891 0
3.5351603 1.305769 -0.14406216 0
3.9674542 1.4308094 -0.14507979 0
3.0902891 2.2186136 -0.13940582 0
3.0405328 2.30177 -0.13968159 0
2.9715972 2.4117672 -0.14004265 0
3.4673688 2.5445757 -0.14897116 0
2.9179358 2.4935908 -0.14030838 0
3.4117963 2.6398013 -0.14928858 0
2.5747468 2.5070772 -0.050055832 0
2.6729958 2.5209093 -0.078951955 0
2.8622985 2.5747199 -0.14056902 0
3.3735969 2.7029755 -0.14949758 0
2.5032406 2.5630164 -0.042655051 0
3.3145533 2.7972646 -0.14980708 0
2.4865859 2.6826065 -0.063044995 0
3.2537484 2.8910751 -0.15011266 0
3.1694078 3.01526 -0.15051252 0
3.2120271 2.9532909 -0.15031369 0
2.6008263 2.9188309 -0.14164408 0
3.1258841 3.0769777 -0.15070938 0
3.0814481 3.1384413 -0.15090413 0
2.9879327 3.2583957 -0.15046135 0
3.0360916 3.199646 -0.1510967 0
2.9368255 3.3142748 -0.14889225 0
2.8318539 3.4242413 -0.1455871 0
2.8847985 3.369561 -0.14726755 0
3.5156543 3.5978189 -0.15327072 0
2.7785428 3.4790492 -0.14411186 0
3.465245 3.6698539 -0.15350091 0
2.7019749 3.5676498 -0.14437765 0
3.4137759 3.7417216 -0.15372923 0
2.6234465 3.6556609 -0.14463875 0
3.3344195 3.8491859 -0.15406767 0
2.5424304 3.7429099 -0.14489385 0
3.2528744 3.9563107 -0.15440214 0
2.459394 3.8295298 -0.14514397 0
3.1970282 4.0274968 -0.1546225 0
2.4026711 3.8868442 -0.14530732 0
3.1400516 4.0985084 -0.15484075 0
2.3449111 3.9438252 -0.14546819 0
3.0819285 4.169342 -0.15505691 0
2.9924107 4.2752314 -0.15537694 0
2.9005179 4.3807497 -0.15569268 0
2.8376443 4.4508429 -0.15590028 0
2.7735391 4.5207419 -0.15610558 0
2.7081842 4.5904417 -0.15630858 0
2.5700846 4.7220502 -0.15484744 0
2.6415598 4.6599374 -0.15650921 0
2.4956021 4.7797112 -0.15215407 0
2.420012 4.8365641 -0.14939211 0
2.348145 4.9037719 -0.1493385 0
2.2011738 5.0394149 -0.14971004 0
2.2753522 4.9717135 -0.14952555 0
2.1255875 5.1068683 -0.14989182 0
2.048569 5.1740651 -0.15007085 0
1.9700949 5.2409968 -0.15024716 0
2.9495664 5.6965151 -0.16105059 0
2.8687901 5.7847648 -0.16130999 0
2.7863054 5.8731203 -0.16156781 0
2.7020736 5.9615846 -0.16182391 0
2.6160562 6.0501604 -0.16207841 0
2.5282114 6.1388507 -0.16233119 0
2.4384975 6.2276578 -0.16258217 0
2.3468707 6.3165827 -0.16283135 0
2.2532856 6.4056287 -0.16307874 0
2.1576953 6.4947963 -0.16332421 0
2.0563669 6.5707631 -0.16108182 0
1.9507537 6.6364474 -0.15698773 0
1.847882 6.719038 -0.15605503 0
1.7444553 6.8081079 -0.15629078 0
1.6387794 6.8972988 -0.15652435 0
1.5307972 6.9866099 -0.15675569 0
-3.2570324 6.2608385 0.33286887 0
-3.1342812 6.294086 0.32342103 0
2.0464525 8.769537 -0.17235403 0
1.9134326 8.9051437 -0.17274201 0
1.7768407 9.0421991 -0.17313164 0
1.6365445 9.1807566 -0.17352286 0
1.4924064 9.3208714 -0.17391582 0
1.3442812 9.4626017 -0.17431055 0
1.1879516 9.5645685 -0.16937461 0
1.0303326 9.6875343 -0.1670392 0
0.87035584 9.8335142 -0.16743693 0
0.70576262 9.9813528 -0.16783661 0
6.2461767 -6.3761325 -0.11634517 0
6.2880173 -6.1976995 -0.11711353 0
6.3277411 -6.0220118 -0.11786842 0
6.365418 -5.8489752 -0.1186102 0
6.4011145 -5.6784992 -0.11933932 0
6.4348946 -5.5104961 -0.12005615 0
6.4668183 -5.3448844 -0.12076113 0
6.4969425 -5.1815805 -0.12145463 0
6.5253234 -5.0205107 -0.12213719 0
6.552011 -4.861599 -0.12280896 0
6.5770559 -4.7047739 -0.12347046 0
6.6005049 -4.5499668 -0.12412184 0
6.6224017 -4.3971114 -0.12476352 0
6.6427913 -4.2461443 -0.12539586 0
5.4530115 -3.3330448 -0.12765872 0
5.4753928 -3.2179246 -0.12814906 0
3.0108695 -3.7967086 0.14088205 0
5.496439 -3.1036944 -0.1286341 0
3.0189159 -3.6680968 0.15185075 0
5.5161781 -2.9903343 -0.12911418 0
3.0503259 -3.5755072 0.15453231 0
5.5346336 -2.8778248 -0.12958932 0
3.0945582 -3.5020168 0.15263335 0
3.1488595 -3.4423189 0.1472065 0
3.2128625 -3.3945298 0.13850111 0
3.4917512 -3.3403141 0.085231468 0
5.5518322 -2.7661462 -0.1300596 0
3.2878332 -3.3587842 0.12624639 0
3.3773944 -3.337687 0.10946202 0
5.5677958 -2.6552792 -0.13052511 0
5.5825477 -2.5452054 -0.13098601 0
5.5961094 -2.4359052 -0.13144237 0
5.6085014 -2.3273611 -0.13189429 0
5.6197433 -2.2195556 -0.13234183 0
5.6298552 -2.1124704 -0.13278526 0
5.6388535 -2.0060887 -0.1332244 0
5.6467571 -1.9003941 -0.13365951 0
5.6535821 -1.7953689 -0.1340906 0
5.6593447 -1.6909978 -0.13451788 0
5.6640577 -1.5872647 -0.13494125 0
5.6677384 -1.4841533 -0.13536093 0
5.6703987 -1.3816487 -0.13577703 0
5.6720524 -1.2797354 -0.13618946 0
5.6727109 -1.1783988 -0.13659835 0
5.6723862 -1.0776244 -0.13700384 0
4.8638248 -1.2646227 -0.13528922 0
5.6710901 -0.97739697 -0.13740605 0
4.8710728 -1.1345096 -0.13582182 0
5.6688318 -0.87770307 -0.13780496 0
4.8763981 -1.0051392 -0.13634926 0
5.6656227 -0.77852857 -0.13820058 0
4.878684 -0.91937733 -0.13669744 0
5.6614699 -0.67986 -0.13859296 0
4.8800325 -0.83397317 -0.137043 0
5.656383 -0.5816834 -0.13898236 0
4.8802028 -0.70656657 -0.13755637 0
5.6503711 -0.48398566 -0.13936874 0
4.878541 -0.57984591 -0.13806483 0
4.876224 -0.49581373 -0.1384005 0
4.8730097 -0.41211104 -0.1387338 0
4.8689032 -0.32873237 -0.13906479 0
4.8609772 -0.20429885 -0.13955653 0
4.8512983 -0.080487013 -0.14004371 0
4.8436861 0.0016489029 -0.14036548 0
4.8352089 0.083486915 -0.14068502 0
4.8207755 0.205661 -0.14115992 0
4.8046341 0.32726455 -0.14163056 0
4.7927394 0.40796131 -0.1419414 0
4.7799983 0.48838514 -0.14225018 0
4.7591991 0.60848612 -0.1427092 0
4.7367172 0.7280646 -0.1431641 0
4.7206106 0.80744243 -0.14346465 0
4.7036653 0.88656998 -0.14376315 0
3.1900907 0.60315853 0.036314338 0
4.685883 0.96545166 -0.14405981 0
3.0825806 0.68934649 0.065239251 0
3.1232498 0.64440113 0.055378139 0
3.0481346 0.76133651 0.070422441 0
3.0371878 0.86621094 0.06428346 0
3.0618882 0.95608449 0.047266275 0
3.1258957 1.0337722 0.01831165 0
4.5497689 1.4724486 -0.14593998 0
4.5134425 1.5881466 -0.14636275 0
4.4880962 1.6649965 -0.14664218 0
2.2873578 1.5547302 0.10836498 0
3.9640727 2.8683662 -0.15086591 0
3.9236243 2.94206 -0.15111467 0
3.8610473 3.0522647 -0.15148407 0
4.6381693 3.2491975 -0.15320143 0
3.7965422 3.1621361 -0.15184993 0
4.5940075 3.3365517 -0.15350074 0
3.7522376 3.2351627 -0.15209141 0
4.5488048 3.4238515 -0.15379858 0
3.706943 3.3080239 -0.15233099 0
4.5025473 3.5111041 -0.15409511 0
3.6369967 3.416986 -0.15268666 0
4.4552202 3.5983176 -0.15439013 0
3.5650167 3.5256181 -0.15303865 0
4.4068098 3.6854982 -0.15468365 0
4.3572998 3.7726536 -0.15497571 0
4.306675 3.8597901 -0.15526652 0
4.2549176 3.9469151 -0.15555596 0
4.2020102 4.0340357 -0.15584394 0
4.1479349 4.1211576 -0.15613046 0
4.0926733 4.2082882 -0.15641573 0
4.0362058 4.295433 -0.15669963 0
-8.2134018 1.0841274 1.1059558 0
-8.0261116 1.2081348 1.0987046 0
3.9785104 4.3825998 -0.15698206 0
-7.948205 1.3432807 1.091996 0
3.9195683 4.4697933 -0.15726319 0
3.8593564 4.5570202 -0.15754291 0
-7.9252539 1.4860011 1.0853679 0
3.797853 4.6442862 -0.1578213 0
-7.9570875 1.6393009 1.0786847 0
3.7350338 4.7315979 -0.15809819 0
3.6708741 4.8189602 -0.15837377 0
-8.0996637 1.8180093 1.0719235 0
3.6053495 4.9063787 -0.15864795 0
3.5384336 4.9938593 -0.15892074 0
3.4700994 5.0814066 -0.15919209 0
3.4003191 5.1690259 -0.15946203 0
3.3290629 5.2567215 -0.15973055 0
3.2563019 5.3444996 -0.15999749 0
3.1820037 5.432364 -0.16026306 0
3.1061382 5.5203185 -0.16052714 0
3.0286703 5.608367 -0.16078961 0
-6.5645714 4.128005 0.90354168 0
-6.3823519 4.177382 0.89554656 0
-7.3126345 4.0547719 0.92516237 0
-7.1058841 4.1107988 0.91678721 0
-6.9064646 4.1648378 0.90848911 0
3.5942593 6.9973965 -0.16705695 0
3.5004032 7.1173882 -0.16742858 0
3.4042919 7.2382479 -0.16780108 0
3.3058553 7.3600082 -0.16817448 0
-5.9013252 5.0063992 0.8154906 0
3.2050226 7.4827042 -0.16854873 0
-5.8310361 5.126359 0.80304241 0
3.101717 7.6063719 -0.16892397 0
-5.7828894 5.2664375 0.78932464 0
2.9958606 7.7310467 -0.16930023 0
-5.7641525 5.4353232 0.77380347 0
2.8873715 7.8567672 -0.16967764 0
-5.8020911 5.661252 0.75485921 0
2.7761626 7.983573 -0.17005616 0
2.6621447 8.1115026 -0.17043588 0
2.5452228 8.2405996 -0.17081678 0
2.4252992 8.3709059 -0.17119896 0
2.302269 8.5024672 -0.17158252 0
2.1760247 8.6353283 -0.17196763 0
8.4323311 -8.0786505 -0.11208746 0
8.4523249 -7.817996 -0.11316112 0
8.4704981 -7.563519 -0.11420768 0
8.4869289 -7.3149252 -0.11522853 0
6.6617117 -4.0970039 -0.12601906 0
6.6792021 -3.9496307 -0.12663338 0
6.6952996 -3.803967 -0.12723923 0
6.7100391 -3.6599579 -0.12783676 0
6.7234535 -3.51755 -0.1284264 0
6.7355747 -3.3766913 -0.12900814 0
6.7464323 -3.2373326 -0.12958232 0
6.7560544 -3.0994246 -0.13014919 0
6.7644682 -2.9629202 -0.13070899 0
3.027437 -3.7915907 0.30975595 0
6.7717009 -2.827776 -0.13126197 0
6.7777753 -2.6939461 -0.13180819 0
6.7827153 -2.5613878 -0.132348 0
3.5082016 -3.3352325 0.25291365 0
6.7865419 -2.4300613 -0.13288155 0
6.7892771 -2.2999253 -0.1334089 0
6.7909403 -2.1709421 -0.13393044 0
6.7915497 -2.0430727 -0.13444617 0
6.7911234 -1.9162804 -0.13495636 0
6.7896771 -1.7905297 -0.13546112 0
6.7872276 -1.665786 -0.13596067 0
6.7837892 -1.5420151 -0.13645512 0
6.7793751 -1.4191843 -0.13694459 0
6.7739987 -1.2972614 -0.13742924 0
6.7676721 -1.1762147 -0.13790923 0
-5.164752 -4.2069545 1.1101248 0
6.760407 -1.0560139 -0.13838473 0
6.7522135 -0.93662918 -0.13885581 0
-5.2491422 -4.1201715 1.114574 0
6.7431016 -0.81803131 -0.13932276 0
6.7330799 -0.7001915 -0.13978541 0
6.7221565 -0.58308268 -0.14024416 0
5.6434402 -0.38675392 -0.13975218 0
5.6355982 -0.28997529 -0.14013261 0
5.6268511 -0.19363701 -0.14051023 0
5.6172047 -0.097726822 -0.14088503 0
5.6066647 -0.0022320747 -0.1412572 0
5.5952353 0.092858791 -0.14162654 0
5.582922 0.18755805 -0.14199337 0
5.5697284 0.2818774 -0.14235759 0
5.5556574 0.37582815 -0.14271921 0
5.5407119 0.4694218 -0.14307842 0
5.5248952 0.56266958 -0.14343524 0
5.4994302 0.70187694 -0.14396557 0
5.4722304 0.84044737 -0.14449137 0
5.4529409 0.93242061 -0.1448389 0
5.4327855 1.0241017 -0.14518422 0
5.4117622 1.1155012 -0.14552733 0
3.2538903 0.61631787 0.13155347 0
5.3898721 1.2066288 -0.14586836 0
3.1513028 0.67818707 0.15741503 0
5.3671126 1.2974951 -0.14620727 0
3.0846579 0.79816192 0.16775209 0
3.1009119 0.74813265 0.16697025 0
5.343482 1.3881097 -0.14654413 0
3.0831563 0.87972856 0.16134715 0
5.3189788 1.4784824 -0.14687899 0
3.1142094 0.97265434 0.14413261 0
5.2936001 1.5686228 -0.14721191 0
2.5127244 0.96510613 0.1759254 0
5.2673426 1.6585405 -0.14754283 0
2.350569 1.0123993 0.17878975 0
2.4273264 0.97721422 0.15662809 0
5.2402024 1.7482452 -0.14787188 0
2.2644868 1.085295 0.19799991 0
2.2938204 1.0542673 0.19253764 0
5.2121773 1.8377459 -0.14819902 0
2.2211516 1.1544125 0.20185347 0
5.1832604 1.9270518 -0.14852431 0
2.1881354 1.2533588 0.19638468 0
5.1534486 2.0161722 -0.14884782 0
2.1861882 1.3506916 0.17968905 0
5.106926 2.1495037 -0.14932951 0
2.2099681 1.4442699 0.15455766 0
5.0585842 2.2825084 -0.14980781 0
2.2967699 1.5576376 0.20430334 0
5.0251322 2.3709748 -0.15012428 0
4.9907527 2.4592996 -0.15043914 0
4.9554386 2.5474906 -0.15075243 0
4.9191809 2.6355567 -0.15106401 0
4.8819714 2.7235057 -0.15137398 0
4.843801 2.8113463 -0.15168247 0
4.8046598 2.8990862 -0.15198919 0
4.7645369 2.9867334 -0.15229455 0
4.7234221 3.074296 -0.15259838 0
4.6813035 3.1617813 -0.15290067 0
5.5131087 3.8761058 -0.15676692 0
5.4633799 3.9826932 -0.15713704 0
5.4125037 4.0894566 -0.15750664 0
5.3604593 4.196414 -0.15787548 0
5.3072248 4.303587 -0.15824386 0
5.2527771 4.410995 -0.15861171 0
5.1970916 4.5186591 -0.15897918 0
5.1401439 4.6265998 -0.15934622 0
5.0819063 4.7348375 -0.15971297 0
5.0223527 4.8433943 -0.16007933 0
4.9614539 4.9522905 -0.16044554 0
4.8991804 5.0615492 -0.16081154 0
4.8355007 5.1711917 -0.16117743 0
4.7703829 5.2812405 -0.16154325 0
4.703793 5.3917193 -0.16190898 0
4.6356959 5.5026503 -0.16227487 0
4.5660553 5.6140575 -0.16264075 0
4.4948316 5.7259655 -0.16300675 0
4.4219866 5.838398 -0.16337302 0
4.3474779 5.9513807 -0.16373944 0
4.2712626 6.0649395 -0.16410619 0
4.193296 6.1790991 -0.16447333 0
4.1135297 6.2938876 -0.16484085 0
4.0319157 6.4093318 -0.16520879 0
3.9484026 6.5254602 -0.16557711 0
3.8629375 6.6423011 -0.16594613 0
3.7754641 6.7598829 -0.1663157 0
3.685925 6.8782377 -0.166686 0
-6.2059622 4.2251782 0.88760257 0
-6.0350246 4.2714963 0.87970209 0
-5.8691926 4.3164301 0.87183893 0
-5.7149706 4.3649879 0.86378968 0
-5.7711616 4.5666227 0.84873903 0
-5.829967 4.7775598 0.8327893 0
-3.4811559 6.2010717 0.60309923 0
-3.3562703 6.2348948 0.59282196 0
-3.2325473 6.2684021 0.58244967 0
-3.1098964 6.3016186 0.57197708 0
3.6356695 10.577401 -0.18152559 0
3.4959147 10.783649 -0.18219006 0
3.3516846 10.994094 -0.18286619 0
3.2027619 11.208951 -0.18355444 0
8.5016899 -7.0719357 -0.11622483 0
8.5148516 -6.8342915 -0.11719757 0
8.5264759 -6.6017413 -0.11814803 0
8.536624 -6.3740549 -0.11907721 0
8.545352 -6.1510124 -0.11998594 0
8.5527115 -5.932405 -0.12087518 0
8.558753 -5.7180362 -0.12174588 0
8.5635214 -5.50772 -0.12259859 0
8.5670605 -5.3012795 -0.12343436 0
8.5694103 -5.0985475 -0.12425369 0
8.5706081 -4.899363 -0.1250574 0
8.5706902 -4.7035766 -0.12584597 0
8.5696907 -4.5110431 -0.12662029 0
8.5676394 -4.3216252 -0.12738079 0
8.5645666 -4.1351929 -0.12812805 0
8.5604992 -3.9516206 -0.12886262 0
8.5554628 -3.7707894 -0.12958497 0
8.5494814 -3.5925856 -0.13029563 0
3.0351417 -3.6630843 0.31724238 0
3.0663645 -3.5705523 0.31801802 0
3.1104953 -3.4970939 0.31508094 0
3.1647592 -3.4374075 0.30927378 0
3.2287836 -3.3896117 0.30078593 0
3.3038373 -3.3538404 0.28938013 0
3.3935595 -3.3326936 0.27423242 0
6.7103395 -0.46667683 -0.14069903 0
6.6976352 -0.35094738 -0.14115 0
6.6840496 -0.23586893 -0.14159727 0
6.6695895 -0.12141502 -0.14204109 0
6.6542587 -0.0075608492 -0.14248148 0
-0.16264015 -1.7732886 0.64927834 0
-0.075884521 -1.7497616 0.65045053 0
0.0071991086 -1.727234 0.65060341 0
6.6380615 0.10571802 -0.14291844 0
6.6210012 0.21844602 -0.14335221 0
6.6030807 0.33064687 -0.14378285 0
6.5843029 0.44234359 -0.14421034 0
6.5646696 0.55355966 -0.14463499 0
6.5441804 0.66431719 -0.14505672 0
6.5228376 0.77463865 -0.14547569 0
6.5006399 0.8845461 -0.14589202 0
6.4775877 0.99406099 -0.14630562 0
6.4536791 1.1032047 -0.14671677 0
6.4289117 1.2119982 -0.1471256 0
6.4032836 1.3204625 -0.14753193 0
6.376792 1.428618 -0.14793605 0
3.2537925 0.72929519 0.23944056 0
6.3494334 1.536485 -0.14833802 0
3.1913517 0.82647043 0.2487556 0
3.2104826 0.77530974 0.24744937 0
6.3212028 1.644084 -0.14873779 0
3.2089481 0.91646832 0.23762822 0
6.2920961 1.7514347 -0.14913556 0
6.2621078 1.858557 -0.14953142 0
2.5261924 0.96926641 0.31320542 0
6.2312322 1.9654706 -0.14992529 0
2.3591726 1.015057 0.26648533 0
2.4361408 0.97993702 0.24647336 0
6.1994619 2.0721948 -0.15031737 0
2.2729158 1.0878987 0.2839188 0
2.3022969 1.0568857 0.27893922 0
2.229558 1.1570092 0.28754002 0
6.1667905 2.1787493 -0.15070772 0
2.1966186 1.2559793 0.28285295 0
6.1332097 2.2851534 -0.15109628 0
2.1948586 1.3533698 0.26806596 0
6.0987115 2.3914258 -0.15148333 0
2.2233043 1.4483894 0.29049498 0
6.0632863 2.4975863 -0.15186885 0
2.3060315 1.5604985 0.29870713 0
6.0269256 2.6036534 -0.15225279 0
5.9896173 2.7096462 -0.15263534 0
5.9513526 2.8155842 -0.15301654 0
5.9121175 2.9214859 -0.15339637 0
5.871901 3.02737 -0.1537751 0
5.8306904 3.1332562 -0.15415257 0
5.7884707 3.2391629 -0.15452889 0
5.7452283 3.345109 -0.15490422 0
5.7009473 3.4511142 -0.1552785 0
5.655612 3.5571969 -0.15565187 0
5.6092062 3.6633768 -0.1560244 0
5.5617113 3.7696738 -0.15639609 0
5.5699525 7.3964586 -0.17101371 0
5.4850969 7.553278 -0.17154437 0
5.3980989 7.7118869 -0.1720798 0
5.3088803 7.8723726 -0.17262006 0
5.2173576 8.0348234 -0.1731655 0
5.1234455 8.1993361 -0.17371643 0
5.0270524 8.3660049 -0.17427307 0
4.9280815 8.534935 -0.17483598 0
4.8264322 8.7062349 -0.17540497 0
4.7219963 8.8800154 -0.17598075 0
4.6146612 9.0563946 -0.17656344 0
4.5043073 9.2354975 -0.17715374 0
4.3908076 9.4174557 -0.17775151 0
4.2740288 9.6024055 -0.1783576 0
4.1538286 9.7904921 -0.17897224 0
4.0300579 9.9818687 -0.17959586 0
3.9025552 10.176697 -0.18022895 0
3.7711527 10.375147 -0.18087205 0
8.5425758 -3.4168997 -0.13099492 0
8.53477 -3.243629 -0.13168359 0
8.5260811 -3.0726719 -0.13236189 0
8.5165281 -2.903934 -0.13303012 0
8.5061274 -2.7373228 -0.13368875 0
8.494894 -2.5727508 -0.13433832 0
8.4828444 -2.4101322 -0.13497901 0
8.4699907 -2.2493858 -0.13561112 0
8.4563446 -2.0904334 -0.13623512 0
8.4419174 -1.9331993 -0.13685131 0
8.4267216 -1.7776102 -0.13745993 0
8.4107637 -1.6235958 -0.13806129 0
8.3940525 -1.4710884 -0.1386556 0
8.3765974 -1.3200213 -0.13924336 0
8.3584051 -1.170332 -0.13982457 0
8.3394794 -1.0219579 -0.14039975 0
8.3198261 -0.87483954 -0.14096892 0
8.2994509 -0.72891855 -0.14153236 0
8.2783546 -0.58413899 -0.14209044 0
8.2565441 -0.44044578 -0.14264333 0
8.2340183 -0.2977854 -0.1431911 0
8.2107792 -0.15610576 -0.1437341 0
8.1868286 -0.015356779 -0.14427257 0
8.1621656 0.12451196 -0.14480662 0
8.1367893 0.26354802 -0.14533639 0
8.1106997 0.40179908 -0.14586222 0
-0.15591109 -1.77121 0.71786898 0
-0.069295049 -1.7477261 0.71761757 0
0.013667762 -1.7252358 0.71653974 0
0.10636032 -1.7002316 0.68197227 0
0.21383914 -1.6711025 0.67865539 0
0.31780225 -1.6429318 0.67393911 0
0.40460441 -1.6194159 0.66871965 0
0.50398195 -1.5924987 0.66125923 0
0.60216051 -1.5659117 0.65240616 0
0.69980448 -1.5394756 0.64196801 0
8.0838938 0.53931201 -0.14638424 0
8.0563688 0.67613137 -0.14690262 0
8.0281229 0.81230259 -0.14741749 0
7.9991503 0.9478687 -0.14792907 0
7.9694471 1.0828733 -0.14843744 0
7.9390092 1.2173591 -0.14894295 0
7.9078293 1.3513672 -0.14944559 0
7.8759012 1.4849396 -0.14994568 0
7.8432183 1.618117 -0.15044314 0
7.809772 1.7509396 -0.15093839 0
7.7755537 1.8834475 -0.15143138 0
7.7405558 2.0156806 -0.1519224 0
7.7047668 2.1476781 -0.15241152 0
2.6371374 1.0127831 0.37385613 0
7.6681752 2.2794795 -0.15289885 0
2.3676383 1.0176721 0.3527782 0
2.444814 0.98261625 0.33488148 0
2.6108487 1.0763052 0.37451008 0
7.6307721 2.411124 -0.15338457 0
2.2812102 1.0904609 0.36846334 0
2.3106377 1.0594623 0.36395869 0
2.5733588 1.1599426 0.37565345 0
7.5925436 2.54265 -0.15386885 0
2.2378297 1.1595645 0.37185591 0
2.5329831 1.2422209 0.377121 0
2.2049658 1.2585578 0.36793822 0
2.4897702 1.3230385 0.37891123 0
7.5534778 2.6740966 -0.15435189 0
2.2033901 1.3560052 0.35502931 0
2.4075673 1.4607134 0.38280353 0
2.443774 1.402297 0.3810218 0
7.5135603 2.8055027 -0.15483361 0
2.3696835 1.5180498 0.38478255 0
7.4727774 2.9369073 -0.15531445 0
2.3304813 1.5744872 0.38691813 0
7.4311128 3.0683491 -0.15579432 0
7.3885517 3.1998677 -0.15627348 0
7.3450766 3.3315017 -0.15675193 0
7.3006692 3.4632907 -0.15722996 0
7.255311 3.5952754 -0.15770757 0
6.7422318 3.6292946 -0.085042179 0
7.2089825 3.7274947 -0.15818501 0
6.6871047 3.7484622 -0.083769977 0
6.6513405 3.8796449 -0.086095214 0
6.6152153 4.0121064 -0.08856374 0
6.9620247 4.3935575 -0.16057408 0
6.9094019 4.5280576 -0.1610533 0
6.8556414 4.6630888 -0.16153312 0
6.8007135 4.7986956 -0.16201407 0
6.7445889 4.9349241 -0.16249597 0
6.6872344 5.0718203 -0.16297919 0
6.6286192 5.2094336 -0.16346377 0
6.568706 5.3478117 -0.16394997 0
6.5074611 5.4870057 -0.16443771 0
6.4448457 5.6270671 -0.16492736 0
6.3808193 5.7680483 -0.16541916 0
6.31534 5.9100046 -0.16591299 0
6.2483664 6.0529919 -0.16640925 0
6.1798506 6.1970682 -0.16690809 0
6.109745 6.3422909 -0.16740966 0
6.0379996 6.4887247 -0.16791409 0
5.9645619 6.6364317 -0.16842169 0
5.8893766 6.7854781 -0.16893262 0
5.8123856 6.9359312 -0.16944706 0
5.7335272 7.0878634 -0.16996527 0
5.6527386 7.2413473 -0.17048728 0
-6.3608246 4.8592601 1.1272154 0
-6.1978245 4.914711 1.1147146 0
-6.6236897 4.869359 1.1411164 0
-6.0756536 4.9976978 1.1026673 0
-5.9820833 5.101747 1.0907903 0
-5.914392 5.2271099 1.0789136 0
-5.8765187 5.3796306 1.0668895 0
-5.8879266 5.5797362 1.0545284 0
-3.4565947 6.2086587 0.85345328 0
-5.1412201 -4.1996851 1.3499887 0
-5.2255635 -4.1128879 1.3549139 0
-0.14602357 -1.7681556 0.81865436 0
-0.059612691 -1.7447351 0.81631094 0
0.023172677 -1.7222997 0.81342483 0
0.11885518 -1.6963718 0.8093338 0
0.22308072 -1.6682477 0.77285695 0
0.32690823 -1.6401188 0.76675713 0
0.41362447 -1.6166295 0.76066244 0
0.51293552 -1.5897329 0.75252408 0
0.61108011 -1.5631564 0.74332505 0
0.70872539 -1.5367198 0.73289955 0
-3.3318257 6.2424459 0.84198582 0
-3.2082112 6.2759199 0.83051002 0
-3.0856605 6.3091049 0.8190189 0
11.441344 -3.9267232 -0.13238871 0
11.39888 -3.6925542 -0.13328141 0
11.356634 -3.4626472 -0.13415712 0
11.314583 -3.2367806 -0.13501686 0
11.272702 -3.0147436 -0.1358614 0
11.230967 -2.7963374 -0.13669139 0
11.189354 -2.5813718 -0.13750768 0
11.147846 -2.3696659 -0.13831109 0
11.106418 -2.1610494 -0.13910222 0
11.065048 -1.9553576 -0.13988131 0
11.02372 -1.7524335 -0.14064956 0
-0.13629705 -1.765151 0.91779715 0
-0.050088108 -1.741793 0.91339582 0
0.032522798 -1.7194115 0.90873086 0
0.12802577 -1.6935389 0.90281105 0
0.23211548 -1.6654568 0.86494851 0
0.33581024 -1.637369 0.85749614 0
0.42244253 -1.6139055 0.85054564 0
0.52168852 -1.587029 0.84174472 0
0.61979997 -1.5604627 0.8322075 0
0.71744639 -1.5340259 0.82179415 0
8.6348581 7.0581226 -0.17329562 0
8.5680218 7.2541313 -0.17400557 0
8.4998226 7.4525485 -0.17472374 0
8.4301968 7.6535196 -0.17545038 0
8.3590794 7.8571982 -0.17618608 0
8.2864046 8.0637417 -0.17693156 0
8.2120991 8.2733173 -0.17768741 0
8.1360846 8.4860992 -0.17845398 0
8.0582829 8.7022734 -0.17923218 0
7.9786072 8.9220324 -0.18002266 0
7.8969684 9.1455803 -0.18082595 0
-1.0409634 -6.8873262 1.2672207 0
-1.2869313 -6.8584623 1.2900949 0
-1.1504742 -6.8080306 1.2765522 0
-5.117774 -4.1924429 1.5889761 0
-5.2020712 -4.1056309 1.5943758 0
-0.12670892 -1.7621891 1.0155315 0
-0.040698886 -1.7388926 1.0091013 0
0.04174 -1.7165642 1.0026829 0
0.13706619 -1.6907463 0.99496031 0
0.24397841 -1.6617923 0.98586869 0
0.34749895 -1.6337583 0.97664046 0
0.43402103 -1.6103289 0.96856642 0
0.53318167 -1.5834787 0.95889539 0
0.63124955 -1.5569259 0.94891399 0
0.72889751 -1.5304886 0.93851686 0
-6.3509398 5.4322414 1.3893932 0
0.31891173 -2.5159397 1.0801709 0
0.38617617 -2.5133736 1.0734941 0
0.47571337 -2.5073285 1.0645268 0
0.58721435 -2.4951911 1.05322 0
0.69811583 -2.4784925 1.041834 0
0.78621495 -2.4615061 1.0326762 0
0.87365937 -2.4414334 1.0234891 0
0.96034229 -2.4182992 1.014284 0
1.0248202 -2.3990498 1.007375 0
0.072217405 -2.5097139 1.1041842 0
0.16185176 -2.5146999 1.0955417 0
0.2515955 -2.5165348 1.0867929 0
-1.0168726 -6.8798847 1.5127795 0
-1.2627664 -6.8509979 1.5364096 0
-1.1265759 -6.8006482 1.5201498 0
-8.1055241 -7.6891241 -0.078410029 0
-8.2516117 -7.5550671 -0.070186019 0
-8.3830376 -7.4073596 -0.061745048 0
-8.511879 -7.2573738 -0.053620577 0
-8.6380949 -7.105155 -0.045814991 0
-9.0006027 -6.6355696 -0.024335861 0
-9.1159363 -6.4748907 -0.017829299 0
-9.2284584 -6.3122182 -0.011652708 0
-9.3381367 -6.1476021 -0.0058078766 0
-9.4449358 -5.9810929 -0.00029659271 0
-9.5488234 -5.8127413 0.0048792362 0
-9.6497679 -5.6425982 0.0097181797 0
-9.7477379 -5.4707165 0.014218807 0
-9.8427048 -5.2971482 0.018379688 0
-9.934638 -5.1219468 0.022199512 0
-10.02351 -4.9451661 0.025677204 0
-10.109294 -4.7668595 0.028811574 0
-10.191962 -4.5870824 0.031601667 0
-10.271491 -4.405889 0.034046888 0
-10.347855 -4.2233353 0.036146045 0
-10.421032 -4.0394773 0.037898898 0
-10.490998 -3.8543701 0.039304733 0
-10.557734 -3.6680722 0.040363073 0
-10.621217 -3.480639 0.04107368 0
-10.681429 -3.2921283 0.041436315 0
-10.738351 -3.1025982 0.041450977 0
-10.791965 -2.9121065 0.04111743 0
-10.801371 -2.8773208 0.041019201 0
-10.851056 -2.6857677 0.040274382 0
-10.897399 -2.4933798 0.039181828 0
-10.940386 -2.3002172 0.03774178 0
-10.980003 -2.1063385 0.035954952 0
-11.01624 -1.9118026 0.033821583 0
-11.049086 -1.7166698 0.031342626 0
-11.078527 -1.5209993 0.028518558 0
-11.104559 -1.3248509 0.025350332 0
-11.127171 -1.1282849 0.021838903 0
-11.146357 -0.93136156 0.017985463 0
-11.16211 -0.73414087 0.013791084 0
-11.174427 -0.53668308 0.0092571974 0
-11.183303 -0.33904886 0.0043849945 0
-11.188735 -0.14129853 -0.00082397461 0
-11.190723 0.056507111 -0.0063681602 0
-11.189265 0.25430799 -0.012245655 0
-11.184362 0.45204306 -0.01845479 0
-11.176016 0.64965224 -0.024993658 0
-11.164227 0.84707499 -0.03186059 0
-11.149003 1.0442507 -0.039052844 0
-11.130344 1.2411189 -0.046568632 0
-11.108259 1.4376197 -0.05440557 0
-10.9467 2.4125121 -0.098320365 0
-10.888062 2.6018753 -0.10745728 0
-7.2417488 -7.6457839 -0.084236801 0
-6.928093 -7.5820217 -0.084383607 0
-7.8931742 -7.7582836 -0.083987474 0
-7.5635118 -7.7047119 -0.0841043 0
-10.739488 2.76859 -0.11370063 0
-10.427747 2.888443 -0.11400437 0
-10.120131 2.9996896 -0.11428469 0
-9.8170795 3.1026738 -0.11454213 0
-6.622694 -7.513916 -0.084543347 0
-6.3256459 -7.4419327 -0.084715068 0
-6.0369992 -7.3665066 -0.084896982 0
-9.5189724 3.1977472 -0.11477804 0
-9.2261238 3.2852628 -0.11499363 0
-8.938797 3.3655701 -0.11518925 0
-5.7567587 -7.2880435 -0.085088015 0
-5.4848933 -7.2069225 -0.085287631 0
-5.2213411 -7.1234932 -0.085494578 0
-8.6571999 3.4390187 -0.11536622 0
-4.966013 -7.0380831 -0.085707784 0
-4.7187929 -6.9509907 -0.085926414 0
-4.4795504 -6.8624926 -0.086149931 0
-4.2481337 -6.7728424 -0.086377382 0
-4.9741569 -3.4208198 -0.095820725 0
-5.0807796 -3.361217 -0.095998049 0
-5.1851974 -3.2979085 -0.096185505 0
-5.2871728 -3.2309089 -0.096382916 0
-5.3864679 -3.1602442 -0.0965904 0
-5.4828439 -3.0859537 -0.096807778 0
-5.576067 -3.0080905 -0.097034752 0
-5.6659036 -2.9267206 -0.097271323 0
-5.7521267 -2.8419237 -0.097516954 0
-5.8345141 -2.7537937 -0.097771585 0
-5.9128528 -2.6624384 -0.098034739 0
-5.9869351 -2.5679777 -0.098306298 0
-6.0565691 -2.470546 -0.098585546 0
-6.1215701 -2.3702896 -0.098872364 0
-6.1817684 -2.2673674 -0.099166095 0
-6.2370086 -2.1619492 -0.099466383 0
-6.2871499 -2.0542161 -0.099772573 0
-6.3320684 -1.9443586 -0.10008419 0
-6.3716588 -1.8325758 -0.10040069 0
-6.4058318 -1.7190748 -0.10072124 0
-6.4114652 -1.6982391 -0.10078001 0
-6.4391451 -1.5829825 -0.10110521 0
-6.4612799 -1.4664803 -0.10143304 0
-6.4778423 -1.3489554 -0.10176325 0
-6.4888225 -1.2306337 -0.10209507 0
-6.4942327 -1.1117426 -0.1024279 0
-6.494102 -0.99250835 -0.10276133 0
-6.4884801 -0.87315673 -0.10309428 0
-6.4774327 -0.75391012 -0.10342669 0
-6.4610457 -0.63498783 -0.10375738 0
-6.4394183 -0.51660335 -0.10408622 0
-6.4126673 -0.39896429 -0.1044125 0
-6.3809242 -0.28227127 -0.10473549 0
-6.3443327 -0.16671729 -0.1050548 0
-6.3030496 -0.052485704 -0.10536999 0
-6.2572422 0.06024909 -0.10568058 0
-6.207087 0.17132258 -0.10598606 0
-6.1527691 0.28058124 -0.10628611 0
-6.0944815 0.38788235 -0.10658026 0
-6.0324221 0.49309421 -0.10686809 0
-8.2809963 1.2480416 0.023945987 0
-8.1013355 1.3705363 0.022584558 0
-8.0785742 1.514608 0.016067922 0
-8.2228489 1.6906742 0.0036403537 0
-8.1520824 7.8154235 -0.12755013 0
-8.6660175 8.0095797 -0.12814432 0
-2.2237046 -9.6865635 -0.078029364 0
-4.0243802 -6.6822729 -0.086608171 0
-3.808115 -6.5909958 -0.086841702 0
-3.5991554 -6.4992042 -0.087077439 0
-3.3973117 -6.407074 -0.087314725 0
-3.2023902 -6.3147635 -0.087553263 0
-3.8361433 -3.8177829 -0.094597161 0
-3.9526813 -3.7936673 -0.094676137 0
-4.185297 -3.7354908 -0.094862103 0
-4.0691252 -3.7662621 -0.094764411 0
-4.4160647 -3.6635737 -0.095086217 0
-4.3010082 -3.701283 -0.094969332 0
-4.530262 -3.6223068 -0.095213056 0
-4.6433902 -3.5774331 -0.095349848 0
-4.8655629 -3.4767151 -0.095653594 0
-4.7552314 -3.5289128 -0.095496714 0
-5.9667921 0.59609699 -0.10714954 0
-5.8977976 0.6967814 -0.10742408 0
-5.8256464 0.79505026 -0.10769159 0
-5.7505455 0.890818 -0.10795176 0
-5.6727037 0.98400927 -0.10820448 0
-5.5923271 1.0745602 -0.10844964 0
-5.5096202 1.1624174 -0.10868692 0
-5.4247837 1.247538 -0.10891634 0
-5.338016 1.3298883 -0.10913789 0
-5.2495093 1.4094443 -0.10935146 0
-6.8142252 7.2911282 -0.12595055 0
-7.2295585 7.4570861 -0.12645602 0
-7.6744623 7.6315756 -0.12698835 0
-3.0141947 -6.2224188 -0.087792635 0
-2.8325262 -6.1301689 -0.088032275 0
-2.6571863 -6.0381293 -0.088272065 0
-2.4879758 -5.9464064 -0.088511497 0
-2.3246982 -5.855093 -0.088750392 0
-2.9189572 -3.9028351 -0.094267488 0
-2.8081317 -3.9014101 -0.094260424 0
-3.2576847 -3.8920138 -0.094331682 0
-3.1438355 -3.8982363 -0.094302893 0
-3.0308914 -3.9018104 -0.094281524 0
-3.6034594 -3.8564765 -0.094465673 0
-3.4876246 -3.8712301 -0.094412833 0
-3.3723221 -3.8830438 -0.09436819 0
-5.243587 -4.1916342 0.088908136 0
-3.7196827 -3.8386908 -0.094526947 0
-5.3279691 -4.1048117 0.092876196 0
-3.2559221 -2.0424743 -0.099501997 0
-3.3360472 -1.9676751 -0.099719048 0
-3.412056 -1.8885653 -0.09994781 0
-3.4845154 -1.8061314 -0.10018551 0
-3.5522323 -1.7197245 -0.1004338 0
-3.615922 -1.6303031 -0.10069016 0
-3.6930361 -1.5059077 -0.10104564 0
-3.6555746 -1.5687801 -0.10086623 0
-3.7282424 -1.4417555 -0.10122851 0
-3.7611346 -1.3763976 -0.10141462 0
-3.8057098 -1.2761433 -0.10169923 0
-3.8454027 -1.173875 -0.10198915 0
-3.8788414 -1.0694079 -0.10228449 0
-3.901402 -0.98596907 -0.10252005 0
-3.9251635 -0.87888551 -0.10282183 0
-3.942415 -0.77054942 -0.10312629 0
-3.9544346 -0.66149271 -0.10343248 0
-3.9589598 -0.58846486 -0.10363701 0
-3.9608788 -0.51531231 -0.10384169 0
-3.9602048 -0.44212854 -0.10404626 0
-3.9569583 -0.36900645 -0.10425034 0
-3.9470088 -0.25967419 -0.10455498 0
-3.9320617 -0.15091616 -0.10485756 0
-3.911016 -0.043200076 -0.10515654 0
-3.8852296 0.06343329 -0.10545206 0
-3.8537154 0.16841805 -0.10574242 0
-5.1594534 1.4861912 -0.10955697 0
-5.0680289 1.5601213 -0.1097545 0
-4.9754114 1.6312367 -0.10994402 0
-4.881773 1.699545 -0.11012563 0
-4.7872753 1.7650616 -0.11029929 0
-4.6920748 1.8278078 -0.11046517 0
-4.5963211 1.8878105 -0.11062333 0
-4.5001545 1.945102 -0.11077383 0
-4.4037113 1.9997193 -0.11091694 0
-4.9706669 3.9308186 -0.11637205 0
-5.3500896 3.9213672 -0.11638364 0
-5.1577129 3.9274111 -0.11638132 0
-2.1671598 -5.7642717 -0.088988632 0
-2.0151687 -5.674017 -0.08922565 0
-1.8685369 -5.584394 -0.089461476 0
-1.6188858 -5.4937305 -0.095851004 0
-1.7302766 -5.5046911 -0.090317965 0
-1.4921545 -5.4276295 -0.097666085 0
-1.362627 -5.3393073 -0.097900033 0
-2.0544441 -3.8828111 -0.10029757 0
-1.9141986 -3.8718295 -0.10205755 0
-1.8162112 -3.8508015 -0.1021066 0
-1.7199541 -3.8283195 -0.10215974 0
-2.5901537 -3.8916097 -0.094265997 0
-2.4831562 -3.8834312 -0.094278157 0
-2.3775764 -3.8731976 -0.094296157 0
-2.2734725 -3.8610044 -0.09431991 0
-2.1752234 -3.8541024 -0.095041722 0
-2.6985035 -3.8976352 -0.094259977 0
-1.9913024 -2.7075725 -0.10532004 0
-2.1633203 -2.6728914 -0.10543421 0
-2.0600502 -2.6950622 -0.10536188 0
-2.3652389 -2.6126754 -0.10496432 0
-2.2665739 -2.6472349 -0.10551625 0
-2.5022087 -2.5220122 -0.10039878 0
-2.4490576 -2.5604303 -0.10234785 0
-2.6181555 -2.4521601 -0.098292798 0
-2.5546124 -2.4823503 -0.098505288 0
-2.7476969 -2.3901262 -0.098479211 0
-2.6832578 -2.4220839 -0.098383456 0
-2.8742361 -2.3205466 -0.098686397 0
-2.8113856 -2.3562813 -0.098580211 0
-2.9970641 -2.2434182 -0.098914325 0
-2.9361589 -2.2829239 -0.098797798 0
-3.0568614 -2.2020392 -0.099035919 0
-3.1441131 -2.1362603 -0.099228531 0
-2.2441056 -1.6289468 -0.10836062 0
-2.3230209 -1.5578716 -0.10856727 0
-2.2840323 -1.5939913 -0.10846233 0
-2.3795066 -1.501415 -0.10873073 0
-2.4686313 -1.4021848 -0.10901704 0
-2.4338751 -1.4427388 -0.10890022 0
-2.5183957 -1.3392859 -0.10919785 0
-2.5805831 -1.2521355 -0.10944766 0
-2.6374884 -1.1612935 -0.10970736 0
-2.6888132 -1.0670736 -0.10997587 0
-2.7342916 -0.96981895 -0.11025229 0
-2.7736936 -0.86989784 -0.11053556 0
-2.8068299 -0.76770109 -0.11082456 0
-2.8234065 -0.70639336 -0.11099759 0
-2.8462853 -0.60142314 -0.11129338 0
-2.8626051 -0.49526101 -0.11159179 0
-2.8723328 -0.38833988 -0.11189169 0
-2.8754816 -0.28109413 -0.1121918 0
-2.872108 -0.17395353 -0.11249095 0
-2.8623114 -0.067340076 -0.11278802 0
-2.8510242 0.012066364 -0.11300889 0
-2.84144 0.064609289 -0.11315486 0
-2.8240483 0.14268821 -0.11337137 0
-2.8037093 0.21991706 -0.11358526 0
-2.7882347 0.27076268 -0.11372578 0
-2.7713633 0.32107526 -0.11386475 0
-3.8044021 0.30576879 -0.10612139 0
-3.762187 0.40655363 -0.10639894 0
-3.7313895 0.47242796 -0.10658008 0
-3.6986909 0.53724247 -0.106758 0
-3.6641648 0.60094368 -0.10693258 0
-3.6278853 0.66348118 -0.10710379 0
-3.5899301 0.72480899 -0.10727143 0
-3.5503755 0.78488457 -0.10743544 0
-3.5093 0.84366971 -0.10759559 0
-3.4696283 0.90176618 -0.10805729 0
-3.4443488 0.96242064 -0.1102339 0
-3.4177966 1.0223777 -0.11246067 0
-3.3717227 1.1097279 -0.11547112 0
-3.3039157 1.1892949 -0.11634523 0
-3.2276602 1.2634878 -0.11654499 0
-3.1496334 1.3346782 -0.11673623 0
-3.0965571 1.3801278 -0.11685795 0
-8.1651306 0.94884562 0.33391422 0
-7.9458666 1.0697917 0.32708269 0
-4.3071179 2.0517032 -0.11105257 0
-7.8380599 1.1990952 0.3207992 0
-4.210495 2.1010985 -0.11118096 0
-4.113955 2.1479537 -0.11130232 0
-4.0176039 2.1923189 -0.11141664 0
-3.9215403 2.2342482 -0.11152431 0
-3.8331985 2.2777927 -0.1123496 0
-7.7789588 1.3328971 0.31460419 0
-3.7433355 2.3634253 -0.11792815 0
-3.616663 2.4246044 -0.1198298 0
-3.52143 2.4558196 -0.11990765 0
-3.426959 2.4849076 -0.11997944 0
-7.7563663 1.4717406 0.30835417 0
-5.0755515 2.1867213 0.039063543 0
-7.7700586 1.6176285 0.3019602 0
-7.831789 1.7751 0.29534042 0
-8.005456 1.9615325 0.28838032 0
-4.55826 3.2530515 -0.04715392 0
-4.2806587 3.9277029 -0.11694181 0
-4.0361381 3.9810991 -0.12422311 0
-3.8797512 3.9700837 -0.12417668 0
-4.6120625 3.9303954 -0.11633503 0
-4.4402456 3.9268756 -0.11630794 0
-4.1789141 3.9743392 -0.12257552 0
-4.788826 3.9317608 -0.11635658 0
-6.188015 5.2210169 0.036772847 0
-6.1356821 5.3628979 0.023229957 0
-6.1839719 5.593955 0.0048414171 0
-1.6939503 -7.0249901 0.031047553 0
-1.7575387 -6.7825212 0.049205005 0
-2.2827048 -6.7769356 0.08628273 0
-2.1350436 -6.7370319 0.078406423 0
-1.990817 -6.6980577 0.070523232 0
-1.8498219 -6.6599569 0.062628627 0
-1.2376719 -5.2518539 -0.098131955 0
-1.1171246 -5.1652951 -0.09836185 0
-1.6254457 -3.804466 -0.10221696 0
-1.5326993 -3.7793212 -0.10227802 0
-1.4417248 -3.7529614 -0.10234261 0
-1.3525276 -3.7254612 -0.10241053 0
-1.2651095 -3.6968925 -0.10248168 0
-1.1794695 -3.6673236 -0.10255577 0
-1.095603 -3.636821 -0.1026326 0
-0.97333032 -3.5893571 -0.10275309 0
-0.85455859 -3.5403321 -0.10287824 0
-0.77768904 -3.5067022 -0.10296457 0
-0.7025336 -3.4724293 -0.10305282 0
-5.2202177 -4.1846342 0.33028132 0
-5.304553 -4.0977979 0.3347286 0
-1.4187145 -2.7505004 -0.10514267 0
-1.3210859 -2.7476027 -0.105141 0
-1.2250026 -2.741539 -0.10514835 0
-1.0991302 -2.7294729 -0.10516948 0
-1.0065051 -2.7175903 -0.10519345 0
-0.94575137 -2.7082376 -0.10521348 0
-1.7184207 -2.7413764 -0.1051982 0
-1.6175046 -2.7475097 -0.10517094 0
-1.5174748 -2.750742 -0.10515191 0
-1.9227079 -2.7184224 -0.10528278 0
-1.8202688 -2.7314677 -0.10523608 0
-1.1793739 -2.0966434 -0.10694663 0
-1.083169 -2.1084898 -0.10690384 0
-1.4698989 -2.0361748 -0.10714473 0
-1.3972167 -2.0550752 -0.1070846 0
-1.3002516 -2.0764427 -0.10701516 0
-1.5905155 -1.9983796 -0.10726245 0
-1.5182544 -2.0220113 -0.10718918 0
-1.7336456 -1.9432311 -0.10743098 0
-1.6623989 -1.972333 -0.1073425 0
-1.8506595 -1.8885481 -0.10759552 0
-1.9874506 -1.8129816 -0.10782048 0
-1.2394212 -1.5849323 -0.1083831 0
-2.0976074 -1.7417341 -0.10803071 0
-1.4012029 -1.5062914 -0.10861915 0
-1.3299565 -1.543249 -0.10850875 0
-2.2032909 -1.6627203 -0.10826212 0
-2.161638 -1.6952965 -0.10816693 0
-1.4707422 -1.465122 -0.10874122 0
-1.5719326 -1.3971016 -0.10894151 0
-1.6840767 -1.3079296 -0.109202 0
-1.6370132 -1.34763 -0.1090863 0
-1.7883873 -1.2083176 -0.10949092 0
-1.7446734 -1.2521845 -0.10936388 0
-1.8436543 -1.1466622 -0.10966881 0
-1.9522991 -1.0421416 -0.11355434 0
-1.8962326 -1.0824745 -0.10985348 0
-2.0005646 -0.97302026 -0.11407034 0
-2.0432854 -0.90043718 -0.11427753 0
-2.1083694 -0.76798177 -0.11465433 0
-2.08197 -0.82551181 -0.11449085 0
-2.1320736 -0.70925111 -0.11482085 0
-2.1660347 -0.60929072 -0.11510368 0
-2.1669078 -0.51451004 -0.11146832 0
-2.1877432 -0.41205779 -0.11175686 0
-2.2008626 -0.30840164 -0.11204796 0
-2.207207 -0.20421171 -0.11233984 0
-2.2058525 -0.10000354 -0.11263102 0
-2.1978552 0.0037120581 -0.11292015 0
-2.1824374 0.1063022 -0.11320542 0
-2.165771 0.18740726 -0.11343049 0
-2.1501193 0.24732578 -0.11359641 0
-2.1258707 0.32601166 -0.11381397 0
-2.105226 0.38401914 -0.11397406 0
-2.0739431 0.45954591 -0.11418207 0
-2.7531295 0.37081474 -0.11400199 0
-2.7335677 0.41994232 -0.11413741 0
-2.0208178 0.56929064 -0.11448354 0
-2.701663 0.49231946 -0.11433652 0
-1.9814999 0.63989311 -0.11467695 0
-1.9385854 0.70771825 -0.11486231 0
-2.6424193 0.60936993 -0.11465779 0
-1.8813914 0.78934503 -0.11508475 0
-2.5623467 0.74357295 -0.11502494 0
-2.488833 0.84977144 -0.11531447 0
-2.4419591 0.91081113 -0.11548044 0
-2.3929958 0.96953261 -0.11563964 0
-2.3424892 1.0263587 -0.11579347 0
-2.3078599 1.06296 -0.11589231 0
-2.2546055 1.1159117 -0.11603501 0
-2.1816199 1.1832309 -0.11621591 0
-2.0873921 1.2615929 -0.11642556 0
-2.0102654 1.3203051 -0.11658196 0
-3.0427766 1.4240661 -0.11697537 0
-2.9608693 1.4869556 -0.11714301 0
-2.8778915 1.5468379 -0.11730212 0
-2.7938163 1.6029899 -0.11745062 0
-2.7090449 1.6561896 -0.11759092 0
-2.6236196 1.7057488 -0.11772086 0
-2.537833 1.7524436 -0.11784281 0
-2.451786 1.7956252 -0.11795494 0
-2.3369837 1.8486335 -0.11809164 0
-2.2509911 1.885046 -0.11818482 0
-2.1938024 1.9075832 -0.1182421 0
-2.3688228 2.6902142 -0.12044749 0
-3.3333073 2.5119298 -0.1200456 0
-3.2405267 2.5369482 -0.12010631 0
-3.1486645 2.5600245 -0.12016159 0
-3.0577626 2.5812204 -0.12021175 0
-2.967859 2.6005962 -0.12025692 0
-2.8789873 2.6182127 -0.12029727 0
-2.7911768 2.6341288 -0.12033297 0
-2.6616457 2.6547482 -0.12037764 0
-2.5343518 2.6722553 -0.12041387 0
-2.451009 2.6819441 -0.1204326 0
-4.8656287 2.2055888 0.041105121 0
-4.7383928 2.2537622 0.039359123 0
-4.6431623 2.3129697 0.036054522 0
-4.5678329 2.3793874 0.031683058 0
-4.4834461 2.490855 0.023368388 0
-4.4232926 2.6142297 0.013350755 0
-4.3990622 2.7057109 0.0054276586 0
-4.3885212 2.8062966 -0.0036439896 0
-4.3959551 2.9197006 -0.014246047 0
-4.4327855 3.0546784 -0.027290046 0
-3.727751 3.957514 -0.12412626 0
-3.5800095 3.9434962 -0.12407225 0
-6.0843096 4.2946968 0.10918322 0
-5.9184361 4.3395252 0.10158953 0
-5.7641702 4.3879857 0.093799204 0
-5.8202019 4.5896778 0.078924567 0
-5.87884 4.8006754 0.06315881 0
-3.2571144 5.7757521 -0.12916215 0
-3.4583879 5.8775778 -0.12946691 0
-3.6698546 5.9826889 -0.12978193 0
-0.79738796 -2.6803474 -0.10527661 0
-0.71063316 -2.6609783 -0.10532208 0
-0.62596071 -2.6394308 -0.10537384 0
-0.51589876 -2.6080036 -0.10545065 0
-0.88577032 -2.6978617 -0.10523652 0
-0.55171651 -2.0995979 -0.10687552 0
-0.46454054 -2.0866239 -0.10690306 0
-0.37926465 -2.0707281 -0.10693897 0
-0.96412259 -2.1169338 -0.10686834 0
-0.87003362 -2.1193662 -0.10685213 0
-0.75428438 -2.1169808 -0.10684726 0
-0.64068198 -2.1094687 -0.10685684 0
-1.0353659 -2.1126733 -0.10688736 0
-0.21900827 -1.697786 -0.10796549 0
-0.15225381 -1.6850289 -0.10799453 0
-0.64414626 -1.7222118 -0.10793976 0
-0.55273688 -1.7250168 -0.10792278 0
-0.44474369 -1.7227207 -0.10791842 0
-0.33903819 -1.7144158 -0.10793101 0
-0.26991093 -1.7059363 -0.10794783 0
-0.92342806 -1.6846628 -0.10807268 0
-0.86724448 -1.6957049 -0.10803623 0
-0.77386105 -1.7100301 -0.10798685 0
-0.69951338 -1.7183105 -0.1079562 0
-1.0730485 -1.6453524 -0.10819758 0
-0.97962213 -1.6715274 -0.10811506 0
-1.1843731 -1.6072443 -0.10831524 0
-1.1474209 -1.6209283 -0.10827327 0
-1.8450874 0.83635712 -0.11521251 0
-1.820066 0.86679786 -0.11529511 0
-1.7681351 0.92537218 -0.11545368 0
-1.7006288 0.99506068 -0.11564176 0
-1.6587107 1.0347242 -0.11574839 0
-1.6157469 1.0725739 -0.11584999 0
-1.5423062 1.1320057 -0.11600876 0
-1.4822614 1.1766237 -0.11612743 0
-1.4364045 1.2078943 -0.11621027 0
-1.3588635 1.2563808 -0.11633807 0
-1.2644278 1.3088182 -0.11647523 0
-1.1689399 1.3549125 -0.11659449 0
-1.1049585 1.3824235 -0.11666501 0
-1.0568844 1.401035 -0.11671221 0
-0.99279684 1.4236552 -0.11676908 0
-1.9710838 1.3480078 -0.11665548 0
-1.9116948 1.3875893 -0.11676021 0
-1.8316514 1.4371041 -0.11689062 0
-1.7304716 1.4933728 -0.1170378 0
-1.6285625 1.5441315 -0.11716947 0
-1.5467446 1.5804377 -0.11726277 0
-1.4649088 1.6131616 -0.11734606 0
-1.3628917 1.6490093 -0.1174361 0
-1.2614285 1.6799766 -0.11751252 0
-1.1609101 1.7056016 -0.1175741 0
-1.0812128 1.723027 -0.11761481 0
-2.136765 1.9288468 -0.11829583 0
-1.6354196 2.0670867 -0.1186321 0
-1.5547891 2.0814881 -0.11866428 0
-1.4750495 2.0939345 -0.1186911 0
-1.3964803 2.1040325 -0.11871146 0
-1.2933586 2.1145117 -0.11873046 0
-1.1922774 2.1215796 -0.1187401 0
-2.0515993 1.9582572 -0.11836949 0
-1.9669046 1.9852456 -0.11843647 0
-1.8829106 2.0093024 -0.11849533 0
-1.7720082 2.0376205 -0.11856337 0
-1.6897386 2.0561392 -0.11860693 0
-1.5424631 2.7016008 -0.1203966 0
-1.4408754 2.6936123 -0.12036411 0
-1.3415588 2.6839752 -0.12032727 0
-1.8634349 2.7127526 -0.12045991 0
-1.753715 2.7113166 -0.12044492 0
-1.6469264 2.7073936 -0.12042326 0
-2.2878034 2.6971178 -0.12045866 0
-2.1686263 2.7048674 -0.12046838 0
-2.0518117 2.7101352 -0.12047146 0
-1.9755145 2.7120721 -0.1204692 0
-5.0020456 2.2765441 0.23124845 0
-4.8314371 2.3084757 0.22640863 0
-2.612886 3.0575051 -0.031266317 0
-2.5356803 3.0783703 -0.034827247 0
-2.4598398 3.0988662 -0.038475677 0
-2.3852837 3.1190145 -0.042211652 0
-2.2758291 3.1485932 -0.047991037 0
-2.1685758 3.1775761 -0.053946584 0
-2.1273329 3.2356639 -0.062354296 0
-2.1823943 3.4303267 -0.086098149 0
-1.7005782 3.5877388 -0.12288965 0
-1.6081578 3.5603065 -0.1228037 0
-1.8929746 3.641408 -0.12305892 0
-1.79549 3.6147838 -0.12297479 0
-4.483654 2.9909825 0.17186399 0
-2.2431121 3.644928 -0.11243559 0
-2.0959988 3.6932411 -0.12322413 0
-1.9931154 3.6675737 -0.12314212 0
-2.2017145 3.7183678 -0.12330496 0
-4.5658154 3.1581273 0.16104047 0
-2.0825205 5.1403284 -0.12726818 0
-2.228792 5.223855 -0.12751637 0
-2.3814921 5.3095775 -0.12777126 0
-2.5410314 5.3976188 -0.12803335 0
-2.7078562 5.4881096 -0.12830305 0
-2.8824515 5.5811911 -0.12858067 0
-3.0653458 5.6770163 -0.12886693 0
-2.9204638 8.6057444 -0.13703978 0
-3.2035155 8.9001188 -0.13789104 0
-3.5095658 9.2163115 -0.13880557 0
-1.6691785 -7.01757 0.28690609 0
-2.2581415 -6.769578 0.33998731 0
-2.1107717 -6.7297621 0.32910344 0
1.1891735 -2.8313093 -0.10465572 0
0.96936166 -2.2090974 -0.10641715 0
1.0004749 -2.1710119 -0.1065205 0
0.83933616 -1.7891099 -0.10760424 0
0.8917222 -1.7332648 -0.10775512 0
-0.20918542 -1.7518919 -0.052504852 0
-0.11605501 -1.7103451 -0.071083747 0
-0.039248168 -1.6817497 -0.080809377 0
0.055468559 -1.6546239 -0.081882365 0
0.15249458 -1.6348871 -0.07564798 0
0.26770145 -1.6229821 -0.064387046 0
0.35449797 -1.5995288 -0.069760375 0
0.45388156 -1.5726782 -0.077287763 0
0.5520786 -1.546152 -0.086097896 0
0.6497547 -1.5197707 -0.096373126 0
0.74804813 -1.4949881 -0.10843563 0
0.80469775 -1.4405446 -0.10858214 0
0.17396757 -1.5852842 -0.10824066 0
0.23099357 -1.5607462 -0.10830359 0
0.32690632 -1.5144541 -0.1084234 0
0.41791821 -1.4643598 -0.10855435 0
0.50351518 -1.4105916 -0.10869608 0
0.59517413 -1.3455158 -0.10886881 0
0.68017954 -1.2770531 -0.10905166 0
0.730232 -1.2328889 -0.10917009 0
0.75884897 -1.2058257 -0.10924289 0
0.035648972 1.4688743 -0.11679249 0
-0.17611848 1.5070511 -0.11692047 0
-0.068195134 1.4907533 -0.11686406 0
-0.002706781 1.4778292 -0.11682134 0
-0.66076028 1.5018928 -0.11695451 0
-0.59913886 1.5094352 -0.11696948 0
-0.49296665 1.5177834 -0.11698218 0
-0.38911152 1.5203782 -0.11697905 0
-0.28808209 1.5170704 -0.11695968 0
-0.94479716 1.4390056 -0.11680716 0
-0.88101768 1.4569576 -0.11685096 0
-0.78593922 1.4796275 -0.11690484 0
-0.70744818 1.4946041 -0.11693883 0
-0.18196109 1.7264564 -0.11753439 0
-0.11939776 1.7131943 -0.11749104 0
-0.043031171 1.6947162 -0.11743172 0
-0.43003422 1.7605439 -0.11765455 0
-0.34518391 1.7518847 -0.11762184 0
-0.24623339 1.7378352 -0.11757265 0
-0.84780777 1.757357 -0.11768739 0
-0.77224576 1.7632605 -0.1176964 0
-0.66102004 1.7678363 -0.11769803 0
-0.55267346 1.7672249 -0.11768549 0
-0.48200288 1.7642863 -0.1176702 0
-1.0417068 1.7305012 -0.11763172 0
-0.96346915 1.743072 -0.11765906 0
-0.88606536 1.7533387 -0.11767998 0
-0.20756073 2.0183816 -0.118353 0
-0.11537454 1.9914058 -0.11826836 0
-0.421985 2.0689948 -0.11851599 0
-0.32251745 2.0475631 -0.11844612 0
-0.65351611 2.1050498 -0.11863995 0
-0.54609489 2.0906739 -0.11858904 0
-0.4833374 2.080456 -0.1185542 0
-1.0204345 2.1264017 -0.11873641 0
-0.94893622 2.1255612 -0.11872688 0
-0.85546422 2.1221468 -0.11870795 0
-0.76424229 2.1161242 -0.118682 0
-1.093309 2.1254277 -0.11874092 0
-0.24203375 2.4243116 -0.11949123 0
-0.40712345 2.4830339 -0.11967197 0
-0.31155777 2.4499707 -0.11956993 0
-0.55715376 2.5297852 -0.11981768 0
-0.4810032 2.5069087 -0.11974611 0
-0.77029479 2.5860405 -0.11999628 0
-0.66180271 2.5588472 -0.1199094 0
-0.99928296 2.6341074 -0.12015359 0
-0.88274908 2.6111898 -0.12007783 0
-1.276844 2.6765084 -0.12029988 0
-1.2132368 2.6683011 -0.1202706 0
-1.1200104 2.6545863 -0.1202229 0
-8.0134315 0.94435441 0.62141663 0
-7.8518753 1.0699164 0.60984749 0
-0.41178963 3.0897307 -0.12136842 0
-7.7584209 1.1999257 0.60102487 0
-0.50493425 3.135289 -0.1215051 0
-7.7043791 1.3335351 0.59370351 0
-0.73535848 3.2409468 -0.12182359 0
-0.63428986 3.1957939 -0.12168726 0
-0.8764028 3.3007286 -0.12200484 0
-0.80499935 3.2709017 -0.1219143 0
-7.6818752 1.4715444 0.58750319 0
-4.7203169 2.3624897 0.22099234 0
-0.98717225 3.3451717 -0.12214018 0
-7.6906919 1.6156963 0.58234882 0
-4.6369548 2.4269354 0.21522559 0
-4.5722995 2.4990206 0.20913836 0
-1.1807778 3.4184129 -0.12236427 0
-1.1017512 3.3892725 -0.12227491 0
-4.5227051 2.5780711 0.20271164 0
-1.3450756 3.4760058 -0.12254174 0
-1.2618639 3.4473317 -0.12245324 0
-7.7382469 1.7693646 0.57844269 0
-4.4869518 2.6644659 0.19589661 0
-1.5181506 3.5325208 -0.12271705 0
-1.4304807 3.504411 -0.12262968 0
-7.85287 1.9413238 0.57671595 0
-4.4656334 2.7595532 0.18860888 0
-4.4617267 2.8661993 0.18070069 0
-2.2284603 3.6493168 0.038897045 0
-0.71483821 4.2748504 -0.12471181 0
-0.80690944 4.3390093 -0.12490037 0
-0.90229028 4.4044018 -0.12509277 0
-1.0011523 4.471086 -0.12528908 0
-1.1036779 4.5391178 -0.12548956 0
-1.2100626 4.608561 -0.12569432 0
-1.3205165 4.6794815 -0.12590364 0
-1.4352642 4.7519503 -0.12611769 0
-1.5545468 4.8260427 -0.12633677 0
-1.6786234 4.9018373 -0.12656111 0
-1.8077737 4.9794216 -0.12679088 0
-1.9422978 5.0588861 -0.12702653 0
-6.4054232 4.2086821 0.39609152 0
-6.2294059 4.2562408 0.38414437 0
-6.0588207 4.3023314 0.37244481 0
-5.8933225 4.3470473 0.36097479 0
-5.7393856 4.3954096 0.34979045 0
-5.7948618 4.5972681 0.34065139 0
-5.852911 4.8084421 0.33096808 0
-5.95788 5.065434 0.3209464 0
-5.8891172 5.1878133 0.30944127 0
-5.8462887 5.3338938 0.29778543 0
-5.8415914 5.5172272 0.28581268 0
-3.5045042 6.2300968 0.088650852 0
-5.9561863 5.8173223 0.27309871 0
-1.586797 7.1859412 -0.13293712 0
-1.7738968 7.3891091 -0.13352385 0
-1.9732305 7.6039252 -0.13414434 0
-2.1860366 7.8315639 -0.13480201 0
-2.413727 8.0733576 -0.13550071 0
-2.6579168 8.3308325 -0.13624492 0
2.3919506 -6.2359586 -0.095017523 0
2.4361575 -6.018229 -0.095621765 0
2.4773531 -5.8109622 -0.096197084 0
-1.7334982 -6.7753205 0.29750901 0
2.5157738 -5.613349 -0.09674567 0
-1.9668219 -6.6908703 0.31835806 0
-1.8260906 -6.6528487 0.30774006 0
2.5516312 -5.4246607 -0.097269557 0
2.5851164 -5.2442393 -0.097770572 0
2.6164012 -5.0714912 -0.098250359 0
2.6456418 -4.9058766 -0.09871044 0
2.6729798 -4.7469068 -0.099152103 0
2.6985435 -4.5941348 -0.099576607 0
1.5697038 -3.9084599 -0.10160641 0
1.6127542 -3.8117449 -0.10187247 0
1.653883 -3.7174075 -0.1021321 0
1.6931822 -3.6253448 -0.10238554 0
1.7307384 -3.5354559 -0.10263307 0
1.7666321 -3.4476483 -0.10287492 0
1.8009398 -3.3618336 -0.1031114 0
1.8337331 -3.2779286 -0.10334265 0
1.865079 -3.1958537 -0.10356897 0
1.8950415 -3.1155343 -0.1037905 0
1.9236798 -3.0369 -0.10400749 0
1.964129 -2.9221511 -0.1043242 0
2.0021992 -2.8104494 -0.10463268 0
2.0374761 -2.7023373 -0.10493136 0
1.2257608 -2.7747135 -0.10481025 0
2.0810437 -2.5626605 -0.10531747 0
1.2781538 -2.6911745 -0.10503858 0
2.1112685 -2.4610708 -0.10559845 0
1.3440614 -2.5819807 -0.10533722 0
1.3906693 -2.5016799 -0.10555705 0
2.1301854 -2.3949404 -0.10578139 0
-5.1969905 -4.1776767 0.57018417 0
1.4346068 -2.4229176 -0.10577282 0
1.4898193 -2.3198791 -0.10605533 0
-5.28128 -4.0908265 0.57510757 0
1.5532854 -2.1944027 -0.10639977 0
1.6115654 -2.0720932 -0.10673587 0
1.045392 -2.1141775 -0.10667486 0
1.6440196 -2.0002677 -0.1069334 0
1.6744974 -1.9296887 -0.10712766 0
1.1024561 -2.0389097 -0.10687958 0
1.1562598 -1.9642844 -0.10708281 0
1.7034597 -1.8600744 -0.10731936 0
1.7217925 -1.8142912 -0.10744553 0
1.1946528 -1.9087312 -0.10723428 0
1.2311608 -1.8536054 -0.10738472 0
1.7561337 -1.7242312 -0.10769387 0
1.2662098 -1.7988281 -0.10753433 0
1.3101335 -1.7265 -0.10773215 0
1.7957327 -1.6138315 -0.10799851 0
1.3518043 -1.6547689 -0.1079285 0
1.3811045 -1.6015123 -0.10807445 0
1.8244652 -1.5274546 -0.10823711 0
1.8445151 -1.4636679 -0.10841342 0
0.92940193 -1.6912588 -0.10786878 0
0.9885723 -1.6210673 -0.10805907 0
1.4091507 -1.5486182 -0.1082195 0
1.4356781 -1.4961777 -0.10836346 0
1.8571116 -1.4216571 -0.1085296 0
1.0658263 -1.5226711 -0.10832642 0
1.1166934 -1.4524 -0.10851777 0
1.4690955 -1.4268613 -0.10855389 0
1.5002524 -1.3582665 -0.10874252 0
-0.19942594 -1.7489685 0.048296891 0
-0.11299598 -1.7256054 0.046093792 0
-0.030191362 -1.7032239 0.043342263 0
0.065514326 -1.6773577 0.039406795 0
0.16980636 -1.649261 0.0030992292 0
0.27366114 -1.621197 -0.0028318688 0
0.36040145 -1.5977604 -0.0087856706 0
0.45974153 -1.5709229 -0.016762603 0
0.55791634 -1.5444033 -0.025802149 0
0.65559328 -1.5180219 -0.036069047 0
0.83718663 -1.4074948 -0.10867129 0
1.1548173 -1.3962594 -0.10867088 0
1.1908164 -1.3402258 -0.10882394 0
1.5360477 -1.2735667 -0.10897574 0
0.85819042 -1.3853101 -0.10873119 0
0.9082936 -1.3293556 -0.10888261 0
0.95603538 -1.2729695 -0.10903545 0
1.2247567 -1.284332 -0.10897679 0
1.2642844 -1.214715 -0.10916745 0
1.5807878 -1.1568382 -0.10929756 0
0.99177223 -1.2274787 -0.10915902 0
1.0342048 -1.1703317 -0.10931456 0
1.3010149 -1.1453893 -0.10935758 0
1.3282385 -1.0901897 -0.10950916 0
1.609493 -1.0746157 -0.10952455 0
1.6250869 -1.0258768 -0.10965924 0
0.79567623 -1.1692593 -0.10934143 0
0.83941615 -1.122789 -0.10946696 0
1.0737295 -1.1128869 -0.10947119 0
1.1177797 -1.0437024 -0.10966016 0
1.3596684 -1.0215498 -0.10969791 0
1.3830826 -0.96689993 -0.10984833 0
1.6531725 -0.92955887 -0.10992568 0
0.87285697 -1.0851418 -0.10956883 0
0.92695737 -1.0180978 -0.10975088 0
1.1517539 -0.98591268 -0.10981834 0
1.1830814 -0.92805797 -0.10997695 0
1.4144671 -0.88555396 -0.1100726 0
1.681482 -0.81888366 -0.11023224 0
1.0038848 -0.91099668 -0.11004256 0
1.0474268 -0.84189421 -0.11023139 0
1.217599 -0.85863048 -0.11016756 0
1.243875 -0.80082333 -0.11032654 0
1.4555976 -0.76464343 -0.1104065 0
1.0861671 -0.77218562 -0.11042239 0
1.116708 -0.71218598 -0.11058704 0
1.2764651 -0.72008079 -0.11054899 0
1.4856099 -0.65850186 -0.1107002 0
1.1436895 -0.65196133 -0.11075272 0
1.3161234 -0.60522562 -0.11086611 0
1.5099057 -0.55363286 -0.11099094 0
1.1684657 -0.59165633 -0.11091882 0
1.1898668 -0.53131247 -0.11108536 0
1.3421082 -0.51389062 -0.11111882 0
1.3556936 -0.45712084 -0.11127617 0
1.5287577 -0.45005581 -0.1112786 0
1.2175114 -0.44087693 -0.11133543 0
1.2327533 -0.38071531 -0.11150207 0
1.3711305 -0.37814143 -0.11149542 0
1.5436416 -0.33511376 -0.11159845 0
1.2469329 -0.31077337 -0.11169617 0
1.3860689 -0.2773647 -0.11177565 0
1.391952 -0.22178933 -0.11193042 0
1.5504363 -0.25929502 -0.11180972 0
1.2617406 -0.21137139 -0.11197257 0
1.2676959 -0.15206647 -0.11213776 0
1.3957205 -0.16660604 -0.11208431 0
1.2707967 -0.09315607 -0.11230214 0
1.3983779 -0.06809637 -0.11235943 0
1.2713163 0.0042825937 -0.1125745 0
1.3950617 0.040030509 -0.11266205 0
1.2656242 0.10059536 -0.11284431 0
1.3851968 0.14667095 -0.11296114 0
1.2522346 0.20505998 -0.11313768 0
1.3709259 0.24135014 -0.11322725 0
1.2318377 0.30789351 -0.1134272 0
1.3513387 0.33468407 -0.11349013 0
1.2069991 0.39975744 -0.11368649 0
1.3237181 0.43683702 -0.11377845 0
1.1727958 0.498858 -0.11396696 0
1.2936026 0.5273242 -0.11403444 0
1.1317183 0.59583628 -0.11424217 0
1.2582175 0.61629438 -0.11428669 0
1.0881 0.68189442 -0.11448712 0
1.212999 0.71337593 -0.11456263 0
1.0385488 0.76579475 -0.11472662 0
1.1613748 0.80844104 -0.11483355 0
0.97115445 0.86333919 -0.11500604 0
1.0061839 0.81511575 -0.11486773 0
1.1094376 0.89218915 -0.11507285 0
0.9082728 0.94173515 -0.1152315 0
1.0452865 0.98299277 -0.11533312 0
1.0783741 0.93795455 -0.11520391 0
1.1963639 1.0502143 -0.11550593 0
0.81729704 1.0392853 -0.11551332 0
0.8607794 0.99500161 -0.11538517 0
0.98159909 1.0625103 -0.1155618 0
1.1522877 1.1122783 -0.11568385 0
0.69895184 1.144805 -0.11582014 0
0.74784601 1.1034677 -0.11569968 0
0.88812321 1.165138 -0.11585805 0
0.9284656 1.1229496 -0.11573607 0
1.0815091 1.2040586 -0.11594748 0
0.64716196 1.1844076 -0.11593604 0
0.81965256 1.2309339 -0.11604886 0
1.0130303 1.2840228 -0.1161779 0
0.53689277 1.2592639 -0.11615634 0
0.59350789 1.2228298 -0.11604881 0
0.72751886 1.3101547 -0.11627953 0
0.93919826 1.3623598 -0.11640429 0
0.39587072 1.337697 -0.11638971 0
0.46830273 1.299952 -0.11627696 0
0.60685438 1.4001621 -0.11654321 0
0.65868086 1.3634728 -0.11643548 0
0.85978752 1.438915 -0.11662625 0
0.194939 1.4220859 -0.11664572 0
0.27545351 1.3914396 -0.116552 0
0.48583964 1.4769205 -0.11676992 0
0.54205328 1.4427357 -0.11666875 0
0.76333064 1.5226241 -0.11686991 0
1.0275607 1.5995939 -0.11705863 0
0.085885167 1.4558487 -0.11675104 0
0.14708316 1.4377515 -0.11669433 0
0.35446015 1.5472753 -0.11697973 0
0.42737255 1.5097156 -0.11686744 0
0.64746618 1.6124755 -0.11713269 0
0.69522989 1.5770712 -0.11702893 0
0.94733608 1.6809233 -0.11729402 0
0.22592378 1.6049533 -0.11715384 0
0.29137287 1.5769756 -0.1170691 0
0.53439814 1.6898844 -0.11736041 0
0.58572906 1.6559248 -0.11726033 0
0.8365097 1.7842042 -0.11759384 0
0.87453979 1.7499645 -0.11749431 0
0.031007171 1.6739639 -0.11736628 0
0.10248072 1.6508818 -0.11729461 0
0.17213205 1.6262369 -0.11721873 0
0.39851302 1.771467 -0.11760207 0
0.4677369 1.7312546 -0.11748273 0
0.77028131 1.8407581 -0.11775856 0
0.001685679 1.6825416 -0.11739321 0
0.28169972 1.8328995 -0.11778548 0
0.34103069 1.8026415 -0.11769498 0
0.67281431 1.9190364 -0.11798717 0
0.14113146 1.8972422 -0.11797945 0
0.2204794 1.862179 -0.11787347 0
0.53773493 2.0177047 -0.11827651 0
0.59921348 1.974157 -0.11814861 0
-0.061660916 1.9741112 -0.11821464 0
0.024818838 1.9433012 -0.11811984 0
0.4246009 2.092664 -0.11849736 0
0.47394019 2.0607367 -0.1184032 0
0.87550461 2.2087409 -0.11877674 0
0.32157558 2.155453 -0.11868322 0
0.37372112 2.124218 -0.11859068 0
0.79399192 2.2836721 -0.11899438 0
0.843454 2.2386801 -0.11886365 0
0.17504811 2.2367501 -0.11892514 0
0.24943534 2.1964111 -0.11880493 0
0.72564662 2.3438008 -0.1191693 0
0.057857573 2.2956192 -0.11910146 0
0.11717069 2.2664018 -0.11901383 0
0.6358093 2.4192028 -0.1193891 0
-0.087377727 2.3615997 -0.11930044 0
-0.0032991171 2.3242555 -0.11918762 0
0.52185696 2.5099931 -0.11965429 0
0.56076342 2.4796865 -0.11956569 0
-0.17459616 2.3978555 -0.11941051 0
0.39986813 2.6011312 -0.11992128 0
0.4617601 2.555527 -0.11978761 0
0.33564109 2.6468151 -0.12005544 0
0.22366661 2.7230904 -0.12027987 0
0.10561669 2.7994885 -0.12050524 0
0.0060030818 2.8606641 -0.12068623 0
-0.15236181 2.9524264 -0.12095861 0
-0.071638525 2.9065537 -0.12082231 0
0.62090451 3.1870198 -0.12153701 0
-0.26431522 3.0135293 -0.12114065 0
0.57124007 3.2346065 -0.12167504 0
-0.3516672 3.0592833 -0.12127727 0
0.49393952 3.3071229 -0.12188549 0
0.38592088 3.4058137 -0.1221722 0
0.30096978 3.4814179 -0.12239207 0
0.21179676 3.5587153 -0.12261706 0
0.11903387 3.6374454 -0.12284646 0
-0.011683881 3.7452106 -0.12316079 0
0.054671228 3.6909342 -0.1230024 0
-4.9469399 2.4821754 0.41587898 0
-4.8150501 2.5280652 0.40701047 0
-2.5990145 3.0616601 0.11200418 0
-2.5219336 3.0824881 0.10715731 0
-2.4462113 3.1029484 0.10228848 0
-2.3717673 3.1230633 0.097395279 0
-2.2624688 3.152595 0.090000875 0
-2.1553607 3.1815345 0.082545944 0
-2.1140428 3.239645 0.074915104 0
-0.080118775 3.8003066 -0.12332165 0
-4.7044821 2.6350119 0.39586607 0
-0.15072614 3.8562541 -0.12348515 0
-4.6447325 2.7673123 0.3857404 0
-2.1684585 3.4345012 0.057838231 0
-0.29885578 3.9708431 -0.12382031 0
-0.2236039 3.9130876 -0.1236513 0
-4.6397285 2.8759451 0.37952691 0
-0.37659234 4.0295587 -0.12399223 0
-0.45693016 4.0892735 -0.1241672 0
-4.6854405 3.0170636 0.37402627 0
-0.53999424 4.1500311 -0.12434535 0
-0.62591648 4.2118735 -0.12452683 0
0.0035820007 5.3729749 -0.12770972 0
-0.095485091 5.4920487 -0.12805253 0
-0.1992079 5.615582 -0.12840825 0
-0.30792224 5.7438955 -0.12877782 0
-0.42199737 5.8773408 -0.12916228 0
-0.5418396 6.016305 -0.12956277 0
-0.66789693 6.1612139 -0.12998049 0
-0.8006658 6.3125405 -0.13041683 0
-0.9406963 6.4708066 -0.13087326 0
-1.0886002 6.6365924 -0.13135152 0
-1.2450603 6.8105464 -0.13185349 0
-3.3796973 6.2638111 0.077386096 0
-3.2560449 6.2972136 0.066111133 0
-3.1334562 6.3303275 0.054819241 0
-1.4108402 6.993392 -0.13238123 0
2.7224507 -4.4471531 -0.099985108 0
2.7448075 -4.3055897 -0.10037863 0
2.7657123 -4.1691027 -0.10075809 0
2.7852545 -4.0373783 -0.10112437 0
2.8035161 -3.9101274 -0.10147826 0
2.8205733 -3.7870851 -0.10182054 0
2.8364949 -3.668004 -0.10215184 0
2.8513455 -3.552659 -0.1024728 0
2.8651836 -3.4408376 -0.10278401 0
2.8780651 -3.3323464 -0.10308603 0
2.8900394 -3.2270031 -0.10337931 0
2.901154 -3.124639 -0.10366435 0
2.9114523 -3.0250974 -0.10394161 0
2.9209747 -2.928231 -0.10421145 0
2.5265126 -2.4029026 -0.046736263 0
2.148221 -2.3299532 -0.10596128 0
2.1735907 -2.2346554 -0.10622515 0
2.1973524 -2.1414442 -0.10648336 0
2.2121685 -2.0806336 -0.10665185 0
2.2329328 -1.9913081 -0.1068995 0
2.2522991 -1.9037931 -0.1071422 0
2.2700021 -1.8184248 -0.10737909 0
2.2915108 -1.7072964 -0.10768762 0
2.3106389 -1.5992144 -0.10798783 0
2.3275261 -1.4939812 -0.10828034 0
2.3388605 -1.4167341 -0.10849515 0
2.348928 -1.3410704 -0.10870564 0
1.8748924 -1.3593857 -0.10870189 0
2.3607402 -1.2421775 -0.10898092 0
1.8968092 -1.2775581 -0.10892847 0
2.3684368 -1.1694301 -0.10918352 0
2.3729711 -1.1216534 -0.10931665 0
-0.18982553 -1.7460928 0.14745578 0
-0.10359484 -1.7227893 0.14319447 0
-0.020962477 -1.7004596 0.13866383 0
0.074566066 -1.6746463 0.13289927 0
0.17872399 -1.6465899 0.095205709 0
0.28244776 -1.6185651 0.087921873 0
0.36910522 -1.5951533 0.081112236 0
0.46838111 -1.5683351 0.07247249 0
0.56652319 -1.5418252 0.063094683 0
0.66420132 -1.5154434 0.05284011 0
1.9212123 -1.1772827 -0.10920635 0
2.3789084 -1.0510193 -0.1095135 0
1.9466137 -1.0595559 -0.10953291 0
2.3867297 -0.93572962 -0.10983501 0
1.967896 -0.94457978 -0.10985219 0
2.3922338 -0.82309949 -0.11014932 0
1.9853008 -0.83217025 -0.11016469 0
2.3948669 -0.73497111 -0.11039542 0
1.9990419 -0.72215271 -0.11047088 0
2.3960478 -0.62708366 -0.11069691 0
1.7046268 -0.7102071 -0.11053373 0
2.0079074 -0.63213158 -0.11072166 0
2.0121059 -0.57882619 -0.11087023 0
2.3951983 -0.52130461 -0.11099271 0
1.7233251 -0.6032722 -0.11083081 0
2.0162609 -0.50864542 -0.11106603 0
2.3921175 -0.41773921 -0.11128252 0
1.7373726 -0.49816766 -0.11112322 0
2.0200469 -0.40485209 -0.1113558 0
2.3871512 -0.31595039 -0.11156759 0
1.7462904 -0.40930533 -0.11137076 0
1.7504469 -0.35076264 -0.11153399 0
2.0207891 -0.30284354 -0.1116409 0
2.3800943 -0.21601963 -0.11184766 0
1.7537457 -0.27831787 -0.11173619 0
2.0185928 -0.20248678 -0.11192167 0
2.3712549 -0.11757249 -0.11212374 0
1.5531461 -0.20923159 -0.1119494 0
1.7550442 -0.17816079 -0.11201605 0
2.0135477 -0.10365593 -0.11219844 0
2.3604221 -0.02066803 -0.11239573 0
1.555135 -0.1223633 -0.11219203 0
1.7520256 -0.065374017 -0.11233166 0
2.0057268 -0.0062304735 -0.11247159 0
2.3505783 0.056009054 -0.11261106 0
2.3423216 0.11293221 -0.11277102 0
1.5531763 -0.02423963 -0.11246656 0
1.7455499 0.031927377 -0.11260431 0
1.9951885 0.08990401 -0.1127414 0
2.3303502 0.18823406 -0.11298275 0
1.5467132 0.072644681 -0.11273804 0
1.7353301 0.12792683 -0.11287369 0
1.981977 0.18485686 -0.11300817 0
2.3137078 0.28140974 -0.11324488 0
1.5340737 0.18015712 -0.11303985 0
1.7194474 0.23624527 -0.1131781 0
1.9631408 0.29425007 -0.11331585 0
2.2914424 0.39206573 -0.11355645 0
1.5161548 0.28621495 -0.11333816 0
1.7019142 0.32987535 -0.11344159 0
1.9409049 0.40239805 -0.11362042 0
2.2709713 0.48343778 -0.11381391 0
1.4955845 0.37921691 -0.11360019 0
1.6807696 0.42243001 -0.11370245 0
1.9189343 0.49414364 -0.11387909 0
2.2485704 0.57409728 -0.11406961 0
1.4707513 0.47106117 -0.11385942 0
1.6524802 0.52705562 -0.11399777 0
1.8943328 0.58513081 -0.11413591 0
2.2193453 0.6821835 -0.1143747 0
1.4416521 0.56175709 -0.11411588 0
1.6241028 0.61765468 -0.11425386 0
1.8670763 0.67544717 -0.11439112 0
2.1930079 0.7717787 -0.11462779 0
1.4036839 0.66239381 -0.11440101 0
1.5920641 0.70736265 -0.11450788 0
1.8317835 0.78006482 -0.11468711 0
2.1646447 0.86101675 -0.11488011 0
1.3604225 0.76162672 -0.11468276 0
1.5511978 0.80892599 -0.11479588 0
1.7929267 0.88404477 -0.1149817 0
2.1281137 0.96781564 -0.11518233 0
1.3171821 0.84856701 -0.11493014 0
1.5116482 0.89699513 -0.11504604 0
1.7564884 0.9727174 -0.11523323 0
2.0955343 1.0566821 -0.11543402 0
1.2694263 0.93430793 -0.11517459 0
1.4682084 0.98430204 -0.11529447 0
1.7171458 1.0610638 -0.11548413 0
2.0463743 1.1810844 -0.11578669 0
2.0679278 1.1277566 -0.11563545 0
1.2239331 1.0083377 -0.1153861 0
1.4139793 1.0832423 -0.11557648 0
1.6748056 1.1491557 -0.11573462 0
2.016237 1.2522745 -0.11598872 0
1.3623854 1.1690981 -0.11582165 0
1.6293596 1.2370631 -0.11598493 0
1.9767607 1.3414342 -0.11624192 0
1.2899375 1.2784811 -0.11613469 0
1.323029 1.2300097 -0.11599588 0
1.5806837 1.3248522 -0.11623523 0
1.9347852 1.4309219 -0.11649632 0
1.2374544 1.3507416 -0.11634195 0
1.5286376 1.4125876 -0.1164857 0
1.8905226 1.5207928 -0.11675198 0
1.1723557 1.4344463 -0.11658246 0
1.4730629 1.5003309 -0.11673655 0
1.8435178 1.6112152 -0.11700945 0
1.1023173 1.5173883 -0.11682133 0
1.4036194 1.602782 -0.11702991 0
1.4341079 1.5588555 -0.11690404 0
1.7939892 1.7022219 -0.11726882 0
1.3505975 1.6760697 -0.1172401 0
1.7414175 1.794016 -0.1175307 0
1.2832875 1.7641723 -0.11749311 0
1.68603 1.8866084 -0.11779509 0
1.2116076 1.852495 -0.1177472 0
1.639345 1.9614018 -0.11800885 0
1.1352853 1.9410802 -0.11800249 0
1.5778332 2.055912 -0.1182792 0
1.054019 2.0299659 -0.11825912 0
1.5129797 2.1515515 -0.11855306 0
0.98240912 2.1042809 -0.11847404 0
1.4442642 2.2485514 -0.1188311 0
1.4722567 2.2095695 -0.11871934 0
0.92224312 2.1639147 -0.11864675 0
1.4009566 2.3075085 -0.11900026 0
1.340919 2.3869741 -0.1192284 0
1.2453768 2.5082653 -0.11957706 0
1.2940941 2.4472549 -0.11940163 0
1.1777604 2.5906501 -0.11981412 0
1.1067731 2.674366 -0.12005527 0
1.0321939 2.7595141 -0.12030077 0
0.97388339 2.8243296 -0.12048776 0
0.91305441 2.8901613 -0.12067792 0
1.649904 3.1276157 -0.12126797 0
0.80666405 3.0019107 -0.12100097 0
0.85010564 2.9568515 -0.12087063 0
1.5933747 3.21875 -0.12152842 0
0.73916817 3.070447 -0.12119931 0
1.5542374 3.2808301 -0.12170586 0
0.66923171 3.1399755 -0.12140067 0
1.493212 3.3760829 -0.12197826 0
1.4297382 3.473599 -0.12225723 0
1.3856976 3.5402122 -0.12244786 0
1.3168685 3.6427183 -0.1227413 0
1.2451063 3.7479744 -0.12304273 0
1.1951915 3.820096 -0.12324934 0
1.1436259 3.8937769 -0.12346047 0
1.0903263 3.9690981 -0.12367637 0
1.0352045 4.0461469 -0.1238973 0
0.91910845 4.2058053 -0.12435523 0
0.97816569 4.1250157 -0.12412349 0
0.85792398 4.2886205 -0.12459287 0
-2.7276793 3.3298433 0.24523202 0
-2.6417122 3.4050012 0.23472916 0
-2.5540173 3.4781201 0.22411814 0
0.79449546 4.3735762 -0.12483674 0
-2.4642303 3.548635 0.2133801 0
-2.3728242 3.6170232 0.20254697 0
0.72869736 4.4607935 -0.12508711 0
-2.2794642 3.6827006 0.19160329 0
0.66039461 4.5504055 -0.12534446 0
0.58944166 4.6425505 -0.12560917 0
0.51568109 4.7373824 -0.12588167 0
0.43894339 4.8350649 -0.12616241 0
0.35904455 4.9357738 -0.12645194 0
0.27578509 5.0397034 -0.12675081 0
0.18894863 5.1470585 -0.12705964 0
0.098299861 5.2580681 -0.12737902 0
4.8802547 -8.6089077 -0.08813481 0
4.8359632 -8.1786222 -0.089342117 0
4.7945299 -7.7806163 -0.0904589 0
4.7556276 -7.4112005 -0.091495529 0
4.718976 -7.0672264 -0.092460752 0
4.6843338 -6.7459912 -0.093362257 0
4.6514931 -6.4451609 -0.094206527 0
4.6202736 -6.1627083 -0.094999284 0
2.4650629 -6.3735995 0.13410544 0
2.5804513 -6.3424349 0.12185327 0
2.6962118 -6.3111701 0.10952475 0
-1.6444972 -7.0101771 0.54182982 0
-1.7095456 -6.7681456 0.5449059 0
-2.2336679 -6.7622471 0.59276503 0
-2.0865881 -6.722518 0.57888454 0
-1.9429146 -6.6837091 0.56528747 0
-1.802446 -6.6457663 0.551956 0
4.3702245 -4.0468149 -0.10093936 0
4.3495741 -3.885366 -0.10139278 0
4.3294792 -3.7304206 -0.10182789 0
4.3098993 -3.5815201 -0.10224612 0
3.0216677 -3.7594895 0.040732205 0
4.2907944 -3.4382482 -0.10264857 0
3.0284543 -3.6312966 0.03808251 0
4.2721314 -3.3002236 -0.10303627 0
3.0591941 -3.5389507 0.033372417 0
3.1030822 -3.4656084 0.027510583 0
3.1572859 -3.4059854 0.020721897 0
3.221417 -3.3582053 0.013019398 0
3.5024803 -3.303498 -0.018453211 0
4.2538772 -3.1670983 -0.10341029 0
3.2967532 -3.3223989 0.0042665005 0
3.3869781 -3.3011556 -0.0058958828 0
4.2360029 -3.038554 -0.1037714 0
4.2184815 -2.9142981 -0.10412052 0
4.2012873 -2.7940607 -0.10445836 0
4.1843977 -2.6775944 -0.10478564 0
4.1677909 -2.5646696 -0.10510297 0
4.1514468 -2.4550743 -0.10541099 0
4.1353474 -2.3486121 -0.10571024 0
4.1194739 -2.2451015 -0.10600121 0
4.1038113 -2.1443725 -0.10628435 0
4.0883436 -2.0462677 -0.10656017 0
4.0730567 -1.9506398 -0.10682902 0
2.4662993 -2.2553306 -0.037369221 0
4.0579367 -1.8573523 -0.10709131 0
-5.1738486 -4.1707449 0.80921054 0
2.4536431 -2.1624346 -0.034897536 0
2.4615681 -2.0554316 -0.035172626 0
-5.2580919 -4.0838809 0.81460845 0
2.4844465 -1.9661614 -0.037700161 0
2.5068483 -1.914608 -0.040475562 0
2.5337696 -1.8675829 -0.043944046 0
2.5828772 -1.8046873 -0.050482228 0
2.6412296 -1.7487692 -0.05842489 0
2.6872468 -1.7161379 -0.06478937 0
2.7707825 -1.6754253 -0.076481566 0
2.8761923 -1.6463211 -0.09136118 0
2.9834294 -1.6136862 -0.10663088 0
2.992317 -1.4877119 -0.10823132 0
2.991528 -1.3918605 -0.10849935 0
2.9898803 -1.2985132 -0.10876048 0
2.986589 -1.1771494 -0.10910007 0
2.9833314 -1.0883075 -0.10934876 0
2.9793155 -1.0014911 -0.1095919 0
-0.18036151 -1.743258 0.24520591 0
-0.094327271 -1.7200133 0.23891562 0
-0.011864722 -1.6977345 0.23263115 0
0.083489299 -1.6719735 0.22506347 0
0.19043323 -1.6430825 0.21614563 0
0.29398501 -1.6151092 0.20708555 0
0.3805337 -1.59173 0.19915217 0
0.4797253 -1.564937 0.18964216 0
0.57782441 -1.5384401 0.17982022 0
0.67550409 -1.5120579 0.16958177 0
2.9729869 -0.88824362 -0.1099091 0
2.9655294 -0.77779168 -0.11021861 0
2.9569812 -0.66990787 -0.11052106 0
2.9473763 -0.56438071 -0.110817 0
2.9367418 -0.46101433 -0.11110704 0
2.9251008 -0.35962588 -0.11139165 0
2.912472 -0.26004422 -0.1116713 0
2.8988686 -0.16210854 -0.11194643 0
2.8843002 -0.06566751 -0.11221753 0
2.8687727 0.029422283 -0.11248487 0
2.852289 0.12329727 -0.11274895 0
2.8348465 0.21608734 -0.11301011 0
2.8164403 0.30791697 -0.11326864 0
2.7970622 0.39890623 -0.11352496 0
2.7714009 0.51160634 -0.11384259 0
2.7442739 0.62345374 -0.11415797 0
2.721374 0.71239263 -0.11440891 0
2.6974187 0.80098969 -0.11465898 0
2.6723795 0.88935024 -0.11490849 0
2.5096359 0.99748814 -0.096089378 0
2.6462247 0.97757906 -0.11515775 0
2.3492808 1.045421 -0.075084209 0
2.4272525 1.0105723 -0.084692433 0
2.2622244 1.1180532 -0.066224724 0
2.2918153 1.0870934 -0.068881109 0
2.2188013 1.1871569 -0.063692838 0
2.1863012 1.2862648 -0.064536944 0
2.1855173 1.3839409 -0.0700192 0
2.2109334 1.4779946 -0.079111397 0
2.2911768 1.5892718 -0.097001493 0
2.3724389 1.7372271 -0.1173088 0
2.3331649 1.8296044 -0.11757095 0
2.2921271 1.9230444 -0.11783628 0
2.249223 2.0176857 -0.11810513 0
2.2043409 2.1136744 -0.118378 0
2.1573586 2.2111661 -0.11865523 0
2.10814 2.3103266 -0.11893736 0
2.0565376 2.4113326 -0.11922491 0
2.0162568 2.4883437 -0.1194442 0
1.9743005 2.5667224 -0.1196675 0
1.9159845 2.6732082 -0.11997104 0
1.8703674 2.7546668 -0.12020332 0
1.8227465 2.8378553 -0.12044065 0
1.7563971 2.9512768 -0.12076436 0
1.7043663 3.0383549 -0.12101299 0
2.5568979 3.6941247 -0.12276089 0
2.5229473 3.782321 -0.12301084 0
-8.1599655 0.97125697 0.92183226 0
-7.9296222 1.0911551 0.89984477 0
2.4879618 3.8726223 -0.12326682 0
-7.8199062 1.2206143 0.88708794 0
2.4518838 3.9651546 -0.12352908 0
2.4146523 4.0600514 -0.12379812 0
-7.7601328 1.3548406 0.87810284 0
2.3762004 4.1574574 -0.12407425 0
-7.7374434 1.4943075 0.87185407 0
2.336457 4.2575269 -0.12435794 0
-7.7516108 1.6410631 0.86825824 0
2.2953458 4.3604255 -0.12464972 0
-7.8150511 1.7998773 0.86814857 0
2.2527838 4.4663324 -0.12495004 0
2.2086811 4.5754409 -0.12525949 0
-8.000206 1.9904419 0.87664837 0
2.1629415 4.6879597 -0.12557861 0
2.1154592 4.8041148 -0.12590809 0
2.0661211 4.9241519 -0.12624861 0
2.014802 5.0483365 -0.12660088 0
1.9613675 5.1769595 -0.12696581 0
1.9056698 5.310338 -0.12734424 0
1.8475471 5.4488168 -0.12773716 0
1.7868222 5.5927768 -0.12814572 0
1.7232999 5.7426338 -0.128571 0
1.6567662 5.8988466 -0.12901436 0
1.5869834 6.0619216 -0.12947723 0
1.51369 6.232419 -0.12996118 0
-6.5606117 4.167532 0.6834408 0
-6.3792205 4.2165308 0.66672736 0
-6.2036171 4.2639656 0.65050626 0
-6.0334253 4.3099384 0.63474458 0
-5.8683009 4.3545423 0.61941242 0
-5.7146912 4.4028063 0.60484642 0
1.436594 6.4109607 -0.13046803 0
-7.3046122 4.0960336 0.74677783 0
-7.0988555 4.1516137 0.72795904 0
-6.9003778 4.2052279 0.70976192 0
-5.7696142 4.6048307 0.60142207 0
1.3553714 6.598238 -0.13099968 0
-5.8270769 4.8161802 0.59779888 0
1.2696604 6.795023 -0.1315584 0
-5.8770704 5.0293312 0.59344316 0
-5.8065815 5.148756 0.5827781 0
1.1790549 7.0021801 -0.13214655 0
-5.7575889 5.2880068 0.57306433 0
1.0831002 7.2206807 -0.13276702 0
-5.7368178 5.4553437 0.56452852 0
-5.7685018 5.6764407 0.55815351 0
-3.48035 6.2373323 0.3381308 0
-3.3556578 6.2710118 0.32567993 0
-3.2321119 6.3043823 0.31330535 0
-3.1096215 6.3374672 0.30099851 0
0.98128152 7.4516187 -0.13342278 0
0.87301731 7.6962337 -0.13411745 0
0.7576468 7.9559326 -0.13485499 0
0.63441515 8.2323227 -0.13563998 0
0.50245738 8.5272455 -0.13647765 0
0.36077666 8.8428221 -0.13737406 0
0.20821834 9.1815071 -0.13833612 0
0.043438673 9.5461626 -0.13937202 0
-0.13513827 9.9401398 -0.14049126 0
4.0429711 -1.7662766 -0.10734744 0
4.0208015 -1.6337899 -0.10772003 0
3.9988825 -1.5051556 -0.10808183 0
3.9844193 -1.4217978 -0.10831627 0
3.9700558 -1.3401202 -0.10854608 0
3.9557822 -1.2600348 -0.10877135 0
3.93453 -1.1428847 -0.109101 0
3.9134145 -1.0285206 -0.1094228 0
3.8994143 -0.9540146 -0.10963248 0
3.8785076 -0.84465998 -0.10994028 0
3.8576753 -0.73755378 -0.11024179 0
-0.17095906 -1.7404416 0.34232116 0
-0.085119843 -1.7172554 0.33401504 0
-0.0028259754 -1.695027 0.32598811 0
0.092354536 -1.669318 0.31662908 0
0.19913492 -1.640476 0.30602178 0
0.3025589 -1.6125411 0.29564172 0
0.3890267 -1.5891861 0.28687322 0
0.48815578 -1.5624118 0.27671647 0
0.58622289 -1.5359244 0.26656446 0
0.68390369 -1.5095419 0.256338 0
3.8369083 -0.63303965 -0.11053604 0
3.816174 -0.53043532 -0.11082494 0
3.8023615 -0.46322095 -0.1110142 0
3.7816386 -0.36403662 -0.1112936 0
3.7608957 -0.26637709 -0.11156869 0
3.7401052 -0.17046189 -0.11183886 0
3.7122841 -0.044664979 -0.11219335 0
3.6913211 0.048258722 -0.11245523 0
3.670234 0.13991708 -0.11271356 0
3.64903 0.23066688 -0.11296937 0
3.6276569 0.32040507 -0.11322239 0
3.5988994 0.43889275 -0.1135565 0
3.577112 0.52700102 -0.113805 0
3.5550787 0.61448205 -0.11405176 0
3.2944562 0.65706438 -0.085645244 0
3.1518898 0.71130395 -0.071137562 0
3.0881503 0.80494851 -0.066961467 0
3.0811398 0.91210783 -0.069765061 0
3.1233888 1.0084535 -0.07785596 0
2.5180798 1.0000174 -0.0088782161 0
3.3928447 1.21927 -0.11575869 0
3.4090333 1.1617796 -0.11559635 0
2.3572853 1.0478187 0.0075914711 0
2.4354532 1.0130287 9.894371e-06 0
3.376471 1.2768433 -0.11592129 0
2.2700667 1.1204023 0.014775902 0
2.2997017 1.0894556 0.012574613 0
2.2266226 1.1894997 0.017088741 0
2.1941938 1.2886288 0.016981721 0
2.193584 1.3863573 0.013298824 0
2.2192497 1.4804857 0.0067839026 0
2.2999337 1.5918949 -0.0065548718 0
3.0707729 2.2650461 -0.11871444 0
3.0386903 2.3611588 -0.11898629 0
3.0167494 2.4261756 -0.11917025 0
2.9829533 2.5252481 -0.1194506 0
2.5964642 2.5467155 -0.077946663 0
2.6964285 2.5610147 -0.089463815 0
2.9482229 2.6259866 -0.1197357 0
2.5248027 2.6026399 -0.072473064 0
2.9244101 2.6943398 -0.11992915 0
2.5098872 2.7227547 -0.075903296 0
2.7696686 3.1267159 -0.12115338 0
2.7416399 3.2030821 -0.12136969 0
2.7128866 3.280869 -0.12158999 0
2.6833725 3.3601575 -0.12181465 0
2.6374824 3.4823103 -0.12216072 0
2.5898674 3.6079171 -0.12251662 0
6.5381289 -3.0849099 -0.11121532 0
6.4665842 -2.9135392 -0.11170161 0
3.0377035 -3.7546859 0.206361 0
3.0441594 -3.6265922 0.20029607 0
6.3983297 -2.7489715 -0.11216843 0
3.0747185 -3.5343006 0.19371665 0
3.1185079 -3.4609878 0.18683657 0
3.1726756 -3.4013753 0.17967494 0
3.2368271 -3.3535893 0.17218582 0
3.5184031 -3.2987285 0.14600685 0
6.3331251 -2.590687 -0.11261746 0
3.3122439 -3.3177588 0.16426544 0
3.4026246 -3.296469 0.15570834 0
6.270751 -2.4382143 -0.11304998 0
6.211009 -2.2911258 -0.11346716 0
6.153718 -2.1490295 -0.11387008 0
6.0987134 -2.0115683 -0.1142599 0
6.0458441 -1.8784148 -0.11463735 0
5.9949722 -1.7492679 -0.11500353 0
5.9459705 -1.6238508 -0.11535901 0
5.8987231 -1.5019083 -0.11570463 0
5.8531222 -1.3832028 -0.11604109 0
-5.1507344 -4.1638212 1.0479457 0
5.8090687 -1.2675165 -0.11636889 0
5.76647 -1.1546454 -0.11668867 0
-5.2349319 -4.0769434 1.0538174 0
5.7252426 -1.0444005 -0.11700103 0
5.6853065 -0.93660426 -0.11730638 0
5.6465888 -0.8310926 -0.11760518 0
5.6090221 -0.72771049 -0.11789799 0
5.5725422 -0.62631273 -0.11818507 0
5.5370898 -0.5267626 -0.11846691 0
5.5026107 -0.42893159 -0.11874387 0
5.4690504 -0.33269835 -0.1190162 0
-0.1615755 -1.7376308 0.43923903 0
-0.075931251 -1.714503 0.42892122 0
0.0061943531 -1.692325 0.41915536 0
0.10120183 -1.6666678 0.40800858 0
0.2078189 -1.6378748 0.39571533 0
0.31111532 -1.6099781 0.38401791 0
0.39750248 -1.5866473 0.37441602 0
0.49656904 -1.5598916 0.36361384 0
0.59460425 -1.5334139 0.35313246 0
0.69228625 -1.507031 0.34291798 0
5.4363632 -0.23794699 -0.11928436 0
5.4045019 -0.14456904 -0.11954862 0
5.3734241 -0.052459717 -0.11980918 0
5.3430891 0.038479686 -0.12006646 0
5.3134589 0.12834418 -0.12032068 0
5.2703352 0.26121616 -0.12069643 0
5.2284489 0.39237845 -0.12106729 0
5.2012978 0.47881752 -0.12131166 0
5.1746907 0.56460333 -0.12155414 0
5.1485991 0.64981258 -0.12179494 0
5.1229982 0.7345196 -0.12203431 0
5.0978613 0.81879663 -0.1222724 0
5.0731654 0.90271533 -0.12250951 0
3.2138124 0.64318192 0.032015771 0
3.1024075 0.72840524 0.038712084 0
3.1444535 0.68381435 0.036492974 0
3.0672331 0.80017757 0.039728224 0
3.0571585 0.90526038 0.037967861 0
3.084197 0.99580801 0.033640265 0
3.1515257 1.0745028 0.026396692 0
2.5265131 1.0025434 0.078226686 0
2.3606181 1.0553224 0.11805001 0
2.443644 1.0154822 0.084609047 0
4.8458624 1.7372189 -0.12486511 0
2.2818208 1.1239231 0.1361782 0
2.3115218 1.0929962 0.13465893 0
4.8246884 1.8216879 -0.12510338 0
2.2383447 1.193011 0.13816269 0
2.206023 1.2921722 0.13916047 0
2.2030578 1.3804048 0.1243574 0
2.2275558 1.4829736 0.092574522 0
2.3086798 1.5945146 0.083781525 0
4.5050449 3.2901769 -0.12924057 0
4.4855003 3.3940282 -0.12953284 0
4.4659128 3.4999931 -0.12983108 0
4.4462633 3.6082203 -0.13013557 0
4.4265347 3.7188661 -0.13044688 0
4.4067078 3.8320992 -0.13076541 0
4.3867621 3.9480987 -0.13109165 0
4.3666773 4.0670571 -0.13142622 0
4.3464308 4.1891804 -0.13176969 0
4.3259993 4.3146911 -0.13212255 0
4.3053584 4.4438281 -0.13248563 0
4.284482 4.5768495 -0.13285959 0
4.2633414 4.714035 -0.13324514 0
4.2419066 4.8556881 -0.13364339 0
4.2201467 5.0021381 -0.13405496 0
4.1980247 5.1537433 -0.13448101 0
4.1755037 5.3108964 -0.13492256 0
4.152544 5.4740257 -0.13538089 0
4.1291003 5.6436009 -0.13585728 0
4.1051235 5.8201418 -0.13635325 0
4.0805616 6.0042157 -0.13687024 0
-3.3316476 6.278204 0.57367128 0
-3.2082081 6.3115425 0.56019843 0
-3.0858157 6.3445978 0.54687792 0
8.4948196 -7.5309072 -0.098590612 0
8.2968788 -7.0932474 -0.099833906 0
8.1148472 -6.6892881 -0.10098138 0
7.9468355 -6.3150134 -0.10204446 0
7.7912426 -5.9670148 -0.10303289 0
7.6467018 -5.6423812 -0.10395488 0
7.5120406 -5.3386154 -0.10481751 0
7.3862443 -5.0535574 -0.10562694 0
7.2684331 -4.7853317 -0.10638869 0
7.1578398 -4.5323033 -0.10710707 0
7.053792 -4.2930379 -0.10778639 0
6.9556971 -4.0662727 -0.10843009 0
6.8630333 -3.8508899 -0.10904148 0
6.7753353 -3.6458995 -0.10962331 0
6.6921911 -3.4504182 -0.11017811 0
6.6132331 -3.2636571 -0.11070815 0
-0.15216142 -1.7348109 0.5364728 0
-0.063617051 -1.7108144 0.55610871 0
0.018282771 -1.688704 0.54401249 0
0.11305833 -1.6631163 0.53046989 0
0.2194567 -1.6343888 0.51591718 0
0.32258219 -1.6065433 0.50245434 0
0.40886122 -1.5832449 0.49173558 0
0.50784397 -1.5565144 0.48006845 0
0.60583651 -1.5300494 0.46914557 0
0.70352 -1.503666 0.45894721 0
3.2598743 0.65297365 0.13713327 0
3.1280723 0.73490977 0.14158922 0
3.1742911 0.69090074 0.14028302 0
3.0910876 0.8066557 0.14207506 0
3.0782692 0.8841942 0.14145771 0
3.0870619 0.94130582 0.14023045 0
3.1171162 1.0060822 0.13795927 0
2.5391941 1.0063419 0.20920333 0
2.3859708 1.0499058 0.22783634 0
2.45596 1.0191714 0.21181785 0
2.293613 1.1274555 0.2579762 0
2.3233802 1.0965483 0.25714123 0
2.2501051 1.1965337 0.25963128 0
2.2178907 1.295727 0.26173741 0
2.216377 1.4019749 0.23551299 0
2.2400453 1.4867147 0.22157495 0
2.3174367 1.5971377 0.17422815 0
-8.0861511 1.420076 1.1977843 0
-8.0633488 1.5659115 1.191371 0
4.0553565 6.1964545 -0.13741019 0
4.0294418 6.3975573 -0.13797498 0
4.002748 6.6083021 -0.13856679 0
3.9751959 6.8295546 -0.13918808 0
-6.5340061 4.1755018 0.95824045 0
-6.3530498 4.22437 0.93703353 0
-6.1778593 4.2716808 0.9165436 0
-6.0080605 4.3175364 0.89672482 0
-5.8433099 4.3620281 0.8775351 0
-5.6900272 4.4101944 0.8595916 0
3.9466965 7.0622864 -0.1398415 0
-5.7443976 4.6123838 0.86187506 0
3.9171515 7.3075871 -0.14053026 0
-5.8012743 4.8239093 0.8643046 0
3.8864493 7.5666842 -0.14125761 0
-5.8799677 5.0612059 0.86872178 0
-5.8100786 5.1820898 0.85885167 0
3.8544655 7.8409672 -0.14202762 0
-5.7634745 5.324564 0.85121024 0
-5.748908 5.4989595 0.84658116 0
3.8210573 8.1320133 -0.1428445 0
-3.4562252 6.2445583 0.5873068 0
-5.8044524 5.7445426 0.84847301 0
3.7860641 8.4416227 -0.14371353 0
3.7493007 8.7718601 -0.14464048 0
3.7105546 9.1250982 -0.14563179 0
3.6695802 9.5040874 -0.14669538 0
3.6260912 9.9120321 -0.14784017 0
3.5797541 10.352679 -0.1490767 0
3.530175 10.830454 -0.1504173 0
3.0537591 -3.749877 0.37219188 0
3.0598841 -3.6218824 0.36270744 0
3.0902617 -3.5296447 0.35425642 0
3.1339526 -3.4563615 0.34635687 0
3.1880839 -3.39676 0.33882189 0
3.2522562 -3.3489678 0.33154631 0
3.5343451 -3.2939532 0.31066754 0
3.3277538 -3.3131132 0.32445949 0
3.4182897 -3.2917764 0.31750965 0
-0.14265096 -1.7319622 0.63470298 0
-0.054277301 -1.7080168 0.65257531 0
0.027451396 -1.6859577 0.63871169 0
0.122051 -1.6604227 0.62335187 0
0.22828349 -1.6317449 0.60708547 0
0.33127934 -1.6039381 0.59228367 0
0.4174763 -1.5806643 0.5807178 0
0.5192861 -1.553087 0.59824908 0
0.61723518 -1.5266351 0.5868783 0
0.71492034 -1.5002512 0.5766961 0
3.2368505 0.76005161 0.24484101 0
3.1809542 0.82974631 0.24489102 0
3.1734786 0.91102606 0.24444315 0
3.2148175 0.9794637 0.24360079 0
2.5519578 1.0101652 0.34103629 0
2.3894017 1.0574389 0.33930838 0
2.4683568 1.0228847 0.33985823 0
2.3015323 1.1298275 0.33977214 0
2.3313441 1.0989338 0.33939669 0
2.258003 1.1988995 0.34120601 0
2.2258606 1.2981143 0.34405643 0
2.22595 1.3960521 0.34759295 0
2.2526166 1.4904803 0.35141873 0
2.3306472 1.6010947 0.31067371 0
-5.1275921 -4.156889 1.286972 0
-5.2117438 -4.0699978 1.2933183 0
-0.13301516 -1.7290759 0.73422825 0
-0.044763625 -1.7051671 0.75083911 0
0.036790907 -1.6831602 0.73517495 0
0.13121116 -1.6576788 0.71796417 0
0.23727468 -1.6290517 0.69995219 0
0.34013849 -1.6012845 0.68378645 0
0.42625195 -1.5780357 0.67135763 0
0.52803653 -1.5504659 0.68862873 0
0.62595248 -1.5240239 0.67691547 0
0.72363877 -1.4976397 0.66674572 0
2.3754127 1.0727646 0.42293051 0
2.30952 1.1322201 0.42227259 0
2.3393764 1.1013398 0.42236057 0
2.265969 1.2012856 0.42348337 0
2.2338994 1.3005223 0.42708445 0
-6.0845408 5.0772967 1.1748337 0
-5.988955 5.1807899 1.1620224 0
-5.9250374 5.3109016 1.1538248 0
-3.4320707 6.2517939 0.83678675 0
-3.3076081 6.2854047 0.8219651 0
-3.1842749 6.3187113 0.80739266 0
-3.061981 6.351737 0.7930572 0
10.121365 -1.03456 -0.11658847 0
9.9884062 -0.84682798 -0.11712646 0
9.8630648 -0.66492701 -0.11764765 0
9.7448034 -0.48829842 -0.11815327 0
9.6331377 -0.31642962 -0.11864483 0
9.5276337 -0.14885163 -0.11912394 0
9.4278975 0.014866829 -0.11959159 0
9.3335752 0.17512655 -0.12004912 0
9.2443447 0.33229947 -0.12049735 0
9.1599178 0.48673248 -0.12093759 0
9.0800295 0.63875151 -0.12137055 0
-0.1231584 -1.7261235 0.8360337 0
-0.035059452 -1.7022603 0.85106874 0
0.04631722 -1.6803067 0.83356816 0
0.14055467 -1.6548802 0.81446934 0
0.24644575 -1.6263046 0.79467678 0
0.34917492 -1.5985777 0.77711987 0
0.43520314 -1.5753545 0.76381087 0
0.53399175 -1.5486821 0.75013781 0
0.63188511 -1.5222468 0.73819125 0
0.72957224 -1.4958624 0.72803003 0
9.0044394 0.78866315 -0.1217972 0
8.9329319 0.93675947 -0.12221825 0
8.8653107 1.0833173 -0.12263483 0
8.8013983 1.2286023 -0.12304741 0
8.7410326 1.3728702 -0.12345672 0
8.6840668 1.5163684 -0.12386358 0
8.3067341 2.8120193 -0.12752336 0
8.2784939 2.9607277 -0.12794197 0
8.2528267 3.1112761 -0.1283654 0
8.2087984 6.0389214 -0.136554 0
-6.4101782 4.9680901 1.219831 0
-6.216095 5.0008693 1.1928551 0
-5.9012766 5.4781528 1.1514599 0
-5.9981985 5.7603068 1.1663864 0
11.118225 -2.3229628 -0.11288697 0
10.924099 -2.0846925 -0.11357248 0
10.742482 -1.8571332 -0.11422676 0
10.572302 -1.6392295 -0.11485296 0
10.412601 -1.4300447 -0.11545378 0
10.26254 -1.228739 -0.11603159 0
-5.1043653 -4.1499319 1.526875 0
-5.1884708 -4.0630264 1.5336974 0
8.2328844 6.2777843 -0.13721949 0
8.2610559 6.5272813 -0.13791412 0
8.293582 6.7884407 -0.13864082 0
8.3307667 7.0624132 -0.13940305 0
8.3729639 7.3504882 -0.14020419 0
8.4205675 7.6541185 -0.14104825 0
-5.0809956 -4.1429319 1.7682481 0
